date,open,high,low,close,volume,Name
2013-02-08,67.7142,68.4014,66.8928,67.8542,158168416,AAPL
2013-02-11,68.0714,69.2771,67.6071,68.5614,129029425,AAPL
2013-02-12,68.5014,68.9114,66.8205,66.8428,151829363,AAPL
2013-02-13,66.7442,67.6628,66.1742,66.7156,118721995,AAPL
2013-02-14,66.3599,67.3771,66.2885,66.6556,88809154,AAPL
2013-02-15,66.9785,67.1656,65.7028,65.7371,97924631,AAPL
2013-02-19,65.8714,66.1042,64.8356,65.7128,108854046,AAPL
2013-02-20,65.3842,65.3842,64.1142,64.1214,118891367,AAPL
2013-02-21,63.7142,64.1671,63.2599,63.7228,111596821,AAPL
2013-02-22,64.1785,64.5142,63.7999,64.4014,82583823,AAPL
2013-02-25,64.8356,65.0171,63.2242,63.2571,92899597,AAPL
2013-02-26,63.4028,64.5056,62.5228,64.1385,125096657,AAPL
2013-02-27,64.0614,64.6342,62.9499,63.5099,146674682,AAPL
2013-02-28,63.4357,63.9814,63.0571,63.0571,80532382,AAPL
2013-03-01,62.5714,62.5971,61.4257,61.4957,137899041,AAPL
2013-03-04,61.1142,61.1714,59.8571,60.0071,145406366,AAPL
2013-03-05,60.2114,62.1699,60.1071,61.5919,159298020,AAPL
2013-03-06,62.0728,62.1785,60.6328,60.8088,114903180,AAPL
2013-03-07,60.6428,61.7157,60.1514,61.5117,116992841,AAPL
2013-03-08,61.3999,62.2042,61.2299,61.6742,97854442,AAPL
2013-03-11,61.3928,62.7157,60.7342,62.5528,118272126,AAPL
2013-03-12,62.2285,62.6971,61.0814,61.2042,116268341,AAPL
2013-03-13,61.2071,62.0714,60.7657,61.1928,101369051,AAPL
2013-03-14,61.8328,62.0914,61.4928,61.7857,75834906,AAPL
2013-03-15,62.5614,63.4614,62.4642,63.3799,160710606,AAPL
2013-03-18,63.0642,65.3514,63.0285,65.1028,150441144,AAPL
2013-03-19,65.6428,65.8528,64.0714,64.9271,131531708,AAPL
2013-03-20,65.3456,65.3756,64.2271,64.5828,77016849,AAPL
2013-03-21,64.3171,65.4256,64.2999,64.6756,95493524,AAPL
2013-03-22,64.9399,66.0142,64.7299,65.9871,98570591,AAPL
2013-03-25,66.3842,67.1356,65.9685,66.2256,125073165,AAPL
2013-03-26,66.4914,66.5485,65.7899,65.8765,73428208,AAPL
2013-03-27,65.2085,65.2571,64.3899,64.5828,81854409,AAPL
2013-03-28,64.2599,64.5455,63.0885,63.2371,110698007,AAPL
2013-04-01,63.1285,63.3854,61.1057,61.2728,97294421,AAPL
2013-04-02,61.0857,62.5914,60.9142,61.3988,132350022,AAPL
2013-04-03,61.6242,62.4685,61.4728,61.7128,90719482,AAPL
2013-04-04,61.9657,62.1428,60.7499,61.1028,89589332,AAPL
2013-04-05,60.6428,60.7071,59.9542,60.4571,95743088,AAPL
2013-04-08,60.6928,61.0714,60.3557,60.8871,75169647,AAPL
2013-04-09,60.9085,61.2142,60.3928,60.9971,76615504,AAPL
2013-04-10,61.1571,62.4371,60.8585,62.2414,93895844,AAPL
2013-04-11,61.9599,62.5699,61.5999,62.0471,82073628,AAPL
2013-04-12,62.0214,62.0214,61.2985,61.3999,59651011,AAPL
2013-04-15,60.9999,61.1271,59.9357,59.9785,79157071,AAPL
2013-04-16,60.2242,60.9442,60.0814,60.8914,76222076,AAPL
2013-04-17,60.0385,60.0857,56.8728,57.5428,236138966,AAPL
2013-04-18,57.8557,57.9699,55.6774,56.0071,166438048,AAPL
2013-04-19,55.4242,57.0857,55.0142,55.7899,152194413,AAPL
2013-04-22,56.0914,57.4571,55.8964,56.9528,107338322,AAPL
2013-04-23,57.7128,58.3401,56.9728,58.0185,160760747,AAPL
2013-04-24,56.2199,59.3214,56.0714,57.9231,242387530,AAPL
2013-04-25,58.7464,59.1342,58.1428,58.3399,95984896,AAPL
2013-04-26,58.5442,59.8241,58.3214,59.6007,191006032,AAPL
2013-04-29,60.0642,61.9452,59.9999,61.4457,159958876,AAPL
2013-04-30,62.1571,63.6071,61.7242,63.2542,172737600,AAPL
2013-05-01,63.4942,63.5614,62.0557,62.7557,126720237,AAPL
2013-05-02,63.1114,64.0842,62.9471,63.6457,105449078,AAPL
2013-05-03,64.4728,64.7471,64.1642,64.2828,90319201,AAPL
2013-05-06,65.1014,66.0285,64.9014,65.8156,124017747,AAPL
2013-05-07,66.4242,66.5356,64.8142,65.5225,120499960,AAPL
2013-05-08,65.5771,66.4814,65.1156,66.2628,118010781,AAPL
2013-05-09,65.6871,66.1428,65.0828,65.2528,99555337,AAPL
2013-05-10,65.4242,65.6728,64.3542,64.7099,83631828,AAPL
2013-05-13,64.5014,65.4142,64.4999,64.9628,79220953,AAPL
2013-05-14,64.8356,65.0285,63.1642,63.4085,111647130,AAPL
2013-05-15,62.7371,62.9999,60.3371,61.2642,185278968,AAPL
2013-05-16,60.4628,62.5499,59.8428,62.0825,150794546,AAPL
2013-05-17,62.7214,62.8699,61.5728,61.8942,106973181,AAPL
2013-05-20,61.7014,63.6857,61.4428,63.2757,112681030,AAPL
2013-05-21,62.5928,63.6399,62.0285,62.8085,113921367,AAPL
2013-05-22,63.4357,64.0499,62.6028,63.0505,110727309,AAPL
2013-05-23,62.2785,63.7371,62.2557,63.1628,88244695,AAPL
2013-05-24,62.9785,63.6657,62.9085,63.5928,69036716,AAPL
2013-05-28,64.2714,64.4442,62.9785,63.0627,96404189,AAPL
2013-05-29,62.8571,63.9285,62.7714,63.5642,82641944,AAPL
2013-05-30,63.6642,64.9285,63.5014,64.5114,88379522,AAPL
2013-05-31,64.6428,65.2999,64.2142,64.2478,95832240,AAPL
2013-06-03,64.3899,64.6228,63.2114,64.3885,92926932,AAPL
2013-06-04,64.7456,64.9185,63.9128,64.1871,72860221,AAPL
2013-06-05,63.6642,64.3885,63.3871,63.5871,72545760,AAPL
2013-06-06,63.6385,63.8571,62.0071,62.6371,104230322,AAPL
2013-06-07,62.3571,63.3199,61.8242,63.1158,101120551,AAPL
2013-06-10,63.5328,64.1541,62.3999,62.6985,112522179,AAPL
2013-06-11,62.2485,63.2514,61.9028,62.5142,71526560,AAPL
2013-06-12,62.7857,63.0357,61.6428,61.7414,66295887,AAPL
2013-06-13,61.7857,62.4485,61.2499,62.2807,71456693,AAPL
2013-06-14,62.1999,62.3271,61.2142,61.4357,67962419,AAPL
2013-06-17,61.6342,62.2428,61.4802,61.7142,64818670,AAPL
2013-06-18,61.6514,62.1285,61.4585,61.6814,48753768,AAPL
2013-06-19,61.6285,61.6657,60.4285,60.4285,77715057,AAPL
2013-06-20,59.8999,60.8542,59.3099,59.5482,89327210,AAPL
2013-06-21,59.7842,59.9999,58.3,59.0714,120286768,AAPL
2013-06-24,58.1999,58.3799,56.8642,57.5057,120104964,AAPL
2013-06-25,57.9571,58.2557,56.9757,57.5185,78534687,AAPL
2013-06-26,57.6999,57.8271,56.5228,56.8671,91924994,AAPL
2013-06-27,57.0357,57.3414,56.2199,56.2542,84297955,AAPL
2013-06-28,55.9085,57.1814,55.5528,56.6471,144619734,AAPL
2013-07-01,57.5271,58.8957,57.3171,58.4599,97743408,AAPL
2013-07-02,58.5657,60.2328,58.4957,59.7842,117442150,AAPL
2013-07-03,60.1228,60.4257,59.6357,60.1142,60232158,AAPL
2013-07-05,60.0557,60.4699,59.3357,59.6314,68505794,AAPL
2013-07-08,60.0157,60.1428,58.6642,59.2928,74521398,AAPL
2013-07-09,59.0857,60.4999,58.6257,60.3357,88142026,AAPL
2013-07-10,59.9428,60.6857,59.7499,60.1042,70107226,AAPL
2013-07-11,60.4214,61.1785,60.1671,61.0411,81571665,AAPL
2013-07-12,61.0928,61.3985,60.4871,60.9299,69882694,AAPL
2013-07-15,60.7157,61.6371,60.6857,61.0628,60478033,AAPL
2013-07-16,60.9314,61.5299,60.5957,61.4564,54033805,AAPL
2013-07-17,61.3857,61.7457,61.1742,61.4728,49743169,AAPL
2013-07-18,61.9114,62.1242,61.5157,61.6797,54696012,AAPL
2013-07-19,61.8714,61.9971,60.6214,60.7071,67174828,AAPL
2013-07-22,61.3514,61.3928,60.7811,60.9014,51946202,AAPL
2013-07-23,60.8571,60.9942,59.8157,59.8557,91062300,AAPL
2013-07-24,62.7042,63.5128,62.1799,62.9299,147978789,AAPL
2013-07-25,62.9571,63.0571,62.2585,62.6428,57371671,AAPL
2013-07-26,62.1857,63.0057,62.0485,62.9985,50031170,AAPL
2013-07-29,62.9714,64.2842,62.8857,63.9699,62021344,AAPL
2013-07-30,64.2799,65.3071,64.1757,64.7599,77257432,AAPL
2013-07-31,64.9985,65.3346,64.2042,64.6471,80637830,AAPL
2013-08-01,65.1075,65.2571,64.7514,65.2394,51461179,AAPL
2013-08-02,65.4299,66.1214,65.2371,66.0771,68467077,AAPL
2013-08-05,66.3842,67.2385,66.0214,67.0642,79589930,AAPL
2013-08-06,66.8599,67.4128,66.0242,66.4642,83715443,AAPL
2013-08-07,66.2571,66.7142,65.9671,66.4256,74663176,AAPL
2013-08-08,66.2649,66.2999,65.4214,65.8585,63946841,AAPL
2013-08-09,65.5199,65.7799,64.8071,64.9214,66772986,AAPL
2013-08-12,65.2656,66.9499,65.2328,66.7656,91008477,AAPL
2013-08-13,67.2771,70.6656,66.8642,69.9385,219634975,AAPL
2013-08-14,71.1256,72.0356,70.4856,71.2142,188602792,AAPL
2013-08-15,70.9171,71.7712,69.869,71.1299,122441893,AAPL
2013-08-16,71.4499,71.8485,71.2656,71.7614,90461889,AAPL
2013-08-19,72.0485,73.3914,71.9999,72.5342,127478547,AAPL
2013-08-20,72.8156,72.9385,71.5456,71.5814,89531771,AAPL
2013-08-21,71.9414,72.4499,71.5999,71.7656,83809726,AAPL
2013-08-22,72.1399,72.2271,71.1714,71.8514,60877852,AAPL
2013-08-23,71.8956,71.9071,71.3356,71.5742,55587686,AAPL
2013-08-26,71.5356,72.8856,71.4999,71.8528,82398085,AAPL
2013-08-27,71.1428,71.7871,69.4714,69.7985,105930335,AAPL
2013-08-28,69.4285,70.8285,69.4285,70.1279,76793066,AAPL
2013-08-29,70.2356,70.9285,70.1614,70.2428,59807748,AAPL
2013-08-30,70.2856,70.4214,69.4999,69.6022,68078395,AAPL
2013-09-03,70.4428,71.5142,69.6214,69.7971,83000148,AAPL
2013-09-04,71.3656,71.7485,70.8971,71.2415,86049453,AAPL
2013-09-05,71.4642,71.5256,70.5199,70.7528,58913211,AAPL
2013-09-06,71.2056,71.3399,69.9928,71.1742,89551595,AAPL
2013-09-09,72.1428,72.5599,71.9256,72.3099,84887432,AAPL
2013-09-10,72.3142,72.4928,69.9285,70.6628,185494435,AAPL
2013-09-11,66.7157,67.6699,66.4014,66.8156,224250866,AAPL
2013-09-12,66.9285,67.9142,66.5728,67.5271,100874816,AAPL
2013-09-13,67.0485,67.4041,66.3856,66.4142,74578903,AAPL
2013-09-16,65.8571,65.9442,63.8885,64.3028,136823442,AAPL
2013-09-17,63.9942,65.6728,63.9285,65.0456,99756489,AAPL
2013-09-18,66.1685,66.6214,65.8085,66.3828,113743049,AAPL
2013-09-19,67.2428,67.9756,67.0356,67.4714,100918377,AAPL
2013-09-20,68.2856,68.3642,66.5714,66.7728,174570949,AAPL
2013-09-23,70.8714,70.9871,68.9428,70.0914,190021706,AAPL
2013-09-24,70.6971,70.7814,69.6885,69.8714,90602953,AAPL
2013-09-25,69.8856,69.9485,68.7757,68.7899,79110192,AAPL
2013-09-26,69.4285,69.7942,69.1285,69.4599,59086559,AAPL
2013-09-27,69.1114,69.2385,68.6742,68.9642,56816676,AAPL
2013-09-30,68.1785,68.8085,67.7729,68.1071,64852879,AAPL
2013-10-01,68.3499,69.8771,68.3401,69.7085,88255013,AAPL
2013-10-02,69.3756,70.2571,69.1071,69.9371,71849680,AAPL
2013-10-03,70.0728,70.3356,68.6769,69.0585,80629248,AAPL
2013-10-04,69.1228,69.2285,68.3714,69.0042,64673329,AAPL
2013-10-07,69.5085,70.3785,69.3356,69.6785,77919884,AAPL
2013-10-08,69.9914,70.0914,68.6485,68.7056,72418815,AAPL
2013-10-09,69.2342,69.6842,68.3256,69.5125,75311488,AAPL
2013-10-10,70.1885,70.3399,69.5771,69.9482,69650490,AAPL
2013-10-11,69.5699,70.5485,69.3085,70.4016,66934938,AAPL
2013-10-14,69.9756,71.0828,69.9071,70.8628,65474542,AAPL
2013-10-15,71.0721,71.7142,70.7885,71.2399,80018603,AAPL
2013-10-16,71.5414,71.7899,71.3185,71.5876,62775013,AAPL
2013-10-17,71.4256,72.1114,71.3828,72.0714,63398335,AAPL
2013-10-18,72.2842,72.7514,72.2442,72.6985,72635570,AAPL
2013-10-21,73.1099,74.8999,73.0742,74.4802,99526945,AAPL
2013-10-22,75.2006,75.4927,72.5756,74.2667,133515753,AAPL
2013-10-23,74.1428,75.0956,74.1428,74.9942,78431122,AAPL
2013-10-24,74.9999,76.0671,74.6356,75.9871,96191095,AAPL
2013-10-25,75.9021,76.1756,75.0156,75.1368,84448133,AAPL
2013-10-28,75.5771,75.8571,74.7442,75.6965,137610123,AAPL
2013-10-29,76.6099,77.0356,73.5056,73.8111,158952115,AAPL
2013-10-30,74.2299,75.3599,73.8599,74.9851,88540697,AAPL
2013-10-31,74.9999,75.3556,74.4671,74.6716,68923785,AAPL
2013-11-01,74.8599,74.9714,73.6914,74.2899,68722304,AAPL
2013-11-04,74.4428,75.2599,74.1156,75.2499,61157033,AAPL
2013-11-05,74.9399,75.5549,74.7142,75.0641,66368071,AAPL
2013-11-06,74.8785,74.9799,74.0285,74.4171,55844152,AAPL
2013-11-07,74.2256,74.7414,73.1971,73.2131,65655100,AAPL
2013-11-08,73.5114,74.4471,73.2271,74.3656,69829543,AAPL
2013-11-11,74.2842,74.5242,73.4871,74.1496,56863303,AAPL
2013-11-12,73.9528,74.8456,73.8571,74.2871,51114651,AAPL
2013-11-13,73.9999,74.6071,73.8514,74.3762,49304927,AAPL
2013-11-14,74.6871,75.6114,74.5528,75.4514,70605087,AAPL
2013-11-15,75.2256,75.5842,74.9271,74.9986,79479764,AAPL
2013-11-18,74.9985,75.3128,74.0285,74.0898,61236224,AAPL
2013-11-19,74.1471,74.7685,73.9956,74.2214,52234707,AAPL
2013-11-20,74.1756,74.3456,73.4756,73.5714,48545798,AAPL
2013-11-21,73.9428,74.4585,73.3814,74.4479,65506861,AAPL
2013-11-22,74.2171,74.5942,74.0756,74.2571,55931232,AAPL
2013-11-25,74.4314,75.1242,74.4285,74.8199,57348403,AAPL
2013-11-26,74.8742,76.5914,74.8571,76.1999,100345728,AAPL
2013-11-27,76.6156,77.9999,76.1999,77.9942,90861841,AAPL
2013-11-29,78.4971,79.7613,78.2585,79.4385,79532215,AAPL
2013-12-02,79.7142,80.6185,78.6885,78.7471,118135885,AAPL
2013-12-03,79.7571,80.9113,79.6685,80.9031,112741734,AAPL
2013-12-04,80.7856,81.3128,80.1171,80.7142,94452666,AAPL
2013-12-05,81.8071,82.1622,80.9156,81.1286,111895315,AAPL
2013-12-06,80.8271,80.9642,79.9385,80.0028,86088352,AAPL
2013-12-09,80.1285,81.3685,80.1285,80.9185,80123533,AAPL
2013-12-10,80.5113,81.1256,80.1713,80.7928,69567610,AAPL
2013-12-11,80.9999,81.5671,79.9556,80.1942,89929693,AAPL
2013-12-12,80.3058,80.7628,80.0042,80.0771,65572318,AAPL
2013-12-13,80.4071,80.4113,79.0956,79.2042,83205283,AAPL
2013-12-16,79.2885,80.3769,79.2871,79.6428,70648452,AAPL
2013-12-17,79.4013,79.9199,79.0535,79.2842,57475649,AAPL
2013-12-18,78.5285,78.7785,76.9714,78.6813,141465807,AAPL
2013-12-19,78.4999,78.5713,77.6757,77.7799,80239369,AAPL
2013-12-20,77.9185,78.8013,77.831,78.4314,109103435,AAPL
2013-12-23,81.1428,81.5313,80.3942,81.4413,125326831,AAPL
2013-12-24,81.4128,81.6971,80.8613,81.0956,41888735,AAPL
2013-12-26,81.1571,81.3571,80.4822,80.5571,51002035,AAPL
2013-12-27,80.5456,80.6299,79.9285,80.0128,56471317,AAPL
2013-12-30,79.6371,80.0128,78.9029,79.2171,63407722,AAPL
2013-12-31,79.1671,80.1828,79.1428,80.1456,55819372,AAPL
2014-01-02,79.3828,79.5756,78.8601,79.0185,58791957,AAPL
2014-01-03,78.9799,79.0999,77.2042,77.2828,98303870,AAPL
2014-01-06,76.7785,78.1142,76.2285,77.7042,103359151,AAPL
2014-01-07,77.7599,77.9942,76.8464,77.1481,79432766,AAPL
2014-01-08,76.9728,77.9371,76.9556,77.6371,64686685,AAPL
2014-01-09,78.1142,78.1228,76.4785,76.6455,69905199,AAPL
2014-01-10,77.1185,77.2571,75.8728,76.1342,76320664,AAPL
2014-01-13,75.7014,77.4999,75.6971,76.5328,94860843,AAPL
2014-01-14,76.8885,78.1042,76.8085,78.0556,83734371,AAPL
2014-01-15,79.0742,80.0285,78.8085,79.6228,98472619,AAPL
2014-01-16,79.2713,79.5499,78.8113,79.1785,57471330,AAPL
2014-01-17,78.7828,78.8671,77.1285,77.2385,108426689,AAPL
2014-01-21,77.2842,78.5813,77.2028,78.4385,82255544,AAPL
2014-01-22,78.702,79.6128,78.2585,78.7871,95219334,AAPL
2014-01-23,78.5628,79.4999,77.8294,79.4542,100978346,AAPL
2014-01-24,79.1428,79.3742,77.8214,78.0099,108384437,AAPL
2014-01-27,78.5813,79.2571,77.9642,78.6428,144219152,AAPL
2014-01-28,72.6799,73.5714,71.7242,72.3571,266833581,AAPL
2014-01-29,71.9928,72.4814,71.2314,71.5356,125942796,AAPL
2014-01-30,71.7914,72.3571,70.9571,71.3974,169762789,AAPL
2014-01-31,70.7399,71.6471,70.5071,71.5142,116336444,AAPL
2014-02-03,71.8014,72.5328,71.3285,71.6471,100620772,AAPL
2014-02-04,72.2642,72.7799,71.8228,72.6842,94273543,AAPL
2014-02-05,72.3656,73.6114,72.3216,73.2271,82322156,AAPL
2014-02-06,72.8656,73.3571,72.5442,73.2156,64497223,AAPL
2014-02-07,74.4828,74.7042,73.9114,74.2399,93638601,AAPL
2014-02-10,74.0942,75.9985,73.9999,75.5699,86451022,AAPL
2014-02-11,75.8014,76.8214,75.6428,76.5656,70672252,AAPL
2014-02-12,76.7071,77.0799,76.1771,76.5599,77127064,AAPL
2014-02-13,76.3799,77.8356,76.3142,77.7756,76960156,AAPL
2014-02-14,77.4956,77.9971,77.3156,77.7128,68468036,AAPL
2014-02-18,77.9999,78.7413,77.9442,77.9985,65306248,AAPL
2014-02-19,77.8214,78.1271,76.3356,76.7671,78554420,AAPL
2014-02-20,76.1414,76.7142,75.5714,75.8785,76529103,AAPL
2014-02-21,76.1132,76.3671,74.9428,75.0356,69757247,AAPL
2014-02-24,74.7356,75.7028,74.6314,75.3642,72364950,AAPL
2014-02-25,75.6256,75.6521,74.4285,74.5799,58247350,AAPL
2014-02-26,74.8014,74.9999,73.6571,73.9071,69131286,AAPL
2014-02-27,73.8771,75.5399,73.7214,75.3814,75557321,AAPL
2014-02-28,75.5828,76.1071,74.5885,75.1771,93074653,AAPL
2014-03-03,74.7742,75.8071,74.6871,75.3942,59667923,AAPL
2014-03-04,75.8571,76.0914,75.3956,75.8914,64884834,AAPL
2014-03-05,75.8456,76.3928,75.5899,76.0514,50065519,AAPL
2014-03-06,76.1128,76.3485,75.4428,75.8214,46423111,AAPL
2014-03-07,75.8699,75.9971,75.1499,75.7771,55415241,AAPL
2014-03-10,75.4799,76.1899,75.4769,75.8456,44691430,AAPL
2014-03-11,76.4928,76.9628,76.0842,76.5842,70198849,AAPL
2014-03-12,76.3585,76.7642,75.9999,76.6585,50195460,AAPL
2014-03-13,76.7771,77.0942,75.5942,75.8071,64435609,AAPL
2014-03-14,75.5414,75.8414,74.7142,74.9556,59299492,AAPL
2014-03-17,75.3856,75.7099,75.1214,75.2485,49886074,AAPL
2014-03-18,75.1285,75.9956,75.0285,75.9142,52411863,AAPL
2014-03-19,76.0371,76.6056,75.5714,75.8942,56188958,AAPL
2014-03-20,75.6985,76.0956,75.3356,75.5285,52099537,AAPL
2014-03-21,75.9899,76.2499,75.1899,76.1242,93612169,AAPL
2014-03-24,76.9171,77.2142,76.4371,77.0271,88924871,AAPL
2014-03-25,77.3571,77.9642,77.0842,77.8556,70573356,AAPL
2014-03-26,78.0742,78.4285,76.9799,77.1114,74942224,AAPL
2014-03-27,77.1449,77.3571,76.4457,76.7799,55507676,AAPL
2014-03-28,76.9028,76.9913,76.3214,76.6942,50141063,AAPL
2014-03-31,77.0328,77.2585,76.5614,76.6771,42167188,AAPL
2014-04-01,76.8228,77.4099,76.6814,77.3785,50189685,AAPL
2014-04-02,77.4828,77.6399,77.1799,77.5071,44792195,AAPL
2014-04-03,77.3414,77.4999,76.8056,76.9699,40648111,AAPL
2014-04-04,77.1156,77.1428,75.7971,75.9742,68812485,AAPL
2014-04-07,75.4314,75.8428,74.5556,74.7814,72462530,AAPL
2014-04-08,75.0271,75.1599,74.0999,74.7771,60971883,AAPL
2014-04-09,74.6628,75.7842,74.5742,75.7599,51542722,AAPL
2014-04-10,75.8114,76.0342,74.7385,74.7828,59912818,AAPL
2014-04-11,74.1428,74.6899,73.8771,74.2299,67975012,AAPL
2014-04-14,74.5571,74.5942,73.8871,74.5256,51445177,AAPL
2014-04-15,74.3242,74.5199,73.0471,73.9942,66622577,AAPL
2014-04-16,74.0071,74.4414,73.4478,74.1442,53732994,AAPL
2014-04-17,74.2856,75.3942,74.1714,74.9914,71106721,AAPL
2014-04-21,75.0485,76.0199,74.8514,75.8814,45668931,AAPL
2014-04-22,75.4728,75.9751,75.2144,75.9569,50664453,AAPL
2014-04-23,75.5799,75.8756,74.9214,74.9642,98735259,AAPL
2014-04-24,81.1728,81.4285,80.1042,81.1099,189978082,AAPL
2014-04-25,80.6471,81.7128,80.5656,81.7056,97568814,AAPL
2014-04-28,81.8285,85.1071,81.7928,84.8699,167371680,AAPL
2014-04-29,84.8199,85.1399,84.2156,84.6185,84344673,AAPL
2014-04-30,84.6628,85.6328,84.2571,84.2985,114220883,AAPL
2014-05-01,84.5713,84.9713,83.7656,84.4971,61052418,AAPL
2014-05-02,84.6199,84.8856,84.2442,84.6542,47878572,AAPL
2014-05-05,84.3056,85.8571,84.2856,85.8513,71766758,AAPL
2014-05-06,85.9713,86.3442,84.9156,84.9156,93641373,AAPL
2014-05-07,85.0356,85.3271,83.9613,84.6185,70715988,AAPL
2014-05-08,84.0356,84.9156,83.7713,83.9985,57574363,AAPL
2014-05-09,83.5056,83.7499,82.9042,83.6488,72899498,AAPL
2014-05-12,83.9271,84.8085,83.9142,84.6899,53324677,AAPL
2014-05-13,84.5713,84.9342,84.3856,84.8228,39934594,AAPL
2014-05-14,84.6328,85.3428,84.5342,84.8385,41600846,AAPL
2014-05-15,84.9571,85.2285,84.0056,84.1171,57711731,AAPL
2014-05-16,84.0899,85.3613,83.6285,85.3585,69091834,AAPL
2014-05-19,85.4071,86.7613,85.3328,86.3699,79439024,AAPL
2014-05-20,86.3585,86.6285,85.8185,86.3871,58708986,AAPL
2014-05-21,86.2613,86.6713,86.0085,86.6156,49249914,AAPL
2014-05-22,86.6571,87.1213,86.2999,86.7528,50218945,AAPL
2014-05-23,86.7499,87.8184,86.6385,87.7328,58052491,AAPL
2014-05-27,87.9828,89.4085,87.9471,89.3756,87216605,AAPL
2014-05-28,89.4313,89.9756,89.1113,89.1442,78921885,AAPL
2014-05-29,89.6928,90.9813,89.6813,90.7685,94118633,AAPL
2014-05-30,91.1399,92.0242,89.8428,90.4285,141005137,AAPL
2014-06-02,90.5656,90.6899,88.9285,89.8071,92337903,AAPL
2014-06-03,89.7799,91.2485,89.7499,91.0771,73231620,AAPL
2014-06-04,91.0628,92.5556,90.8728,92.1171,83870521,AAPL
2014-06-05,92.3142,92.767,91.8013,92.4785,75951141,AAPL
2014-06-06,92.8428,93.037,92.0671,92.2242,87620911,AAPL
2014-06-09,92.7,93.88,91.75,93.7,75414804,AAPL
2014-06-10,94.73,95.05,93.57,94.25,62777042,AAPL
2014-06-11,94.13,94.76,93.47,93.86,45681114,AAPL
2014-06-12,94.04,94.12,91.9,92.29,54748791,AAPL
2014-06-13,92.2,92.44,90.88,91.28,54525280,AAPL
2014-06-16,91.51,92.75,91.45,92.2,35561270,AAPL
2014-06-17,92.31,92.7,91.8,92.08,29726347,AAPL
2014-06-18,92.27,92.29,91.35,92.18,33514108,AAPL
2014-06-19,92.29,92.3,91.3389,91.86,35527686,AAPL
2014-06-20,91.85,92.55,90.9,90.91,100898066,AAPL
2014-06-23,91.32,91.62,90.6,90.83,43694391,AAPL
2014-06-24,90.75,91.74,90.19,90.28,39036087,AAPL
2014-06-25,90.21,90.7,89.65,90.36,36868541,AAPL
2014-06-26,90.37,91.05,89.8,90.9,32629359,AAPL
2014-06-27,90.82,92.0,90.77,91.98,64028803,AAPL
2014-06-30,92.1,93.725,92.09,92.93,49589028,AAPL
2014-07-01,93.52,94.07,93.13,93.52,38223477,AAPL
2014-07-02,93.865,94.06,93.09,93.48,28465073,AAPL
2014-07-03,93.67,94.1,93.2,94.03,22891753,AAPL
2014-07-07,94.14,95.99,94.1,95.968,56467939,AAPL
2014-07-08,96.27,96.8,93.92,95.35,65221678,AAPL
2014-07-09,95.44,95.95,94.76,95.39,36436440,AAPL
2014-07-10,93.76,95.55,93.52,95.035,39685552,AAPL
2014-07-11,95.36,95.89,94.8625,95.22,34018228,AAPL
2014-07-14,95.86,96.89,95.65,96.45,42810155,AAPL
2014-07-15,96.8,96.85,95.03,95.32,45696176,AAPL
2014-07-16,96.97,97.1,94.74,94.78,53502415,AAPL
2014-07-17,95.03,95.279,92.57,93.0899,57298243,AAPL
2014-07-18,93.62,94.74,93.02,94.43,49987593,AAPL
2014-07-21,94.99,95.0,93.72,93.939,39079002,AAPL
2014-07-22,94.68,94.89,94.12,94.72,55196597,AAPL
2014-07-23,95.42,97.88,95.17,97.19,92917719,AAPL
2014-07-24,97.035,97.32,96.42,97.03,45728843,AAPL
2014-07-25,96.85,97.84,96.64,97.671,43469117,AAPL
2014-07-28,97.82,99.24,97.55,99.02,55317689,AAPL
2014-07-29,99.33,99.44,98.25,98.38,43143095,AAPL
2014-07-30,98.44,98.7,97.67,98.15,33010001,AAPL
2014-07-31,97.16,97.45,95.33,95.6,56842647,AAPL
2014-08-01,94.9,96.62,94.81,96.13,48511286,AAPL
2014-08-04,96.37,96.58,95.17,95.59,39958144,AAPL
2014-08-05,95.36,95.68,94.36,95.12,55932663,AAPL
2014-08-06,94.75,95.48,94.71,94.96,38558342,AAPL
2014-08-07,94.93,95.95,94.1,94.48,46711179,AAPL
2014-08-08,94.26,94.82,93.28,94.74,41865193,AAPL
2014-08-11,95.27,96.08,94.8355,95.99,36584844,AAPL
2014-08-12,96.04,96.88,95.61,95.97,33795352,AAPL
2014-08-13,96.15,97.24,96.04,97.24,31866088,AAPL
2014-08-14,97.33,97.57,96.8,97.5,28115566,AAPL
2014-08-15,97.9,98.19,96.86,97.98,48951331,AAPL
2014-08-18,98.49,99.37,97.98,99.16,47572413,AAPL
2014-08-19,99.41,100.68,99.32,100.53,69399270,AAPL
2014-08-20,100.44,101.09,99.95,100.57,52699192,AAPL
2014-08-21,100.57,100.94,100.11,100.58,33478198,AAPL
2014-08-22,100.29,101.47,100.19,101.32,44183834,AAPL
2014-08-25,101.79,102.17,101.28,101.54,40270173,AAPL
2014-08-26,101.42,101.5,100.86,100.889,33151984,AAPL
2014-08-27,101.02,102.57,100.7,102.13,52369011,AAPL
2014-08-28,101.59,102.78,101.56,102.25,68459801,AAPL
2014-08-29,102.86,102.9,102.2,102.5,44595247,AAPL
2014-09-02,103.06,103.74,102.72,103.3,53564262,AAPL
2014-09-03,103.1,103.2,98.58,98.94,125420521,AAPL
2014-09-04,98.85,100.09,97.79,98.12,85718221,AAPL
2014-09-05,98.8,99.39,98.31,98.97,58457035,AAPL
2014-09-08,99.3,99.31,98.05,98.36,46356742,AAPL
2014-09-09,99.08,103.08,96.14,97.99,189846255,AAPL
2014-09-10,98.01,101.11,97.76,101.0,100869587,AAPL
2014-09-11,100.41,101.44,99.62,101.43,62399743,AAPL
2014-09-12,101.21,102.19,101.08,101.66,64096903,AAPL
2014-09-15,102.81,103.05,101.44,101.63,61316516,AAPL
2014-09-16,99.8,101.26,98.89,100.86,66908133,AAPL
2014-09-17,101.27,101.8,100.5922,101.58,60926498,AAPL
2014-09-18,101.93,102.35,101.56,101.79,37299435,AAPL
2014-09-19,102.29,102.35,100.88,100.96,70902406,AAPL
2014-09-22,101.8,102.14,100.58,101.06,52788426,AAPL
2014-09-23,100.6,102.94,100.54,102.64,63402196,AAPL
2014-09-24,102.16,102.85,101.2,101.75,60171828,AAPL
2014-09-25,100.51,100.71,97.72,97.87,100091990,AAPL
2014-09-26,98.53,100.75,98.4,100.75,62370501,AAPL
2014-09-29,98.65,100.435,98.63,100.11,49766312,AAPL
2014-09-30,100.81,101.54,100.53,100.75,55264139,AAPL
2014-10-01,100.59,100.69,98.7,99.18,51491286,AAPL
2014-10-02,99.27,100.22,98.04,99.9,47757828,AAPL
2014-10-03,99.44,100.21,99.04,99.62,43469585,AAPL
2014-10-06,99.95,100.65,99.42,99.62,37051182,AAPL
2014-10-07,99.43,100.12,98.73,98.75,42094183,AAPL
2014-10-08,98.76,101.11,98.31,100.8,57404674,AAPL
2014-10-09,101.54,102.38,100.61,101.02,77376525,AAPL
2014-10-10,100.69,102.03,100.3,100.73,66331592,AAPL
2014-10-13,101.33,101.78,99.81,99.81,53583368,AAPL
2014-10-14,100.39,100.52,98.57,98.75,63688562,AAPL
2014-10-15,97.97,99.15,95.18,97.54,100933600,AAPL
2014-10-16,95.55,97.72,95.41,96.26,72154523,AAPL
2014-10-17,97.5,99.0,96.81,97.67,68179688,AAPL
2014-10-20,98.315,99.96,98.22,99.76,77517279,AAPL
2014-10-21,103.02,103.02,101.27,102.47,94623904,AAPL
2014-10-22,102.84,104.11,102.6,102.99,68263146,AAPL
2014-10-23,104.08,105.051,103.63,104.83,71074674,AAPL
2014-10-24,105.18,105.49,104.53,105.22,47053916,AAPL
2014-10-27,104.85,105.48,104.7,105.11,34187701,AAPL
2014-10-28,105.4,106.74,105.35,106.74,48060949,AAPL
2014-10-29,106.65,107.37,106.36,107.34,52687879,AAPL
2014-10-30,106.959,107.35,105.9,106.98,40654793,AAPL
2014-10-31,108.01,108.04,107.21,108.0,44639285,AAPL
2014-11-03,108.22,110.3,108.01,109.4,52282550,AAPL
2014-11-04,109.36,109.49,107.72,108.6,41574365,AAPL
2014-11-05,109.1,109.3,108.125,108.86,37435905,AAPL
2014-11-06,108.6,108.79,107.8,108.7,34968457,AAPL
2014-11-07,108.75,109.32,108.55,109.01,33691535,AAPL
2014-11-10,109.02,109.33,108.67,108.83,27195547,AAPL
2014-11-11,108.7,109.75,108.4,109.7,27442252,AAPL
2014-11-12,109.38,111.43,109.37,111.25,46942431,AAPL
2014-11-13,111.8,113.45,111.6,112.82,59522855,AAPL
2014-11-14,113.15,114.19,113.05,114.18,44063595,AAPL
2014-11-17,114.27,117.28,113.3,113.99,46746712,AAPL
2014-11-18,113.94,115.69,113.89,115.47,44223978,AAPL
2014-11-19,115.44,115.74,113.8,114.67,41869160,AAPL
2014-11-20,114.91,116.86,114.85,116.31,43395537,AAPL
2014-11-21,117.51,117.57,116.03,116.47,57179298,AAPL
2014-11-24,116.85,118.77,116.62,118.625,47450824,AAPL
2014-11-25,119.07,119.75,117.45,117.6,68840440,AAPL
2014-11-26,117.94,119.1,117.83,119.0,40831886,AAPL
2014-11-28,119.27,119.4,118.05,118.93,24814402,AAPL
2014-12-01,118.81,119.25,111.27,115.07,83814037,AAPL
2014-12-02,113.5,115.75,112.75,114.63,59348940,AAPL
2014-12-03,115.75,116.35,115.11,115.93,43063440,AAPL
2014-12-04,115.77,117.2,115.29,115.49,42155776,AAPL
2014-12-05,115.99,116.08,114.64,115.0,38318895,AAPL
2014-12-08,114.1,114.648,111.62,112.4,57664850,AAPL
2014-12-09,110.19,114.3,109.35,114.12,60208036,AAPL
2014-12-10,114.41,114.85,111.54,111.95,44565318,AAPL
2014-12-11,112.26,113.8,111.34,111.62,41471578,AAPL
2014-12-12,110.46,111.87,109.58,109.73,56028138,AAPL
2014-12-15,110.7,111.6,106.35,108.225,67218082,AAPL
2014-12-16,106.37,110.16,106.26,106.745,60790733,AAPL
2014-12-17,107.12,109.84,106.82,109.41,53411773,AAPL
2014-12-18,111.87,112.65,110.66,112.65,59006218,AAPL
2014-12-19,112.26,113.24,111.66,111.78,88429770,AAPL
2014-12-22,112.16,113.49,111.97,112.94,45167549,AAPL
2014-12-23,113.23,113.33,112.46,112.54,26028419,AAPL
2014-12-24,112.58,112.71,112.01,112.01,14479611,AAPL
2014-12-26,112.1,114.52,112.01,113.99,33720951,AAPL
2014-12-29,113.79,114.77,113.7,113.91,27598920,AAPL
2014-12-30,113.64,113.92,112.11,112.52,29881477,AAPL
2014-12-31,112.82,113.13,110.21,110.38,41403351,AAPL
2015-01-02,111.39,111.44,107.35,109.33,53204626,AAPL
2015-01-05,108.29,108.65,105.41,106.25,64285491,AAPL
2015-01-06,106.54,107.43,104.63,106.26,65797116,AAPL
2015-01-07,107.2,108.2,106.695,107.75,40105934,AAPL
2015-01-08,109.23,112.15,108.7,111.89,59364547,AAPL
2015-01-09,112.67,113.25,110.21,112.01,53699527,AAPL
2015-01-12,112.6,112.63,108.8,109.25,49650790,AAPL
2015-01-13,111.43,112.8,108.91,110.22,67091928,AAPL
2015-01-14,109.04,110.49,108.5,109.8,48956588,AAPL
2015-01-15,110.0,110.06,106.66,106.82,60013996,AAPL
2015-01-16,107.03,107.58,105.2,105.99,78513345,AAPL
2015-01-20,107.84,108.9667,106.5,108.72,49899907,AAPL
2015-01-21,108.95,111.06,108.27,109.55,48575897,AAPL
2015-01-22,110.26,112.47,109.72,112.4,53796409,AAPL
2015-01-23,112.3,113.75,111.53,112.98,46464828,AAPL
2015-01-26,113.74,114.3626,112.8,113.1,55614979,AAPL
2015-01-27,112.42,112.48,109.03,109.14,95568749,AAPL
2015-01-28,117.625,118.12,115.31,115.31,146477063,AAPL
2015-01-29,116.32,119.19,115.56,118.9,84436432,AAPL
2015-01-30,118.4,120.0,116.85,117.16,83745461,AAPL
2015-02-02,118.05,119.17,116.08,118.63,62739100,AAPL
2015-02-03,118.5,119.09,117.61,118.65,51915749,AAPL
2015-02-04,118.5,120.51,118.309,119.56,70149743,AAPL
2015-02-05,120.02,120.23,119.25,119.94,42246245,AAPL
2015-02-06,120.02,120.25,118.45,118.93,43706567,AAPL
2015-02-09,118.55,119.84,118.43,119.72,38889797,AAPL
2015-02-10,120.17,122.15,120.16,122.02,62008506,AAPL
2015-02-11,122.77,124.92,122.5,124.88,73561797,AAPL
2015-02-12,126.06,127.48,125.57,126.46,74474466,AAPL
2015-02-13,127.28,127.28,125.65,127.08,54272219,AAPL
2015-02-17,127.49,128.88,126.92,127.83,63152405,AAPL
2015-02-18,127.625,128.78,127.45,128.715,44891737,AAPL
2015-02-19,128.48,129.03,128.33,128.45,37362381,AAPL
2015-02-20,128.62,129.5,128.05,129.495,48948419,AAPL
2015-02-23,130.02,133.0,129.66,133.0,70974110,AAPL
2015-02-24,132.94,133.6,131.17,132.17,69228130,AAPL
2015-02-25,131.56,131.6,128.15,128.79,74711746,AAPL
2015-02-26,128.785,130.87,126.61,130.415,91287529,AAPL
2015-02-27,130.0,130.57,128.24,128.46,62014847,AAPL
2015-03-02,129.25,130.28,128.3,129.09,48096663,AAPL
2015-03-03,128.96,129.52,128.09,129.36,37816283,AAPL
2015-03-04,129.1,129.56,128.32,128.54,31666340,AAPL
2015-03-05,128.58,128.75,125.76,126.41,56517146,AAPL
2015-03-06,128.4,129.37,126.26,126.6,72842060,AAPL
2015-03-09,127.96,129.57,125.06,127.14,88528487,AAPL
2015-03-10,126.41,127.22,123.8,124.51,68856582,AAPL
2015-03-11,124.75,124.77,122.11,122.24,68938974,AAPL
2015-03-12,122.31,124.9,121.63,124.45,48362719,AAPL
2015-03-13,124.4,125.3951,122.58,123.59,51827283,AAPL
2015-03-16,123.88,124.95,122.87,124.95,35874300,AAPL
2015-03-17,125.9,127.32,125.65,127.04,51023104,AAPL
2015-03-18,127.0,129.16,126.37,128.47,65270945,AAPL
2015-03-19,128.75,129.2451,127.4,127.495,45809490,AAPL
2015-03-20,128.25,128.4,125.16,125.9,68695136,AAPL
2015-03-23,127.12,127.85,126.52,127.21,37709674,AAPL
2015-03-24,127.23,128.04,126.56,126.69,32842304,AAPL
2015-03-25,126.54,126.82,123.38,123.38,51655177,AAPL
2015-03-26,122.76,124.88,122.6,124.24,47572869,AAPL
2015-03-27,124.57,124.7,122.91,123.25,39546151,AAPL
2015-03-30,124.05,126.4,124.0,126.37,47099670,AAPL
2015-03-31,126.09,126.49,124.355,124.43,42090553,AAPL
2015-04-01,124.82,125.12,123.1,124.25,40621437,AAPL
2015-04-02,125.03,125.56,124.19,125.32,32220131,AAPL
2015-04-06,124.47,127.51,124.33,127.35,37193975,AAPL
2015-04-07,127.64,128.1218,125.98,126.01,35012268,AAPL
2015-04-08,125.85,126.4,124.97,125.6,37329243,AAPL
2015-04-09,125.85,126.58,124.66,126.56,32483974,AAPL
2015-04-10,125.95,127.21,125.26,127.1,40187953,AAPL
2015-04-13,128.37,128.57,126.61,126.85,36365123,AAPL
2015-04-14,127.0,127.29,125.91,126.3,25524593,AAPL
2015-04-15,126.41,127.13,126.01,126.78,28970419,AAPL
2015-04-16,126.28,127.1,126.11,126.17,28368987,AAPL
2015-04-17,125.55,126.14,124.46,124.75,51957046,AAPL
2015-04-20,125.57,128.12,125.17,127.6,47054310,AAPL
2015-04-21,128.1,128.2,126.67,126.91,32435057,AAPL
2015-04-22,126.99,128.87,126.32,128.62,37654505,AAPL
2015-04-23,128.3,130.42,128.14,129.67,45770902,AAPL
2015-04-24,130.49,130.63,129.23,130.28,44525905,AAPL
2015-04-27,132.31,133.13,131.15,132.65,96954207,AAPL
2015-04-28,134.455,134.54,129.57,130.56,118923970,AAPL
2015-04-29,130.16,131.59,128.3,128.64,63386083,AAPL
2015-04-30,127.5,127.88,124.58,125.15,83195423,AAPL
2015-05-01,126.1,130.13,125.3,128.95,58512638,AAPL
2015-05-04,129.5,130.57,128.26,128.7,50988278,AAPL
2015-05-05,128.15,128.4498,125.78,125.8,49271416,AAPL
2015-05-06,126.56,126.75,123.36,125.01,72141010,AAPL
2015-05-07,124.77,126.08,124.02,125.26,43940895,AAPL
2015-05-08,126.68,127.62,126.11,127.62,55550382,AAPL
2015-05-11,127.39,127.56,125.625,126.32,42035757,AAPL
2015-05-12,125.6,126.88,124.82,125.865,48160032,AAPL
2015-05-13,126.15,127.19,125.87,126.01,34694235,AAPL
2015-05-14,127.41,128.95,127.16,128.95,45203456,AAPL
2015-05-15,129.07,129.49,128.21,128.77,38208034,AAPL
2015-05-18,128.38,130.72,128.36,130.19,50882918,AAPL
2015-05-19,130.69,130.88,129.64,130.07,44633240,AAPL
2015-05-20,130.0,130.98,129.34,130.06,36454932,AAPL
2015-05-21,130.07,131.63,129.83,131.39,39730364,AAPL
2015-05-22,131.6,132.97,131.4,132.54,45595972,AAPL
2015-05-26,132.6,132.91,129.12,129.62,70697560,AAPL
2015-05-27,130.34,132.26,130.05,132.045,45833246,AAPL
2015-05-28,131.86,131.95,131.1,131.78,30733309,AAPL
2015-05-29,131.23,131.45,129.9,130.28,50884452,AAPL
2015-06-01,131.2,131.39,130.05,130.535,32112797,AAPL
2015-06-02,129.86,130.655,129.32,129.96,33667627,AAPL
2015-06-03,130.66,130.94,129.9,130.12,30983542,AAPL
2015-06-04,129.58,130.58,128.91,129.36,38450118,AAPL
2015-06-05,129.5,129.69,128.36,128.65,35626800,AAPL
2015-06-08,128.9,129.21,126.83,127.8,52674786,AAPL
2015-06-09,126.7,128.08,125.62,127.42,56075420,AAPL
2015-06-10,127.92,129.34,127.85,128.88,39087250,AAPL
2015-06-11,129.18,130.18,128.475,128.59,35390887,AAPL
2015-06-12,128.185,128.33,127.11,127.17,36886246,AAPL
2015-06-15,126.1,127.24,125.71,126.92,43988946,AAPL
2015-06-16,127.03,127.85,126.37,127.6,31494131,AAPL
2015-06-17,127.72,127.88,126.74,127.3,32918071,AAPL
2015-06-18,127.23,128.31,127.22,127.88,35407220,AAPL
2015-06-19,127.71,127.82,126.4,126.6,54716887,AAPL
2015-06-22,127.49,128.06,127.08,127.61,34039345,AAPL
2015-06-23,127.48,127.61,126.8792,127.03,30268863,AAPL
2015-06-24,127.21,129.8,127.12,128.11,55280855,AAPL
2015-06-25,128.86,129.2,127.5,127.5,31938100,AAPL
2015-06-26,127.67,127.99,126.51,126.75,44066841,AAPL
2015-06-29,125.46,126.47,124.48,124.53,49161427,AAPL
2015-06-30,125.57,126.12,124.86,125.425,44370682,AAPL
2015-07-01,126.9,126.94,125.99,126.6,30238811,AAPL
2015-07-02,126.43,126.69,125.77,126.44,27210952,AAPL
2015-07-06,124.94,126.23,124.85,126.0,28060431,AAPL
2015-07-07,125.89,126.15,123.77,125.69,46946811,AAPL
2015-07-08,124.48,124.64,122.54,122.57,60761614,AAPL
2015-07-09,123.85,124.06,119.22,120.07,78595038,AAPL
2015-07-10,121.94,123.85,121.21,123.28,61354474,AAPL
2015-07-13,125.03,125.755,124.32,125.66,41440538,AAPL
2015-07-14,126.04,126.37,125.04,125.61,31768139,AAPL
2015-07-15,125.72,127.15,125.58,126.82,33649200,AAPL
2015-07-16,127.74,128.57,127.35,128.51,36222447,AAPL
2015-07-17,129.08,129.62,128.31,129.62,46164710,AAPL
2015-07-20,130.97,132.97,130.7,132.07,58900203,AAPL
2015-07-21,132.85,132.92,130.32,130.75,76756427,AAPL
2015-07-22,121.99,125.5,121.99,125.22,115450607,AAPL
2015-07-23,126.2,127.09,125.06,125.16,50999452,AAPL
2015-07-24,125.32,125.74,123.9,124.5,42162332,AAPL
2015-07-27,123.09,123.61,122.12,122.77,44455540,AAPL
2015-07-28,123.38,123.91,122.55,123.38,33618097,AAPL
2015-07-29,123.15,123.5,122.27,122.99,37011653,AAPL
2015-07-30,122.32,122.5699,121.71,122.37,33628268,AAPL
2015-07-31,122.6,122.6425,120.91,121.3,42884953,AAPL
2015-08-03,121.5,122.57,117.52,118.44,69975968,AAPL
2015-08-04,117.42,117.7,113.25,114.64,124138623,AAPL
2015-08-05,112.95,117.44,112.1,115.4,99312613,AAPL
2015-08-06,115.97,116.5,114.115,115.13,52903040,AAPL
2015-08-07,114.58,116.25,114.5,115.52,38670405,AAPL
2015-08-10,116.53,119.99,116.53,119.72,54951597,AAPL
2015-08-11,117.81,118.18,113.33,113.49,97082814,AAPL
2015-08-12,112.53,115.42,109.63,115.24,101685610,AAPL
2015-08-13,116.04,116.4,114.54,115.15,48535789,AAPL
2015-08-14,114.32,116.31,114.01,115.96,42929516,AAPL
2015-08-17,116.04,117.65,115.5,117.16,40884745,AAPL
2015-08-18,116.43,117.44,116.01,116.5,34560708,AAPL
2015-08-19,116.1,116.52,114.68,115.01,48286510,AAPL
2015-08-20,114.08,114.35,111.63,112.65,68501622,AAPL
2015-08-21,110.43,111.9,105.645,105.76,128275471,AAPL
2015-08-24,94.87,108.8,92.0,103.12,162206292,AAPL
2015-08-25,111.11,111.11,103.5,103.74,103601599,AAPL
2015-08-26,107.085,109.89,105.05,109.69,96774611,AAPL
2015-08-27,112.25,113.24,110.02,112.92,84616056,AAPL
2015-08-28,112.17,113.31,111.54,113.29,53164407,AAPL
2015-08-31,112.13,114.53,112.0,112.76,56229271,AAPL
2015-09-01,110.18,111.88,107.36,107.72,76845860,AAPL
2015-09-02,110.0,112.34,109.131,112.34,61888812,AAPL
2015-09-03,112.49,112.78,110.04,110.37,53233940,AAPL
2015-09-04,108.97,110.45,108.51,109.27,49996311,AAPL
2015-09-08,111.65,112.56,110.32,112.31,54843626,AAPL
2015-09-09,113.76,114.02,109.77,110.15,85010804,AAPL
2015-09-10,110.27,113.2825,109.9,112.57,62892831,AAPL
2015-09-11,111.79,114.21,111.76,114.21,49915473,AAPL
2015-09-14,116.58,116.89,114.86,115.31,58363431,AAPL
2015-09-15,115.93,116.53,114.42,116.28,43341155,AAPL
2015-09-16,116.25,116.54,115.44,116.41,37173489,AAPL
2015-09-17,115.66,116.49,113.715,113.92,64112641,AAPL
2015-09-18,112.21,114.3,111.87,113.45,74285291,AAPL
2015-09-21,113.67,115.37,113.66,115.21,50221965,AAPL
2015-09-22,113.38,114.18,112.5201,113.4,50346159,AAPL
2015-09-23,113.63,114.72,113.3,114.32,35756716,AAPL
2015-09-24,113.25,115.5,112.37,115.0,50219475,AAPL
2015-09-25,116.44,116.69,114.02,114.71,56151926,AAPL
2015-09-28,113.85,114.57,112.44,112.44,52109011,AAPL
2015-09-29,112.83,113.51,107.86,109.06,73365384,AAPL
2015-09-30,110.17,111.54,108.73,110.3,66473033,AAPL
2015-10-01,109.07,109.62,107.31,109.58,63929100,AAPL
2015-10-02,108.01,111.0136,107.55,110.38,58019758,AAPL
2015-10-05,109.88,111.3698,109.07,110.78,52064743,AAPL
2015-10-06,110.63,111.74,109.765,111.31,48856977,AAPL
2015-10-07,111.74,111.77,109.41,110.78,46765550,AAPL
2015-10-08,110.19,110.19,108.21,109.5,61979577,AAPL
2015-10-09,110.0,112.28,109.49,112.12,52766140,AAPL
2015-10-12,112.73,112.75,111.44,111.6,30467204,AAPL
2015-10-13,110.82,112.45,110.68,111.79,33049256,AAPL
2015-10-14,111.29,111.52,109.56,110.21,44462449,AAPL
2015-10-15,110.93,112.1,110.49,111.86,37673452,AAPL
2015-10-16,111.78,112.0,110.53,111.04,39232609,AAPL
2015-10-19,110.8,111.75,110.11,111.73,29759153,AAPL
2015-10-20,111.34,114.17,110.82,113.77,48967763,AAPL
2015-10-21,114.0,115.58,113.7,113.76,42326974,AAPL
2015-10-22,114.33,115.5,114.1,115.5,41654089,AAPL
2015-10-23,116.7,119.228,116.33,119.08,59366914,AAPL
2015-10-26,118.08,118.13,114.92,115.28,66333781,AAPL
2015-10-27,115.4,116.54,113.99,114.55,69884400,AAPL
2015-10-28,116.93,119.3,116.06,119.27,85551352,AAPL
2015-10-29,118.7,120.69,118.27,120.53,51227334,AAPL
2015-10-30,120.99,121.22,119.45,119.5,49365254,AAPL
2015-11-02,119.87,121.36,119.61,121.18,32203267,AAPL
2015-11-03,120.79,123.49,120.7,122.57,45518976,AAPL
2015-11-04,123.13,123.82,121.62,122.0,44886050,AAPL
2015-11-05,121.85,122.69,120.18,120.92,39552680,AAPL
2015-11-06,121.11,121.81,120.62,121.06,33042283,AAPL
2015-11-09,120.96,121.81,120.05,120.57,33871405,AAPL
2015-11-10,116.9,118.07,116.061,116.77,59127931,AAPL
2015-11-11,116.37,117.42,115.21,116.11,45217971,AAPL
2015-11-12,116.26,116.82,115.65,115.72,32525579,AAPL
2015-11-13,115.2,115.57,112.27,112.34,45812403,AAPL
2015-11-16,111.38,114.24,111.0,114.175,38106701,AAPL
2015-11-17,114.92,115.05,113.32,113.69,27616939,AAPL
2015-11-18,115.76,117.49,115.5,117.29,46674697,AAPL
2015-11-19,117.64,119.75,116.76,118.78,43295820,AAPL
2015-11-20,119.2,119.92,118.85,119.3,34287096,AAPL
2015-11-23,119.27,119.73,117.34,117.75,32482528,AAPL
2015-11-24,117.33,119.35,117.12,118.88,42803172,AAPL
2015-11-25,119.21,119.23,117.92,118.03,21388308,AAPL
2015-11-27,118.29,118.41,117.6,117.81,13046445,AAPL
2015-11-30,117.99,119.41,117.75,118.3,39180322,AAPL
2015-12-01,118.75,118.81,116.86,117.34,34852374,AAPL
2015-12-02,117.05,118.11,116.08,116.28,33386563,AAPL
2015-12-03,116.55,116.79,114.22,115.2,41569509,AAPL
2015-12-04,115.29,119.25,115.11,119.03,57776977,AAPL
2015-12-07,118.98,119.86,117.81,118.28,32084249,AAPL
2015-12-08,117.52,118.6,116.86,118.23,34309450,AAPL
2015-12-09,117.64,117.69,115.08,115.62,46361357,AAPL
2015-12-10,116.04,116.94,115.51,116.17,29212727,AAPL
2015-12-11,115.19,115.39,112.851,113.18,46886161,AAPL
2015-12-14,112.18,112.68,109.79,112.48,65003609,AAPL
2015-12-15,111.94,112.8,110.35,110.49,53323105,AAPL
2015-12-16,111.07,111.99,108.8,111.34,56238467,AAPL
2015-12-17,112.02,112.25,108.98,108.98,44772827,AAPL
2015-12-18,108.91,109.52,105.81,106.03,96453327,AAPL
2015-12-21,107.28,107.37,105.57,107.33,47590610,AAPL
2015-12-22,107.4,107.72,106.451,107.23,32789367,AAPL
2015-12-23,107.27,108.85,107.2,108.61,32657354,AAPL
2015-12-24,109.0,109.0,107.95,108.03,13596680,AAPL
2015-12-28,107.59,107.69,106.1807,106.82,26704210,AAPL
2015-12-29,106.96,109.43,106.86,108.74,30931243,AAPL
2015-12-30,108.58,108.7,107.18,107.32,25213777,AAPL
2015-12-31,107.01,107.03,104.82,105.26,40912316,AAPL
2016-01-04,102.61,105.368,102.0,105.35,67649387,AAPL
2016-01-05,105.75,105.85,102.41,102.71,55790992,AAPL
2016-01-06,100.56,102.37,99.87,100.7,68457388,AAPL
2016-01-07,98.68,100.13,96.43,96.45,81094428,AAPL
2016-01-08,98.55,99.11,96.76,96.96,70798016,AAPL
2016-01-11,98.97,99.06,97.34,98.53,49739377,AAPL
2016-01-12,100.55,100.69,98.8399,99.96,49154227,AAPL
2016-01-13,100.32,101.19,97.3,97.39,62439631,AAPL
2016-01-14,97.96,100.48,95.74,99.52,63170127,AAPL
2016-01-15,96.2,97.71,95.36,97.13,79833891,AAPL
2016-01-19,98.41,98.65,95.5,96.66,53087747,AAPL
2016-01-20,95.1,98.1897,93.42,96.79,72334416,AAPL
2016-01-21,97.06,97.88,94.94,96.3,52161463,AAPL
2016-01-22,98.63,101.46,98.37,101.42,65800467,AAPL
2016-01-25,101.52,101.53,99.21,99.44,51794525,AAPL
2016-01-26,99.93,100.88,98.07,99.99,75077002,AAPL
2016-01-27,96.04,96.6289,93.34,93.42,133369674,AAPL
2016-01-28,93.79,94.52,92.39,94.09,55678825,AAPL
2016-01-29,94.79,97.34,94.35,97.34,64416504,AAPL
2016-02-01,96.47,96.71,95.4,96.43,40943541,AAPL
2016-02-02,95.42,96.04,94.28,94.48,37357215,AAPL
2016-02-03,95.0,96.84,94.08,96.35,45964294,AAPL
2016-02-04,95.86,97.33,95.19,96.6,46471652,AAPL
2016-02-05,96.52,96.92,93.69,94.02,46418064,AAPL
2016-02-08,93.13,95.7,93.04,95.01,54021375,AAPL
2016-02-09,94.29,95.94,93.93,94.99,44331195,AAPL
2016-02-10,95.92,96.35,94.1,94.27,42343601,AAPL
2016-02-11,93.79,94.72,92.59,93.7,50074711,AAPL
2016-02-12,94.19,94.5,93.01,93.99,40351381,AAPL
2016-02-16,95.02,96.85,94.61,96.64,49057916,AAPL
2016-02-17,96.67,98.21,96.15,98.12,44863243,AAPL
2016-02-18,98.84,98.89,96.091,96.26,39020983,AAPL
2016-02-19,96.0,96.7599,95.8,96.04,35374173,AAPL
2016-02-22,96.31,96.9,95.92,96.88,34280758,AAPL
2016-02-23,96.4,96.5,94.55,94.69,31942633,AAPL
2016-02-24,93.98,96.38,93.32,96.1,36255745,AAPL
2016-02-25,96.05,96.76,95.25,96.76,27582659,AAPL
2016-02-26,97.2,98.0237,96.58,96.91,28991131,AAPL
2016-02-29,96.86,98.23,96.65,96.69,35216277,AAPL
2016-03-01,97.65,100.77,97.42,100.53,50407147,AAPL
2016-03-02,100.51,100.89,99.64,100.75,33169560,AAPL
2016-03-03,100.58,101.7099,100.45,101.5,36955742,AAPL
2016-03-04,102.37,103.75,101.37,103.01,46055100,AAPL
2016-03-07,102.39,102.83,100.96,101.87,35915810,AAPL
2016-03-08,100.78,101.76,100.4,101.03,31561889,AAPL
2016-03-09,101.31,101.58,100.27,101.12,27201683,AAPL
2016-03-10,101.41,102.24,100.15,101.17,33513577,AAPL
2016-03-11,102.24,102.28,101.5,102.26,27408237,AAPL
2016-03-14,101.91,102.91,101.78,102.52,25076062,AAPL
2016-03-15,103.96,105.18,103.85,104.58,40067734,AAPL
2016-03-16,104.61,106.31,104.59,105.97,38303493,AAPL
2016-03-17,105.52,106.47,104.96,105.8,34420705,AAPL
2016-03-18,106.34,106.5,105.19,105.92,44205171,AAPL
2016-03-21,105.93,107.65,105.1401,105.91,35502678,AAPL
2016-03-22,105.25,107.29,105.21,106.72,32444375,AAPL
2016-03-23,106.48,107.07,105.9,106.13,25703495,AAPL
2016-03-24,105.47,106.25,104.89,105.67,26132955,AAPL
2016-03-28,106.0,106.19,105.06,105.19,19411372,AAPL
2016-03-29,104.89,107.79,104.88,107.68,31190083,AAPL
2016-03-30,108.65,110.42,108.6,109.56,45601149,AAPL
2016-03-31,109.72,109.9,108.88,108.99,25888449,AAPL
2016-04-01,108.78,110.0,108.2,109.99,25873950,AAPL
2016-04-04,110.42,112.19,110.27,111.12,37356204,AAPL
2016-04-05,109.51,110.73,109.42,109.81,26578652,AAPL
2016-04-06,110.23,110.98,109.2,110.96,26404077,AAPL
2016-04-07,109.95,110.42,108.121,108.54,31801870,AAPL
2016-04-08,108.91,109.77,108.17,108.66,23581740,AAPL
2016-04-11,108.97,110.61,108.83,109.02,29407518,AAPL
2016-04-12,109.34,110.5,108.66,110.44,27232325,AAPL
2016-04-13,110.8,112.34,110.8,112.04,33257316,AAPL
2016-04-14,111.62,112.39,111.33,112.1,25473923,AAPL
2016-04-15,112.11,112.3,109.73,109.85,46938969,AAPL
2016-04-18,108.89,108.95,106.94,107.48,60821461,AAPL
2016-04-19,107.88,108.0,106.23,106.91,32384879,AAPL
2016-04-20,106.64,108.09,106.06,107.13,30611030,AAPL
2016-04-21,106.93,106.93,105.52,105.97,31552525,AAPL
2016-04-22,105.01,106.48,104.62,105.68,33683121,AAPL
2016-04-25,105.0,105.65,104.51,105.08,28031588,AAPL
2016-04-26,103.91,105.3,103.91,104.35,56016165,AAPL
2016-04-27,96.0,98.71,95.68,97.82,114602142,AAPL
2016-04-28,97.61,97.88,94.25,94.83,82242690,AAPL
2016-04-29,93.99,94.72,92.51,93.74,68531478,AAPL
2016-05-02,93.965,94.08,92.4,93.64,48160104,AAPL
2016-05-03,94.2,95.74,93.68,95.18,56831277,AAPL
2016-05-04,95.2,95.9,93.82,94.19,41025475,AAPL
2016-05-05,94.0,94.07,92.68,93.24,35890500,AAPL
2016-05-06,93.37,93.45,91.85,92.72,43699886,AAPL
2016-05-09,93.0,93.77,92.59,92.79,32936436,AAPL
2016-05-10,93.33,93.57,92.11,93.42,33686836,AAPL
2016-05-11,93.48,93.57,92.46,92.51,28719109,AAPL
2016-05-12,92.72,92.78,89.47,90.34,76314690,AAPL
2016-05-13,90.0,91.67,90.0,90.52,44392765,AAPL
2016-05-16,92.39,94.39,91.65,93.88,61259756,AAPL
2016-05-17,94.55,94.7,93.01,93.49,46916939,AAPL
2016-05-18,94.16,95.21,93.89,94.56,42062391,AAPL
2016-05-19,94.64,94.64,93.57,94.2,30442100,AAPL
2016-05-20,94.64,95.43,94.52,95.22,32025968,AAPL
2016-05-23,95.87,97.19,95.67,96.43,38018643,AAPL
2016-05-24,97.22,98.09,96.84,97.9,35140174,AAPL
2016-05-25,98.67,99.74,98.11,99.62,38642108,AAPL
2016-05-26,99.68,100.73,98.64,100.41,56331159,AAPL
2016-05-27,99.44,100.47,99.245,100.35,36341240,AAPL
2016-05-31,99.6,100.4,98.82,99.86,42307212,AAPL
2016-06-01,99.02,99.54,98.33,98.46,29173285,AAPL
2016-06-02,97.6,97.84,96.63,97.72,40191600,AAPL
2016-06-03,97.79,98.27,97.45,97.92,28504888,AAPL
2016-06-06,97.99,101.89,97.55,98.63,23292504,AAPL
2016-06-07,99.25,99.87,98.96,99.03,22409450,AAPL
2016-06-08,99.02,99.56,98.68,98.94,20848131,AAPL
2016-06-09,98.5,99.99,98.46,99.65,26601354,AAPL
2016-06-10,98.53,99.3457,98.48,98.83,31712936,AAPL
2016-06-13,98.69,99.12,97.1,97.34,38020494,AAPL
2016-06-14,97.32,98.475,96.75,97.46,31931944,AAPL
2016-06-15,97.82,98.41,97.03,97.14,29445227,AAPL
2016-06-16,96.45,97.75,96.07,97.55,31326815,AAPL
2016-06-17,96.62,96.65,95.3,95.33,61008219,AAPL
2016-06-20,96.0,96.57,95.03,95.1,34411901,AAPL
2016-06-21,94.94,96.35,94.676,95.91,35546358,AAPL
2016-06-22,96.25,96.89,95.35,95.55,29219122,AAPL
2016-06-23,95.94,96.29,95.25,96.1,32240187,AAPL
2016-06-24,92.91,94.655,92.65,93.4,75311356,AAPL
2016-06-27,93.0,93.05,91.5,92.04,46622188,AAPL
2016-06-28,92.9,93.66,92.14,93.59,40444914,AAPL
2016-06-29,93.97,94.55,93.63,94.4,36531006,AAPL
2016-06-30,94.44,95.77,94.3,95.6,35836356,AAPL
2016-07-01,95.49,96.465,95.33,95.89,26026540,AAPL
2016-07-05,95.39,95.4,94.46,94.99,27705210,AAPL
2016-07-06,94.6,95.66,94.37,95.53,30949090,AAPL
2016-07-07,95.7,96.5,95.62,95.94,25139558,AAPL
2016-07-08,96.49,96.89,96.05,96.68,28912103,AAPL
2016-07-11,96.75,97.65,96.73,96.98,23794945,AAPL
2016-07-12,97.17,97.7,97.12,97.42,24167463,AAPL
2016-07-13,97.41,97.67,96.84,96.87,25892171,AAPL
2016-07-14,97.39,98.99,97.32,98.79,38918997,AAPL
2016-07-15,98.92,99.3,98.5,98.78,30136990,AAPL
2016-07-18,98.7,100.13,98.6,99.83,36493867,AAPL
2016-07-19,99.56,100.0,99.34,99.87,23779924,AAPL
2016-07-20,100.0,100.46,99.735,99.96,26275968,AAPL
2016-07-21,99.83,101.0,99.13,99.43,32702028,AAPL
2016-07-22,99.26,99.3,98.31,98.66,28313669,AAPL
2016-07-25,98.25,98.84,96.92,97.34,40382921,AAPL
2016-07-26,96.82,97.97,96.42,96.67,56239822,AAPL
2016-07-27,104.265,104.35,102.75,102.95,92344820,AAPL
2016-07-28,102.83,104.45,102.82,104.34,39869839,AAPL
2016-07-29,104.19,104.55,103.68,104.21,27733688,AAPL
2016-08-01,104.41,106.15,104.41,106.05,38167871,AAPL
2016-08-02,106.05,106.07,104.0,104.48,33816556,AAPL
2016-08-03,104.81,105.84,104.77,105.79,30202641,AAPL
2016-08-04,105.58,106.0,105.28,105.87,27408650,AAPL
2016-08-05,106.27,107.65,106.18,107.48,40553402,AAPL
2016-08-08,107.52,108.37,107.16,108.37,28037220,AAPL
2016-08-09,108.23,108.94,108.01,108.81,26315204,AAPL
2016-08-10,108.71,108.9,107.76,108.0,24008505,AAPL
2016-08-11,108.52,108.93,107.85,107.93,27484506,AAPL
2016-08-12,107.78,108.44,107.78,108.18,18660434,AAPL
2016-08-15,108.14,109.54,108.08,109.48,25868209,AAPL
2016-08-16,109.63,110.23,109.21,109.38,33794448,AAPL
2016-08-17,109.1,109.37,108.34,109.22,25355976,AAPL
2016-08-18,109.23,109.6,109.02,109.08,21984703,AAPL
2016-08-19,108.77,109.69,108.36,109.36,25368072,AAPL
2016-08-22,108.86,109.1,107.85,108.51,25820230,AAPL
2016-08-23,108.59,109.32,108.53,108.85,21257669,AAPL
2016-08-24,108.565,108.75,107.68,108.03,23675081,AAPL
2016-08-25,107.39,107.88,106.68,107.57,25086248,AAPL
2016-08-26,107.41,107.95,106.31,106.94,27766291,AAPL
2016-08-29,106.62,107.44,106.29,106.82,24970300,AAPL
2016-08-30,105.8,106.5,105.5,106.0,24863945,AAPL
2016-08-31,105.66,106.5699,105.64,106.1,29662406,AAPL
2016-09-01,106.14,106.8,105.62,106.73,26701523,AAPL
2016-09-02,107.7,108.0,106.82,107.73,26802450,AAPL
2016-09-06,107.9,108.3,107.51,107.7,26880391,AAPL
2016-09-07,107.83,108.76,107.07,108.36,42364328,AAPL
2016-09-08,107.25,107.27,105.24,105.52,53002026,AAPL
2016-09-09,104.64,105.72,103.13,103.13,46556984,AAPL
2016-09-12,102.65,105.72,102.53,105.44,45292770,AAPL
2016-09-13,107.51,108.79,107.24,107.95,62176190,AAPL
2016-09-14,108.73,113.03,108.6,111.77,112340318,AAPL
2016-09-15,113.86,115.73,113.49,115.57,90613177,AAPL
2016-09-16,115.12,116.13,114.04,114.92,79886911,AAPL
2016-09-19,115.19,116.18,113.25,113.58,47023046,AAPL
2016-09-20,113.05,114.12,112.51,113.57,34514269,AAPL
2016-09-21,113.85,113.989,112.441,113.55,36003185,AAPL
2016-09-22,114.35,114.94,114.0,114.62,31073984,AAPL
2016-09-23,114.42,114.79,111.55,112.71,52481151,AAPL
2016-09-26,111.64,113.39,111.55,112.88,29869442,AAPL
2016-09-27,113.0,113.18,112.34,113.09,24607412,AAPL
2016-09-28,113.69,114.64,113.43,113.95,29641085,AAPL
2016-09-29,113.16,113.8,111.8,112.18,35886990,AAPL
2016-09-30,112.46,113.37,111.8,113.05,36379106,AAPL
2016-10-03,112.71,113.05,112.28,112.52,21701760,AAPL
2016-10-04,113.06,114.31,112.63,113.0,29736835,AAPL
2016-10-05,113.4,113.66,112.69,113.05,21453089,AAPL
2016-10-06,113.7,114.34,113.13,113.89,28779313,AAPL
2016-10-07,114.31,114.56,113.51,114.06,24358443,AAPL
2016-10-10,115.02,116.75,114.72,116.05,36235956,AAPL
2016-10-11,117.7,118.69,116.2,116.3,64041043,AAPL
2016-10-12,117.35,117.98,116.75,117.34,37586787,AAPL
2016-10-13,116.79,117.44,115.72,116.98,35192406,AAPL
2016-10-14,117.88,118.17,117.13,117.63,35652191,AAPL
2016-10-17,117.33,117.84,116.78,117.55,23624896,AAPL
2016-10-18,118.18,118.21,117.45,117.47,24553478,AAPL
2016-10-19,117.25,117.76,113.8,117.12,20034594,AAPL
2016-10-20,116.86,117.38,116.33,117.06,24125801,AAPL
2016-10-21,116.81,116.91,116.28,116.6,23192665,AAPL
2016-10-24,117.1,117.74,117.0,117.65,23538673,AAPL
2016-10-25,117.95,118.36,117.31,118.25,48128970,AAPL
2016-10-26,114.31,115.7,113.31,115.59,66134219,AAPL
2016-10-27,115.39,115.86,114.1,114.48,34562045,AAPL
2016-10-28,113.87,115.21,113.45,113.72,37861662,AAPL
2016-10-31,113.65,114.23,113.2,113.54,26419398,AAPL
2016-11-01,113.46,113.77,110.53,111.49,43825812,AAPL
2016-11-02,111.4,112.35,111.23,111.59,28331709,AAPL
2016-11-03,110.98,111.46,109.55,109.83,26932602,AAPL
2016-11-04,108.53,110.25,108.11,108.84,30836997,AAPL
2016-11-07,110.08,110.51,109.46,110.41,32560000,AAPL
2016-11-08,110.31,111.72,109.7,111.06,24254179,AAPL
2016-11-09,109.88,111.32,108.05,110.88,59176361,AAPL
2016-11-10,111.09,111.09,105.83,107.79,57134541,AAPL
2016-11-11,107.12,108.87,106.55,108.43,34143898,AAPL
2016-11-14,107.71,107.809,104.08,105.71,51175504,AAPL
2016-11-15,106.57,107.68,106.1593,107.11,32264510,AAPL
2016-11-16,106.7,110.23,106.6,109.99,58840522,AAPL
2016-11-17,109.81,110.35,108.83,109.95,27632003,AAPL
2016-11-18,109.72,110.54,109.66,110.06,28428917,AAPL
2016-11-21,110.12,111.99,110.01,111.73,29264571,AAPL
2016-11-22,111.95,112.42,111.4,111.8,25965534,AAPL
2016-11-23,111.36,111.51,110.33,111.23,27426394,AAPL
2016-11-25,111.13,111.87,110.95,111.79,11475922,AAPL
2016-11-28,111.43,112.465,111.39,111.57,27193983,AAPL
2016-11-29,110.78,112.03,110.07,111.46,28528750,AAPL
2016-11-30,111.6,112.2,110.27,110.52,36162258,AAPL
2016-12-01,110.365,110.94,109.03,109.49,37086862,AAPL
2016-12-02,109.17,110.09,108.85,109.9,26527997,AAPL
2016-12-05,110.0,110.03,108.25,109.11,34324540,AAPL
2016-12-06,109.5,110.36,109.19,109.95,26195462,AAPL
2016-12-07,109.26,111.19,109.16,111.03,29998719,AAPL
2016-12-08,110.86,112.43,110.6,112.12,27068316,AAPL
2016-12-09,112.31,114.7,112.31,113.95,34402627,AAPL
2016-12-12,113.29,115.0,112.49,113.3,26374377,AAPL
2016-12-13,113.84,115.92,113.75,115.19,43733811,AAPL
2016-12-14,115.04,116.2,114.98,115.19,34031834,AAPL
2016-12-15,115.38,116.73,115.23,115.82,46524544,AAPL
2016-12-16,116.47,116.5,115.645,115.97,44351134,AAPL
2016-12-19,115.8,117.38,115.75,116.64,27779423,AAPL
2016-12-20,116.74,117.5,116.68,116.95,21424965,AAPL
2016-12-21,116.8,117.4,116.78,117.06,23783165,AAPL
2016-12-22,116.35,116.51,115.64,116.29,26085854,AAPL
2016-12-23,115.59,116.52,115.59,116.52,14249484,AAPL
2016-12-27,116.52,117.8,116.49,117.26,18296855,AAPL
2016-12-28,117.52,118.0166,116.2,116.76,20905892,AAPL
2016-12-29,116.45,117.1095,116.4,116.73,15039519,AAPL
2016-12-30,116.65,117.2,115.43,115.82,30586265,AAPL
2017-01-03,115.8,116.33,114.76,116.15,28781865,AAPL
2017-01-04,115.85,116.51,115.75,116.02,21118116,AAPL
2017-01-05,115.92,116.8642,115.81,116.61,22193587,AAPL
2017-01-06,116.78,118.16,116.47,117.91,31751900,AAPL
2017-01-09,117.95,119.43,117.94,118.99,33561948,AAPL
2017-01-10,118.77,119.38,118.3,119.11,24462051,AAPL
2017-01-11,118.74,119.93,118.6,119.75,27588593,AAPL
2017-01-12,118.895,119.3,118.21,119.25,27086220,AAPL
2017-01-13,119.11,119.62,118.81,119.04,26111948,AAPL
2017-01-17,118.34,120.24,118.22,120.0,34439843,AAPL
2017-01-18,120.0,120.5,119.71,119.99,23712961,AAPL
2017-01-19,119.4,120.09,119.37,119.78,25597291,AAPL
2017-01-20,120.45,120.45,119.7346,120.0,32597892,AAPL
2017-01-23,120.0,120.81,119.77,120.08,22050218,AAPL
2017-01-24,119.55,120.1,119.5,119.97,23211038,AAPL
2017-01-25,120.42,122.1,120.28,121.88,32586673,AAPL
2017-01-26,121.67,122.44,121.6,121.94,26337576,AAPL
2017-01-27,122.14,122.35,121.6,121.95,20562944,AAPL
2017-01-30,120.93,121.63,120.66,121.63,30377503,AAPL
2017-01-31,121.15,121.39,120.62,121.35,49200993,AAPL
2017-02-01,127.03,130.49,127.01,128.75,111985040,AAPL
2017-02-02,127.975,129.39,127.78,128.53,33710411,AAPL
2017-02-03,128.31,129.19,128.16,129.08,24507301,AAPL
2017-02-06,129.13,130.5,128.9,130.29,26845924,AAPL
2017-02-07,130.54,132.09,130.45,131.53,38183841,AAPL
2017-02-08,131.35,132.22,131.22,132.04,23004072,AAPL
2017-02-09,131.65,132.445,131.12,132.42,28349859,AAPL
2017-02-10,132.46,132.94,132.05,132.12,20065458,AAPL
2017-02-13,133.08,133.82,132.75,133.29,23035421,AAPL
2017-02-14,133.47,135.09,133.25,135.02,33226223,AAPL
2017-02-15,135.52,136.27,134.62,135.51,35623100,AAPL
2017-02-16,135.67,135.9,134.8398,135.345,22584555,AAPL
2017-02-17,135.1,135.83,135.1,135.72,22198197,AAPL
2017-02-21,136.23,136.75,135.98,136.7,24507156,AAPL
2017-02-22,136.43,137.12,136.11,137.11,20836932,AAPL
2017-02-23,137.38,137.48,136.3,136.53,20788186,AAPL
2017-02-24,135.91,136.66,135.28,136.66,21776585,AAPL
2017-02-27,137.14,137.435,136.28,136.93,20257426,AAPL
2017-02-28,137.08,137.435,136.7,136.99,23482860,AAPL
2017-03-01,137.89,140.15,137.595,139.79,36414585,AAPL
2017-03-02,140.0,140.2786,138.76,138.96,26210984,AAPL
2017-03-03,138.78,139.83,138.59,139.78,21571121,AAPL
2017-03-06,139.365,139.77,138.5959,139.34,21750044,AAPL
2017-03-07,139.06,139.98,138.79,139.52,17446297,AAPL
2017-03-08,138.95,139.8,138.82,139.0,18707236,AAPL
2017-03-09,138.74,138.79,137.05,138.68,22155904,AAPL
2017-03-10,139.25,139.3571,138.64,139.14,19612801,AAPL
2017-03-13,138.85,139.43,138.82,139.2,17421717,AAPL
2017-03-14,139.3,139.65,138.84,138.99,15309065,AAPL
2017-03-15,139.41,140.7501,139.025,140.46,25691774,AAPL
2017-03-16,140.72,141.02,140.26,140.69,19231998,AAPL
2017-03-17,141.0,141.0,139.89,139.99,43884952,AAPL
2017-03-20,140.4,141.5,140.23,141.46,21542038,AAPL
2017-03-21,142.11,142.8,139.73,139.84,39529912,AAPL
2017-03-22,139.845,141.6,139.76,141.42,25860165,AAPL
2017-03-23,141.26,141.5844,140.61,140.92,20346301,AAPL
2017-03-24,141.5,141.74,140.35,140.64,22395563,AAPL
2017-03-27,139.39,141.22,138.62,140.88,23575094,AAPL
2017-03-28,140.91,144.04,140.62,143.8,33374805,AAPL
2017-03-29,143.68,144.49,143.19,144.12,29189955,AAPL
2017-03-30,144.19,144.5,143.5,143.93,21207252,AAPL
2017-03-31,143.72,144.27,143.01,143.66,19661651,AAPL
2017-04-03,143.71,144.12,143.05,143.7,19985714,AAPL
2017-04-04,143.25,144.89,143.17,144.77,19891354,AAPL
2017-04-05,144.22,145.46,143.81,144.02,27717854,AAPL
2017-04-06,144.29,144.52,143.45,143.66,21149034,AAPL
2017-04-07,143.73,144.18,143.27,143.34,16658543,AAPL
2017-04-10,143.6,143.8792,142.9,143.17,18933397,AAPL
2017-04-11,142.94,143.35,140.06,141.63,30379376,AAPL
2017-04-12,141.6,142.15,141.01,141.8,20350000,AAPL
2017-04-13,141.91,142.38,141.05,141.05,17822880,AAPL
2017-04-17,141.48,141.88,140.87,141.83,16582094,AAPL
2017-04-18,141.41,142.04,141.11,141.2,14697544,AAPL
2017-04-19,141.88,142.0,140.45,140.68,17328375,AAPL
2017-04-20,141.22,142.92,141.16,142.44,23319562,AAPL
2017-04-21,142.44,142.68,141.85,142.27,17320928,AAPL
2017-04-24,143.5,143.95,143.18,143.64,17134333,AAPL
2017-04-25,143.91,144.9,143.87,144.53,18871501,AAPL
2017-04-26,144.47,144.6,143.3762,143.68,20041241,AAPL
2017-04-27,143.9225,144.16,143.31,143.79,14246347,AAPL
2017-04-28,144.09,144.3,143.27,143.65,20860358,AAPL
2017-05-01,145.1,147.2,144.96,146.58,33602943,AAPL
2017-05-02,147.54,148.09,146.84,147.51,45352194,AAPL
2017-05-03,145.59,147.49,144.27,147.06,45697034,AAPL
2017-05-04,146.52,147.14,145.81,146.53,23371872,AAPL
2017-05-05,146.76,148.98,146.76,148.96,27327725,AAPL
2017-05-08,149.03,153.7,149.03,153.01,48752413,AAPL
2017-05-09,153.87,154.88,153.45,153.99,39130363,AAPL
2017-05-10,153.63,153.94,152.11,153.26,25805692,AAPL
2017-05-11,152.45,154.07,152.31,153.95,27255058,AAPL
2017-05-12,154.7,156.42,154.67,156.1,32527017,AAPL
2017-05-15,156.01,156.65,155.05,155.7,26009719,AAPL
2017-05-16,155.94,156.06,154.72,155.47,20048478,AAPL
2017-05-17,153.6,154.57,149.71,150.25,50767678,AAPL
2017-05-18,151.27,153.34,151.13,152.54,33568215,AAPL
2017-05-19,153.38,153.98,152.63,153.06,26960788,AAPL
2017-05-22,154.0,154.58,152.91,153.99,22966437,AAPL
2017-05-23,154.9,154.9,153.31,153.8,19918871,AAPL
2017-05-24,153.84,154.17,152.67,153.34,19219154,AAPL
2017-05-25,153.73,154.35,153.03,153.87,19235598,AAPL
2017-05-26,154.0,154.24,153.31,153.61,21927637,AAPL
2017-05-30,153.42,154.43,153.33,153.67,20126851,AAPL
2017-05-31,153.97,154.17,152.38,152.76,24451164,AAPL
2017-06-01,153.17,153.33,152.22,153.18,16404088,AAPL
2017-06-02,153.58,155.45,152.89,155.45,27770715,AAPL
2017-06-05,154.34,154.45,153.46,153.93,25331662,AAPL
2017-06-06,153.9,155.81,153.78,154.45,26624926,AAPL
2017-06-07,155.02,155.98,154.48,155.37,21069647,AAPL
2017-06-08,155.25,155.54,154.4,154.99,21250798,AAPL
2017-06-09,155.19,155.19,146.02,148.98,64882657,AAPL
2017-06-12,145.74,146.09,142.51,145.42,72307330,AAPL
2017-06-13,147.16,147.45,145.15,146.59,34165445,AAPL
2017-06-14,147.5,147.5,143.84,145.16,31531232,AAPL
2017-06-15,143.32,144.4798,142.21,144.29,32165373,AAPL
2017-06-16,143.78,144.5,142.2,142.27,50361093,AAPL
2017-06-19,143.66,146.74,143.66,146.34,32541404,AAPL
2017-06-20,146.87,146.87,144.94,145.01,24900073,AAPL
2017-06-21,145.52,146.0693,144.61,145.87,21265751,AAPL
2017-06-22,145.77,146.7,145.1199,145.63,19106294,AAPL
2017-06-23,145.13,147.16,145.11,146.28,35439389,AAPL
2017-06-26,147.17,148.28,145.38,145.82,25692361,AAPL
2017-06-27,145.01,146.16,143.62,143.73,24761891,AAPL
2017-06-28,144.49,146.11,143.1601,145.83,22082432,AAPL
2017-06-29,144.71,145.13,142.28,143.68,31499368,AAPL
2017-06-30,144.45,144.96,143.78,144.02,23024107,AAPL
2017-07-03,144.88,145.3001,143.1,143.5,14277848,AAPL
2017-07-05,143.69,144.79,142.7237,144.09,21569557,AAPL
2017-07-06,143.02,143.5,142.41,142.73,24128782,AAPL
2017-07-07,142.9,144.75,142.9,144.18,19201712,AAPL
2017-07-10,144.11,145.95,143.37,145.06,21090636,AAPL
2017-07-11,144.73,145.85,144.38,145.53,19781836,AAPL
2017-07-12,145.87,146.18,144.82,145.74,24884478,AAPL
2017-07-13,145.5,148.49,145.44,147.77,25199373,AAPL
2017-07-14,147.97,149.33,147.33,149.04,20132061,AAPL
2017-07-17,148.82,150.9,148.57,149.56,23793456,AAPL
2017-07-18,149.2,150.13,148.67,150.08,17868792,AAPL
2017-07-19,150.48,151.42,149.95,151.02,20922969,AAPL
2017-07-20,151.5,151.74,150.19,150.34,17243748,AAPL
2017-07-21,149.99,150.44,148.88,150.27,26252630,AAPL
2017-07-24,150.58,152.44,149.9,152.09,21493160,AAPL
2017-07-25,151.8,153.84,151.8,152.74,18853932,AAPL
2017-07-26,153.35,153.93,153.06,153.46,15780951,AAPL
2017-07-27,153.75,153.99,147.3,150.56,32476337,AAPL
2017-07-28,149.89,150.23,149.19,149.5,17213653,AAPL
2017-07-31,149.9,150.33,148.13,148.73,19845920,AAPL
2017-08-01,157.06,158.92,156.6701,158.59,21194042,AAPL
2017-08-02,159.28,159.75,156.16,157.14,69936800,AAPL
2017-08-03,157.05,157.21,155.02,155.57,27097296,AAPL
2017-08-04,156.07,157.4,155.69,156.39,20559852,AAPL
2017-08-07,157.06,158.92,156.6701,158.81,21870321,AAPL
2017-08-08,158.6,161.83,158.27,160.08,36205896,AAPL
2017-08-09,159.26,161.27,159.11,161.06,26131530,AAPL
2017-08-10,159.9,160.0,154.63,155.32,40804273,AAPL
2017-08-11,156.6,158.5728,156.07,157.48,26257096,AAPL
2017-08-14,159.32,160.21,158.75,159.85,22122734,AAPL
2017-08-15,160.66,162.195,160.14,161.6,29465487,AAPL
2017-08-16,161.94,162.51,160.15,160.95,27671612,AAPL
2017-08-17,160.52,160.71,157.84,157.86,27940565,AAPL
2017-08-18,157.86,159.5,156.72,157.5,27428069,AAPL
2017-08-21,157.5,157.89,155.1101,157.21,26368528,AAPL
2017-08-22,158.23,160.0,158.02,159.78,21604585,AAPL
2017-08-23,159.07,160.47,158.88,159.98,19399081,AAPL
2017-08-24,160.43,160.74,158.55,159.27,19818918,AAPL
2017-08-25,159.65,160.56,159.27,159.86,25480063,AAPL
2017-08-28,160.14,162.0,159.93,161.47,25965972,AAPL
2017-08-29,160.1,163.12,160.0,162.91,29516910,AAPL
2017-08-30,163.8,163.89,162.61,163.35,27269584,AAPL
2017-08-31,163.64,164.52,163.48,164.0,26785096,AAPL
2017-09-01,164.8,164.94,163.63,164.05,16591051,AAPL
2017-09-05,163.75,164.25,160.56,162.08,29536314,AAPL
2017-09-06,162.71,162.99,160.52,161.91,21651726,AAPL
2017-09-07,162.09,162.24,160.36,161.26,21928502,AAPL
2017-09-08,160.86,161.15,158.53,158.63,28611535,AAPL
2017-09-11,160.5,162.05,159.89,161.5,31580798,AAPL
2017-09-12,162.61,163.96,158.77,160.86,71714046,AAPL
2017-09-13,159.87,159.96,157.91,159.65,44907361,AAPL
2017-09-14,158.99,159.4,158.09,158.28,23760749,AAPL
2017-09-15,158.47,160.97,158.0,159.88,49114602,AAPL
2017-09-18,160.11,160.5,157.995,158.67,28269435,AAPL
2017-09-19,159.51,159.77,158.44,158.73,20810632,AAPL
2017-09-20,157.9,158.26,153.83,156.07,52951364,AAPL
2017-09-21,155.8,155.8,152.75,153.39,37511661,AAPL
2017-09-22,152.02,152.27,150.56,151.89,46645443,AAPL
2017-09-25,149.99,151.83,149.16,150.55,44387336,AAPL
2017-09-26,151.78,153.92,151.69,153.14,36660045,AAPL
2017-09-27,153.8,154.7189,153.54,154.23,25504227,AAPL
2017-09-28,153.89,154.28,152.7,153.28,22005455,AAPL
2017-09-29,153.21,154.13,152.0,154.12,26299810,AAPL
2017-10-02,154.26,154.45,152.72,153.81,18698842,AAPL
2017-10-03,154.01,155.09,153.91,154.48,16230293,AAPL
2017-10-04,153.63,153.86,152.46,153.48,20163750,AAPL
2017-10-05,154.18,155.44,154.05,155.39,21283769,AAPL
2017-10-06,154.97,155.49,154.56,155.3,17407558,AAPL
2017-10-09,155.81,156.73,155.485,155.84,16262923,AAPL
2017-10-10,156.055,158.0,155.1,155.9,15617014,AAPL
2017-10-11,155.97,156.98,155.75,156.55,16905640,AAPL
2017-10-12,156.35,157.37,155.7299,156.0,16125054,AAPL
2017-10-13,156.73,157.28,156.41,156.99,16394188,AAPL
2017-10-16,157.9,160.0,157.65,159.88,24121452,AAPL
2017-10-17,159.78,160.87,159.23,160.47,18997275,AAPL
2017-10-18,160.42,160.71,159.6,159.76,16374164,AAPL
2017-10-19,156.75,157.08,155.02,155.98,42584166,AAPL
2017-10-20,156.61,157.75,155.96,156.25,23974146,AAPL
2017-10-23,156.89,157.69,155.5,156.17,21984327,AAPL
2017-10-24,156.29,157.42,156.2,157.1,17757230,AAPL
2017-10-25,156.91,157.55,155.27,156.41,21207098,AAPL
2017-10-26,157.23,157.8295,156.78,157.41,17000469,AAPL
2017-10-27,159.29,163.6,158.7,163.05,44454160,AAPL
2017-10-30,163.89,168.07,163.72,166.72,44700772,AAPL
2017-10-31,167.9,169.6499,166.94,169.04,36046828,AAPL
2017-11-01,169.87,169.94,165.61,166.89,33637762,AAPL
2017-11-02,167.64,168.5,165.28,168.11,41393373,AAPL
2017-11-03,174.0,174.26,171.12,172.5,59398631,AAPL
2017-11-06,172.365,174.99,171.72,174.25,35026306,AAPL
2017-11-07,173.91,175.25,173.6,174.81,24361485,AAPL
2017-11-08,174.66,176.24,174.33,176.24,24409527,AAPL
2017-11-09,175.11,176.095,173.14,175.88,29185668,AAPL
2017-11-10,175.11,175.38,174.27,174.67,25145500,AAPL
2017-11-13,173.5,174.5,173.4,173.97,16982080,AAPL
2017-11-14,173.04,173.48,171.18,171.34,24782487,AAPL
2017-11-15,169.97,170.3197,168.38,169.08,29158070,AAPL
2017-11-16,171.18,171.87,170.3,171.1,23637484,AAPL
2017-11-17,171.04,171.39,169.64,170.15,21899544,AAPL
2017-11-20,170.29,170.56,169.56,169.98,16262447,AAPL
2017-11-21,170.78,173.7,170.78,173.14,25131295,AAPL
2017-11-22,173.36,175.0,173.05,174.96,25588925,AAPL
2017-11-24,175.1,175.5,174.6459,174.97,14026673,AAPL
2017-11-27,175.05,175.08,173.34,174.09,20716802,AAPL
2017-11-28,174.3,174.87,171.86,173.07,26428802,AAPL
2017-11-29,172.63,172.92,167.16,169.48,41666364,AAPL
2017-11-30,170.43,172.14,168.44,171.85,41527218,AAPL
2017-12-01,169.95,171.67,168.5,171.05,39759288,AAPL
2017-12-04,172.48,172.62,169.63,169.8,32542385,AAPL
2017-12-05,169.06,171.52,168.4,169.64,27350154,AAPL
2017-12-06,167.5,170.2047,166.46,169.01,28560000,AAPL
2017-12-07,169.03,170.44,168.91,169.32,25673308,AAPL
2017-12-08,170.49,171.0,168.82,169.37,23355231,AAPL
2017-12-11,169.2,172.89,168.79,172.67,35273759,AAPL
2017-12-12,172.15,172.39,171.461,171.7,19409230,AAPL
2017-12-13,172.5,173.54,172.0,172.27,23818447,AAPL
2017-12-14,172.4,173.13,171.65,172.22,20476541,AAPL
2017-12-15,173.63,174.17,172.46,173.97,40169307,AAPL
2017-12-18,174.88,177.2,174.86,176.42,29421114,AAPL
2017-12-19,175.03,175.39,174.09,174.54,27436447,AAPL
2017-12-20,174.87,175.42,173.25,174.35,23475649,AAPL
2017-12-21,174.17,176.02,174.1,175.01,20949896,AAPL
2017-12-22,174.68,175.424,174.5,175.01,16349444,AAPL
2017-12-26,170.8,171.47,169.679,170.57,33185536,AAPL
2017-12-27,170.1,170.78,169.71,170.6,21498213,AAPL
2017-12-28,171.0,171.85,170.48,171.08,16480187,AAPL
2017-12-29,170.52,170.59,169.22,169.23,25999922,AAPL
2018-01-02,170.16,172.3,169.26,172.26,25555934,AAPL
2018-01-03,172.53,174.55,171.96,172.23,29517899,AAPL
2018-01-04,172.54,173.47,172.08,173.03,22434597,AAPL
2018-01-05,173.44,175.37,173.05,175.0,23660018,AAPL
2018-01-08,174.35,175.61,173.93,174.35,20567766,AAPL
2018-01-09,174.55,175.06,173.41,174.33,21583997,AAPL
2018-01-10,173.16,174.3,173.0,174.29,23959895,AAPL
2018-01-11,174.59,175.4886,174.49,175.28,18667729,AAPL
2018-01-12,176.18,177.36,175.65,177.09,25418080,AAPL
2018-01-16,177.9,179.39,176.14,176.19,29565947,AAPL
2018-01-17,176.15,179.25,175.07,179.1,34386836,AAPL
2018-01-18,179.37,180.1,178.25,179.26,31193352,AAPL
2018-01-19,178.61,179.58,177.41,178.46,32425067,AAPL
2018-01-22,177.3,177.78,176.6016,177.0,27108551,AAPL
2018-01-23,177.3,179.44,176.82,177.04,32689146,AAPL
2018-01-24,177.25,177.3,173.2,174.22,51105090,AAPL
2018-01-25,174.505,174.95,170.53,171.11,41529004,AAPL
2018-01-26,172.0,172.0,170.06,171.51,39143011,AAPL
2018-01-29,170.16,170.16,167.07,167.96,50640406,AAPL
2018-01-30,165.525,167.37,164.7,166.97,46048185,AAPL
2018-01-31,166.87,168.4417,166.5,167.43,32478930,AAPL
2018-02-01,167.165,168.62,166.76,167.78,47230787,AAPL
2018-02-02,166.0,166.8,160.1,160.5,86593825,AAPL
2018-02-05,159.1,163.88,156.0,156.49,72738522,AAPL
2018-02-06,154.83,163.72,154.0,163.03,68243838,AAPL
2018-02-07,163.085,163.4,159.0685,159.54,51608580,AAPL
2013-02-08,261.4,265.25,260.555,261.95,3879078,AMZN
2013-02-11,263.2,263.25,256.6,257.21,3403403,AMZN
2013-02-12,259.19,260.16,257.0,258.7,2938660,AMZN
2013-02-13,261.53,269.96,260.3,269.47,5292996,AMZN
2013-02-14,267.37,270.65,265.4,269.24,3462780,AMZN
2013-02-15,267.63,268.92,263.11,265.09,3979832,AMZN
2013-02-19,265.91,270.11,264.5,269.75,2853752,AMZN
2013-02-20,270.2,274.3,266.371,266.41,3528862,AMZN
2013-02-21,265.12,269.48,263.25,265.94,3637396,AMZN
2013-02-22,266.62,267.11,261.61,265.42,3123402,AMZN
2013-02-25,266.94,268.694,259.65,259.87,3032109,AMZN
2013-02-26,260.89,262.04,255.73,259.36,3348011,AMZN
2013-02-27,259.4,265.83,256.86,263.25,2908010,AMZN
2013-02-28,261.81,267.0,260.63,264.27,2667199,AMZN
2013-03-01,263.27,266.6,261.04,265.74,2956724,AMZN
2013-03-04,265.36,273.3,264.14,273.11,3452783,AMZN
2013-03-05,274.0,276.68,269.99,275.59,3685983,AMZN
2013-03-06,275.76,276.489,271.832,273.79,2050452,AMZN
2013-03-07,274.1,274.8,271.85,273.88,1938987,AMZN
2013-03-08,275.0,275.44,271.5,274.19,1879762,AMZN
2013-03-11,273.43,273.99,270.4,271.24,1904465,AMZN
2013-03-12,271.0,277.4,270.3601,274.13,3245906,AMZN
2013-03-13,275.24,276.5,272.64,275.1,1884115,AMZN
2013-03-14,269.67,270.0,263.53,265.74,5226150,AMZN
2013-03-15,264.98,267.26,260.05,261.82,4865572,AMZN
2013-03-18,259.3,261.49,257.12,257.89,2719833,AMZN
2013-03-19,258.4,259.5,252.62,256.41,3738396,AMZN
2013-03-20,258.05,259.76,254.5501,257.278,2734710,AMZN
2013-03-21,256.11,257.0,252.68,253.39,2805646,AMZN
2013-03-22,254.55,257.77,252.07,257.75,3124199,AMZN
2013-03-25,258.58,259.429,254.5,256.02,2513758,AMZN
2013-03-26,257.05,261.48,256.28,260.31,2420504,AMZN
2013-03-27,258.75,265.93,257.9,265.3,2874824,AMZN
2013-03-28,265.82,267.375,264.06,266.49,2473257,AMZN
2013-04-01,266.98,267.4,261.01,261.61,2524725,AMZN
2013-04-02,262.4,265.89,260.55,263.322,2631038,AMZN
2013-04-03,262.12,263.67,257.75,259.03,2413784,AMZN
2013-04-04,259.23,260.41,256.12,259.08,1964377,AMZN
2013-04-05,255.72,256.18,253.67,255.48,2557357,AMZN
2013-04-08,255.92,259.679,255.63,258.95,2295573,AMZN
2013-04-09,258.85,262.61,257.0,261.14,2156507,AMZN
2013-04-10,261.78,265.98,259.32,264.77,2322407,AMZN
2013-04-11,264.74,270.97,264.74,269.85,3090466,AMZN
2013-04-12,270.12,273.27,267.02,272.87,2865875,AMZN
2013-04-15,271.08,275.12,267.1,267.72,3325359,AMZN
2013-04-16,269.31,272.8,268.06,272.34,2137118,AMZN
2013-04-17,270.8,270.85,264.25,267.4,3135091,AMZN
2013-04-18,266.81,266.9899,256.6,259.42,3137451,AMZN
2013-04-19,258.16,262.88,257.5,260.32,2602470,AMZN
2013-04-22,259.35,264.6,258.03,263.55,2119071,AMZN
2013-04-23,264.5,269.87,264.5,268.9,2270594,AMZN
2013-04-24,269.5,271.47,266.81,268.78,1851390,AMZN
2013-04-25,271.53,275.8,270.5,274.7,6011863,AMZN
2013-04-26,269.97,272.02,252.81,254.81,14029220,AMZN
2013-04-29,254.9,257.01,249.15,249.74,7110750,AMZN
2013-04-30,249.3701,254.68,248.56,253.81,4248790,AMZN
2013-05-01,253.9,254.2,245.75,248.23,4391302,AMZN
2013-05-02,248.94,252.93,245.78,252.55,3922605,AMZN
2013-05-03,256.14,259.25,254.7,258.05,3513934,AMZN
2013-05-06,258.09,259.5,253.4201,255.72,2347669,AMZN
2013-05-07,256.31,259.74,252.9101,257.73,3133399,AMZN
2013-05-08,256.87,260.295,255.334,258.68,2676986,AMZN
2013-05-09,258.73,263.55,256.88,260.16,2769255,AMZN
2013-05-10,260.88,263.65,260.21,263.63,3144719,AMZN
2013-05-13,262.77,265.88,262.0,264.51,2149398,AMZN
2013-05-14,264.5,269.4,264.028,268.33,2699755,AMZN
2013-05-15,267.07,269.05,264.56,266.56,2719687,AMZN
2013-05-16,265.96,268.43,263.85,264.12,1643068,AMZN
2013-05-17,265.83,269.98,265.0,269.9,2527271,AMZN
2013-05-20,269.0,271.79,266.5,267.63,2208934,AMZN
2013-05-21,268.74,270.77,267.66,268.86,1740956,AMZN
2013-05-22,267.39,267.59,260.8,262.96,3331960,AMZN
2013-05-23,260.49,263.17,259.59,261.8,2000141,AMZN
2013-05-24,259.85,261.93,258.34,261.74,1696290,AMZN
2013-05-28,266.48,271.1,266.0,267.29,3470157,AMZN
2013-05-29,265.46,268.25,264.844,265.53,1903390,AMZN
2013-05-30,265.71,268.57,265.615,266.83,1667469,AMZN
2013-05-31,266.0,271.91,265.94,269.2,3374188,AMZN
2013-06-03,268.96,269.11,262.95,266.88,2543880,AMZN
2013-06-04,267.0,268.88,263.02,265.7,2088072,AMZN
2013-06-05,265.81,271.66,265.02,267.17,3511955,AMZN
2013-06-06,267.75,270.5,264.21,267.83,2468970,AMZN
2013-06-07,269.74,280.1,269.13,276.87,4632239,AMZN
2013-06-10,276.68,282.47,275.24,281.07,3084405,AMZN
2013-06-11,276.0,278.411,274.24,274.78,3097745,AMZN
2013-06-12,276.6,276.8,270.45,271.67,2237998,AMZN
2013-06-13,271.5,276.8,270.2901,275.79,2649715,AMZN
2013-06-14,275.0,277.07,273.442,273.99,2150543,AMZN
2013-06-17,276.35,280.2,275.65,278.06,2883867,AMZN
2013-06-18,279.08,282.91,278.11,281.76,2146005,AMZN
2013-06-19,281.26,283.34,277.87,278.16,2827248,AMZN
2013-06-20,275.14,278.6,272.39,273.44,2983983,AMZN
2013-06-21,274.57,275.8399,269.79,273.36,4202058,AMZN
2013-06-24,271.29,273.16,265.0,270.61,3863764,AMZN
2013-06-25,272.3,273.47,269.0,272.088,2449510,AMZN
2013-06-26,273.98,277.98,273.5001,277.57,3029016,AMZN
2013-06-27,279.18,280.2,274.54,277.55,2519422,AMZN
2013-06-28,276.19,279.83,276.19,277.69,3193262,AMZN
2013-07-01,279.0,283.29,277.16,282.1,2888140,AMZN
2013-07-02,281.04,286.58,280.59,283.73,3238108,AMZN
2013-07-03,282.6,285.4,282.0,284.03,1380205,AMZN
2013-07-05,285.0,286.3799,282.07,285.88,1985323,AMZN
2013-07-08,286.42,291.67,286.14,290.59,3046664,AMZN
2013-07-09,291.0,292.57,288.01,291.53,2749006,AMZN
2013-07-10,291.41,293.34,289.4,292.33,1822877,AMZN
2013-07-11,294.99,300.69,292.1,299.66,4007201,AMZN
2013-07-12,298.69,307.55,298.5,307.55,4538473,AMZN
2013-07-15,307.27,307.99,304.35,306.57,2245387,AMZN
2013-07-16,307.3,309.39,305.5119,306.87,2660120,AMZN
2013-07-17,306.97,308.8,305.69,308.69,2029681,AMZN
2013-07-18,306.27,306.3408,301.87,304.11,3060805,AMZN
2013-07-19,304.39,305.79,301.91,305.23,2973041,AMZN
2013-07-22,309.25,309.25,302.0,303.48,2520663,AMZN
2013-07-23,303.16,305.06,300.56,301.06,1999344,AMZN
2013-07-24,303.02,303.84,298.04,298.94,1999684,AMZN
2013-07-25,299.0,304.5,296.75,303.4,5394295,AMZN
2013-07-26,299.55,313.62,295.55,312.01,8817434,AMZN
2013-07-29,311.07,313.0,305.9,306.1,3212185,AMZN
2013-07-30,307.72,309.7833,301.57,302.41,3053675,AMZN
2013-07-31,303.91,305.15,301.0,301.22,1891314,AMZN
2013-08-01,303.08,306.21,298.905,305.57,2968844,AMZN
2013-08-02,304.63,305.33,301.5,304.21,2502646,AMZN
2013-08-05,303.4,303.62,298.3,300.99,2233158,AMZN
2013-08-06,300.51,301.36,297.52,300.75,1848951,AMZN
2013-08-07,300.15,300.99,296.15,296.91,1963010,AMZN
2013-08-08,298.52,298.52,292.5501,295.74,2343430,AMZN
2013-08-09,295.68,299.27,294.2987,297.26,1950386,AMZN
2013-08-12,295.79,299.08,295.26,296.69,1504525,AMZN
2013-08-13,295.88,296.37,290.67,293.97,2349902,AMZN
2013-08-14,294.29,294.29,290.54,291.34,1414976,AMZN
2013-08-15,288.79,289.3,285.15,286.47,2261393,AMZN
2013-08-16,286.55,288.33,284.5,284.82,2422856,AMZN
2013-08-19,285.19,289.56,283.48,285.57,2477429,AMZN
2013-08-20,285.88,289.515,285.74,287.09,1585260,AMZN
2013-08-21,285.09,288.5,283.83,284.57,1815346,AMZN
2013-08-22,284.8,289.87,284.8,289.73,1421959,AMZN
2013-08-23,291.21,291.5,287.9,290.01,1967485,AMZN
2013-08-26,290.43,291.0499,285.6207,286.21,1717000,AMZN
2013-08-27,283.87,285.28,279.74,280.93,2475209,AMZN
2013-08-28,280.36,283.0,279.33,281.58,1457146,AMZN
2013-08-29,281.45,285.98,280.0,283.98,1566414,AMZN
2013-08-30,284.59,284.87,280.0,280.98,1534706,AMZN
2013-09-03,284.73,291.39,284.17,288.8,2897569,AMZN
2013-09-04,288.33,295.23,287.58,293.64,2438551,AMZN
2013-09-05,293.63,297.0,292.71,294.1,1818815,AMZN
2013-09-06,295.33,298.88,290.8,295.86,2291973,AMZN
2013-09-09,297.22,299.96,296.6,299.71,1643573,AMZN
2013-09-10,300.55,301.0,297.22,300.36,1778437,AMZN
2013-09-11,298.91,301.86,297.84,299.64,1742677,AMZN
2013-09-12,299.39,302.0,297.661,298.86,1606193,AMZN
2013-09-13,300.14,300.22,296.201,297.92,1350645,AMZN
2013-09-16,299.82,301.0,295.26,296.06,1818071,AMZN
2013-09-17,297.63,304.65,296.0101,304.17,2297156,AMZN
2013-09-18,304.06,312.74,302.91,312.034,2946338,AMZN
2013-09-19,313.77,314.54,311.04,312.06,2350946,AMZN
2013-09-20,312.54,320.57,312.41,316.34,5302279,AMZN
2013-09-23,314.01,315.9,308.771,311.49,1884997,AMZN
2013-09-24,312.43,318.0799,311.28,314.13,2009851,AMZN
2013-09-25,314.53,316.71,310.75,312.65,2008557,AMZN
2013-09-26,313.9,319.37,313.26,318.12,1990182,AMZN
2013-09-27,316.92,317.21,313.35,316.01,1657457,AMZN
2013-09-30,313.41,315.31,311.06,312.64,1624804,AMZN
2013-10-01,314.22,321.0,313.65,320.95,2398193,AMZN
2013-10-02,318.04,321.73,317.52,320.51,2217873,AMZN
2013-10-03,320.39,322.92,313.02,314.76,2674841,AMZN
2013-10-04,315.13,319.2,312.62,319.04,1814976,AMZN
2013-10-07,315.24,315.3399,309.74,310.03,2084585,AMZN
2013-10-08,311.5,311.545,300.27,303.23,3172022,AMZN
2013-10-09,303.42,303.4978,296.5025,298.23,3247549,AMZN
2013-10-10,304.63,306.7,302.5901,305.174,2557138,AMZN
2013-10-11,304.77,310.93,303.84,310.889,2163093,AMZN
2013-10-14,309.22,311.645,307.0,310.7,1939092,AMZN
2013-10-15,309.87,310.79,305.26,306.4,2261554,AMZN
2013-10-16,308.38,310.8,305.554,310.49,2180521,AMZN
2013-10-17,307.07,311.0,305.24,310.77,2648384,AMZN
2013-10-18,319.36,331.89,316.75,328.931,5969814,AMZN
2013-10-21,329.89,330.0,323.8,326.44,2527617,AMZN
2013-10-22,327.72,337.11,325.68,332.54,3942953,AMZN
2013-10-23,330.84,331.72,324.0601,326.756,2818158,AMZN
2013-10-24,329.63,332.6499,326.75,332.21,5884655,AMZN
2013-10-25,358.6,368.4,352.62,363.39,12043903,AMZN
2013-10-28,359.92,362.75,357.2,358.16,3635848,AMZN
2013-10-29,358.96,362.89,356.29,362.7,2190763,AMZN
2013-10-30,362.62,365.0,358.65,361.08,4505005,AMZN
2013-10-31,361.73,366.0,359.0,364.03,2466937,AMZN
2013-11-01,365.63,365.77,356.1,359.002,3332126,AMZN
2013-11-04,360.12,361.0,354.4,358.74,1940496,AMZN
2013-11-05,356.78,360.17,354.84,358.892,2007275,AMZN
2013-11-06,360.45,362.87,354.5,356.18,2288077,AMZN
2013-11-07,355.86,357.9,341.88,343.56,4250065,AMZN
2013-11-08,345.95,351.05,344.04,350.31,2656865,AMZN
2013-11-11,350.59,355.37,348.06,354.378,2262538,AMZN
2013-11-12,352.99,355.4826,347.282,349.53,2344304,AMZN
2013-11-13,347.4,356.22,345.68,356.22,2777832,AMZN
2013-11-14,357.39,368.94,356.43,367.396,4164128,AMZN
2013-11-15,367.63,372.9,365.55,369.17,4494773,AMZN
2013-11-18,370.28,373.49,364.67,366.18,2738214,AMZN
2013-11-19,365.82,368.78,362.5,364.94,1904797,AMZN
2013-11-20,367.56,367.56,360.45,362.57,1772984,AMZN
2013-11-21,364.05,369.25,363.3,368.92,1967041,AMZN
2013-11-22,370.0,374.5,366.31,372.31,2967833,AMZN
2013-11-25,373.82,377.79,373.18,376.64,2972546,AMZN
2013-11-26,377.61,382.5,374.8175,381.37,2730689,AMZN
2013-11-27,383.5,387.0,382.611,386.71,2269656,AMZN
2013-11-29,389.1,394.0999,388.62,393.62,2405985,AMZN
2013-12-02,399.0,399.0,389.1,392.3,4718883,AMZN
2013-12-03,390.11,390.949,383.1,384.66,3707536,AMZN
2013-12-04,383.5,389.69,381.4914,385.96,2355719,AMZN
2013-12-05,386.65,386.65,381.371,384.49,1906452,AMZN
2013-12-06,388.35,388.35,383.83,386.95,1987762,AMZN
2013-12-09,388.11,388.21,382.57,384.89,2766573,AMZN
2013-12-10,383.74,389.06,383.02,387.78,2739875,AMZN
2013-12-11,387.34,388.98,382.0,382.19,2451254,AMZN
2013-12-12,381.26,385.0,379.5,381.25,2123652,AMZN
2013-12-13,385.32,389.42,383.8,384.24,3025145,AMZN
2013-12-16,385.03,391.7,385.0,388.97,2258884,AMZN
2013-12-17,390.65,391.36,386.5,387.65,2348377,AMZN
2013-12-18,389.23,396.3,383.1,395.96,3493635,AMZN
2013-12-19,394.27,397.29,392.6,395.19,2429598,AMZN
2013-12-20,396.55,404.72,395.78,402.2,5038537,AMZN
2013-12-23,403.69,405.0,399.2,402.92,2661823,AMZN
2013-12-24,402.52,403.7249,396.37,399.2,1380373,AMZN
2013-12-26,401.79,404.52,396.81,404.39,1871590,AMZN
2013-12-27,404.65,405.63,396.25,398.08,1987280,AMZN
2013-12-30,399.41,399.92,392.45,393.37,2487812,AMZN
2013-12-31,394.58,398.83,393.8,398.79,1997051,AMZN
2014-01-02,398.8,399.36,394.02,397.97,2140246,AMZN
2014-01-03,398.29,402.71,396.22,396.44,2213512,AMZN
2014-01-06,395.85,397.0,388.42,393.63,3172207,AMZN
2014-01-07,395.04,398.47,394.29,398.03,1916684,AMZN
2014-01-08,398.47,403.0,396.04,401.92,2316903,AMZN
2014-01-09,403.71,406.89,398.44,401.01,2103793,AMZN
2014-01-10,402.53,403.764,393.8,397.66,2681701,AMZN
2014-01-13,397.98,399.78,388.45,390.98,2846507,AMZN
2014-01-14,392.13,398.63,391.29,397.54,2340401,AMZN
2014-01-15,398.94,399.31,392.534,395.87,2678794,AMZN
2014-01-16,393.68,399.29,389.41,395.8,2602506,AMZN
2014-01-17,394.26,403.49,393.66,399.61,4508791,AMZN
2014-01-21,403.0,407.8,401.6,407.05,3122705,AMZN
2014-01-22,408.0,408.06,402.0,404.54,2069759,AMZN
2014-01-23,401.0,406.17,397.79,399.87,3026272,AMZN
2014-01-24,398.16,400.2,387.27,387.6,4513038,AMZN
2014-01-27,390.5,394.1,380.49,386.28,3944752,AMZN
2014-01-28,387.4,394.74,387.12,394.43,2901611,AMZN
2014-01-29,392.16,392.85,383.24,384.2,3399294,AMZN
2014-01-30,393.77,406.25,387.7,403.01,10900116,AMZN
2014-01-31,371.76,375.45,357.76,358.69,16181519,AMZN
2014-02-03,358.98,360.85,340.1,346.15,10290934,AMZN
2014-02-04,349.59,353.9975,344.02,347.95,4821177,AMZN
2014-02-05,346.0,349.37,337.73,346.45,4439010,AMZN
2014-02-06,347.403,354.82,347.403,354.59,3340542,AMZN
2014-02-07,358.98,361.8,352.49,361.08,4347189,AMZN
2014-02-10,361.61,365.0,359.35,360.87,3451093,AMZN
2014-02-11,361.842,363.61,356.25,361.79,3225200,AMZN
2014-02-12,356.43,357.75,346.32,349.25,6599199,AMZN
2014-02-13,347.7,357.2,346.5,357.2,4181445,AMZN
2014-02-14,359.34,359.34,353.35,357.35,3524570,AMZN
2014-02-18,355.28,355.73,349.45,353.65,5000493,AMZN
2014-02-19,352.64,354.54,346.1,347.38,4175393,AMZN
2014-02-20,348.8,350.46,344.38,349.8,3496663,AMZN
2014-02-21,352.44,354.141,346.75,346.76,4212144,AMZN
2014-02-24,345.19,353.0,343.29,351.78,3647182,AMZN
2014-02-25,353.0,361.08,351.58,358.32,3747076,AMZN
2014-02-26,359.86,364.75,357.17,359.8,3622506,AMZN
2014-02-27,357.22,360.59,355.5,360.13,3105442,AMZN
2014-02-28,360.6,365.865,357.084,362.1,3885207,AMZN
2014-03-03,358.735,360.96,354.48,359.78,2798230,AMZN
2014-03-04,363.9,365.68,362.46,363.9,2706843,AMZN
2014-03-05,364.13,372.728,363.9,372.37,3862706,AMZN
2014-03-06,374.05,375.33,368.9,372.16,2927497,AMZN
2014-03-07,374.58,374.99,369.531,372.06,2280358,AMZN
2014-03-10,372.69,372.73,367.0,370.53,2107820,AMZN
2014-03-11,370.99,372.8,367.28,368.82,2248019,AMZN
2014-03-12,366.4,371.16,363.61,370.64,2219663,AMZN
2014-03-13,376.62,383.11,368.08,371.51,6829047,AMZN
2014-03-14,372.8,378.568,371.55,373.74,4402220,AMZN
2014-03-17,375.72,378.85,374.88,375.04,2306821,AMZN
2014-03-18,377.32,379.0,375.0,378.77,2483508,AMZN
2014-03-19,378.77,379.0,369.42,373.23,2646687,AMZN
2014-03-20,370.64,373.0,366.22,368.97,2558460,AMZN
2014-03-21,371.0,372.84,358.4,360.62,5417935,AMZN
2014-03-24,360.09,361.5,348.6,351.85,4879627,AMZN
2014-03-25,354.03,358.97,348.84,354.71,4455703,AMZN
2014-03-26,357.13,357.6,343.4,343.41,4120665,AMZN
2014-03-27,343.15,343.9999,330.88,338.47,5770462,AMZN
2014-03-28,340.05,347.0,336.08,338.29,3986782,AMZN
2014-03-31,342.4,346.29,334.06,336.365,4297487,AMZN
2014-04-01,338.09,344.43,338.0,342.99,3602899,AMZN
2014-04-02,345.99,348.295,340.38,341.96,4465927,AMZN
2014-04-03,341.82,342.5,328.46,333.62,6399299,AMZN
2014-04-04,335.15,335.44,315.61,323.0,12534578,AMZN
2014-04-07,320.99,324.94,313.13,317.76,7077360,AMZN
2014-04-08,321.88,328.0,318.44,327.07,6585583,AMZN
2014-04-09,328.47,332.18,322.5,331.805,5058664,AMZN
2014-04-10,330.6,331.0,316.5,317.11,6133376,AMZN
2014-04-11,314.0,316.5,309.5,311.73,7292028,AMZN
2014-04-14,317.67,320.48,311.28,315.91,4293532,AMZN
2014-04-15,316.7,318.28,305.5,316.08,5399337,AMZN
2014-04-16,321.17,324.0,314.71,323.68,4285901,AMZN
2014-04-17,319.76,328.66,319.76,324.91,4300378,AMZN
2014-04-21,323.97,331.1499,322.31,330.87,3000598,AMZN
2014-04-22,332.0,337.5,328.94,329.32,3714288,AMZN
2014-04-23,333.06,333.13,323.39,324.58,3604586,AMZN
2014-04-24,329.67,337.4,322.95,337.15,9293735,AMZN
2014-04-25,316.25,316.49,302.71,303.83,16186737,AMZN
2014-04-28,304.0,304.39,288.0,296.58,14479803,AMZN
2014-04-29,296.44,301.84,290.45,300.38,6510591,AMZN
2014-04-30,298.1,304.56,298.1,304.13,4090006,AMZN
2014-05-01,304.13,310.48,304.0,307.89,4329167,AMZN
2014-05-02,310.42,313.29,304.31,308.01,3995218,AMZN
2014-05-05,306.37,310.23,305.0,310.05,2520300,AMZN
2014-05-06,309.53,309.81,297.04,297.38,4682327,AMZN
2014-05-07,295.56,296.4,286.68,292.71,7016937,AMZN
2014-05-08,290.82,295.8784,287.23,288.32,3848996,AMZN
2014-05-09,290.57,293.68,284.38,292.24,4062984,AMZN
2014-05-12,294.3,303.34,294.16,302.86,3735443,AMZN
2014-05-13,302.6,305.6,300.75,304.64,3509937,AMZN
2014-05-14,302.5,304.64,296.66,297.62,3328414,AMZN
2014-05-15,298.02,299.2,290.38,295.19,4299530,AMZN
2014-05-16,292.8,298.88,291.55,297.7,3637649,AMZN
2014-05-19,295.76,299.0,293.81,296.755,2286313,AMZN
2014-05-20,297.1,304.46,296.75,301.19,4096308,AMZN
2014-05-21,302.21,305.96,301.5201,305.01,3409200,AMZN
2014-05-22,305.05,308.54,303.01,304.91,2576888,AMZN
2014-05-23,305.46,312.35,304.9,312.24,3055997,AMZN
2014-05-27,314.41,314.6296,307.38,310.82,4864163,AMZN
2014-05-28,309.5,313.82,307.42,310.16,2726803,AMZN
2014-05-29,310.42,314.87,310.2,313.78,2365679,AMZN
2014-05-30,314.43,314.65,307.57,312.55,4260624,AMZN
2014-06-02,312.59,312.6,307.0,308.84,2205909,AMZN
2014-06-03,305.75,307.92,305.07,307.19,2379273,AMZN
2014-06-04,306.85,309.5,303.84,306.78,2111176,AMZN
2014-06-05,308.1,327.94,306.9,323.57,7803760,AMZN
2014-06-06,325.0,330.88,324.93,329.67,5246723,AMZN
2014-06-09,331.57,333.0,325.65,327.5,3212755,AMZN
2014-06-10,327.65,335.5,327.5,332.41,3668904,AMZN
2014-06-11,336.0,340.7199,333.8772,335.2,4439178,AMZN
2014-06-12,335.55,335.55,324.66,325.91,4276316,AMZN
2014-06-13,327.05,329.298,323.5262,326.27,2766909,AMZN
2014-06-16,324.86,328.6945,323.52,327.62,2449843,AMZN
2014-06-17,327.54,331.34,325.23,325.62,2924058,AMZN
2014-06-18,328.0,335.75,325.0,334.38,6409334,AMZN
2014-06-19,335.255,338.9,325.98,327.0,5327002,AMZN
2014-06-20,327.76,328.22,320.42,324.2,6056210,AMZN
2014-06-23,323.33,327.55,321.41,327.24,2609628,AMZN
2014-06-24,327.54,329.73,322.738,324.16,2627978,AMZN
2014-06-25,324.33,328.15,321.74,327.44,2328006,AMZN
2014-06-26,328.49,328.65,322.13,325.69,2699908,AMZN
2014-06-27,325.88,326.52,323.27,324.57,2419626,AMZN
2014-06-30,324.98,326.98,322.24,324.78,2672165,AMZN
2014-07-01,325.86,333.2,325.1,332.39,3178548,AMZN
2014-07-02,333.2,336.76,331.66,332.85,2681578,AMZN
2014-07-03,334.83,338.3,333.08,337.492,1944300,AMZN
2014-07-07,337.5,337.55,332.52,333.55,2130028,AMZN
2014-07-08,333.1,333.7397,321.4,323.81,4275447,AMZN
2014-07-09,324.71,330.2,323.15,329.97,3167133,AMZN
2014-07-10,324.34,329.98,322.65,327.92,2665753,AMZN
2014-07-11,334.71,347.0,334.71,346.2,8309079,AMZN
2014-07-14,347.03,355.77,345.356,355.32,5615482,AMZN
2014-07-15,353.72,355.59,349.4,354.44,4176758,AMZN
2014-07-16,355.62,359.32,353.0,355.9,3505023,AMZN
2014-07-17,353.44,356.96,351.38,352.454,3640290,AMZN
2014-07-18,354.4,359.68,352.08,358.66,3410032,AMZN
2014-07-21,358.1,361.71,356.72,359.76,2282741,AMZN
2014-07-22,355.25,362.93,355.25,360.84,2889366,AMZN
2014-07-23,359.05,360.63,356.62,358.14,2688761,AMZN
2014-07-24,359.98,364.85,358.52,358.61,7088655,AMZN
2014-07-25,317.3,324.87,314.76,324.01,17855141,AMZN
2014-07-28,324.25,324.82,316.5,320.41,5933999,AMZN
2014-07-29,321.98,322.8999,319.5,320.0,2885644,AMZN
2014-07-30,321.45,322.73,318.5,322.51,3973213,AMZN
2014-07-31,320.01,320.6836,311.86,312.99,5193770,AMZN
2014-08-01,313.69,315.83,304.588,307.06,7443091,AMZN
2014-08-04,308.84,316.18,308.5,313.65,4208660,AMZN
2014-08-05,313.3,314.55,310.06,312.32,2856294,AMZN
2014-08-06,310.83,315.78,310.2,313.89,2297476,AMZN
2014-08-07,315.21,315.8774,309.655,311.45,2936913,AMZN
2014-08-08,311.94,317.32,310.66,316.8,2708416,AMZN
2014-08-11,318.48,320.38,316.88,318.33,2472819,AMZN
2014-08-12,318.89,321.31,316.95,319.32,1916143,AMZN
2014-08-13,327.6,331.72,326.14,326.28,4938152,AMZN
2014-08-14,327.8,334.09,326.71,333.21,3420646,AMZN
2014-08-15,334.0,335.0,328.32,333.63,3897928,AMZN
2014-08-18,335.48,337.8,333.77,334.53,2488186,AMZN
2014-08-19,334.87,335.81,333.01,335.13,1714120,AMZN
2014-08-20,334.68,337.16,334.022,335.78,1811462,AMZN
2014-08-21,336.48,336.582,332.23,332.91,1975792,AMZN
2014-08-22,332.99,334.08,330.8,331.59,2212965,AMZN
2014-08-25,333.21,336.77,332.71,334.02,1960978,AMZN
2014-08-26,337.0,344.36,334.55,341.83,3654702,AMZN
2014-08-27,342.09,346.67,341.34,343.18,2961767,AMZN
2014-08-28,340.0,341.79,338.8,340.02,2254725,AMZN
2014-08-29,341.76,341.8199,337.68,339.04,1939848,AMZN
2014-09-02,339.98,342.5,337.1587,342.38,2328881,AMZN
2014-09-03,342.54,343.27,337.55,339.0,1998540,AMZN
2014-09-04,343.69,349.38,343.58,345.95,3965557,AMZN
2014-09-05,346.3,346.827,342.5,346.38,2111220,AMZN
2014-09-08,344.54,345.81,339.04,342.34,2960693,AMZN
2014-09-09,341.61,341.76,329.18,329.75,4646832,AMZN
2014-09-10,334.3,334.98,328.82,331.33,3798904,AMZN
2014-09-11,329.94,333.01,326.39,330.52,2721893,AMZN
2014-09-12,329.56,332.89,328.79,331.19,3429727,AMZN
2014-09-15,330.91,331.33,319.0,323.89,4006918,AMZN
2014-09-16,321.07,329.48,320.1,327.76,3265860,AMZN
2014-09-17,327.76,328.0,321.52,324.0,4138950,AMZN
2014-09-18,325.44,327.1,323.7105,325.0,2577706,AMZN
2014-09-19,327.6,332.7559,325.57,331.32,6886382,AMZN
2014-09-22,328.49,329.49,321.06,324.5,3118649,AMZN
2014-09-23,322.46,327.6,321.25,323.63,2353590,AMZN
2014-09-24,324.17,329.44,319.56,328.21,2647232,AMZN
2014-09-25,327.99,328.54,321.4,321.93,2934944,AMZN
2014-09-26,320.6,323.5,317.64,323.21,3639155,AMZN
2014-09-29,320.5,323.75,319.0,321.82,1929589,AMZN
2014-09-30,321.36,323.43,318.51,322.44,2639967,AMZN
2014-10-01,322.04,322.165,315.55,317.46,3096735,AMZN
2014-10-02,316.92,318.53,311.31,318.41,3553944,AMZN
2014-10-03,320.36,325.16,319.53,322.74,3037891,AMZN
2014-10-06,323.5,324.13,319.6,322.2,2294194,AMZN
2014-10-07,319.43,322.0,316.67,316.98,2365698,AMZN
2014-10-08,316.58,324.11,314.14,322.7,3458960,AMZN
2014-10-09,321.49,322.271,314.52,315.37,3589464,AMZN
2014-10-10,314.02,317.77,311.38,311.39,3684314,AMZN
2014-10-13,309.87,313.2,303.47,306.45,4369850,AMZN
2014-10-14,308.0,312.24,305.75,308.31,3385809,AMZN
2014-10-15,304.35,307.9,299.102,305.97,5348254,AMZN
2014-10-16,293.83,306.82,293.83,302.86,4731866,AMZN
2014-10-17,307.15,309.2,302.72,303.64,4409218,AMZN
2014-10-20,302.95,306.53,302.02,306.21,3239490,AMZN
2014-10-21,309.9,315.64,307.07,315.33,3563351,AMZN
2014-10-22,315.43,318.98,312.64,312.97,3130049,AMZN
2014-10-23,313.4,316.8,311.4,313.18,9038193,AMZN
2014-10-24,284.4,293.81,284.0,287.06,19805911,AMZN
2014-10-27,285.7,290.42,285.02,289.97,5950594,AMZN
2014-10-28,289.76,298.0,289.76,295.59,5576646,AMZN
2014-10-29,299.11,299.61,293.0701,294.12,4883259,AMZN
2014-10-30,293.98,299.74,292.36,299.07,4055155,AMZN
2014-10-31,305.15,305.72,301.5,305.46,4551795,AMZN
2014-11-03,306.24,308.01,303.24,305.72,3244150,AMZN
2014-11-04,303.99,304.25,300.17,302.81,3427384,AMZN
2014-11-05,303.01,304.0,294.16,296.52,4674492,AMZN
2014-11-06,296.69,297.0,292.29,296.64,3758121,AMZN
2014-11-07,297.82,299.99,296.29,299.86,2647352,AMZN
2014-11-10,300.0,305.799,300.0,305.11,2809056,AMZN
2014-11-11,305.94,312.38,303.646,312.01,3807333,AMZN
2014-11-12,310.75,312.58,308.79,311.51,2182982,AMZN
2014-11-13,312.0,317.89,311.51,316.48,3686428,AMZN
2014-11-14,317.12,332.88,316.401,327.82,8877785,AMZN
2014-11-17,326.44,328.0,318.03,323.05,4784933,AMZN
2014-11-18,323.99,329.56,323.25,324.93,3551161,AMZN
2014-11-19,327.25,328.4,324.02,326.54,3281614,AMZN
2014-11-20,324.0,332.67,323.33,330.54,3436721,AMZN
2014-11-21,335.42,338.33,331.47,332.63,4466587,AMZN
2014-11-24,334.78,337.39,333.6,335.64,2754186,AMZN
2014-11-25,335.27,336.3325,331.28,335.04,2564989,AMZN
2014-11-26,333.78,334.65,331.75,333.57,1985949,AMZN
2014-11-28,336.03,341.26,336.03,338.64,3051798,AMZN
2014-12-01,338.12,340.64,325.93,326.0,4944861,AMZN
2014-12-02,327.5,327.93,323.25,326.31,2790257,AMZN
2014-12-03,325.73,326.77,314.36,316.5,5689904,AMZN
2014-12-04,315.53,318.59,313.47,316.93,3296642,AMZN
2014-12-05,316.8,316.93,310.84,312.63,3265214,AMZN
2014-12-08,311.57,316.56,304.821,306.64,3639180,AMZN
2014-12-09,302.99,313.639,301.14,312.5,4049506,AMZN
2014-12-10,312.0,313.19,304.68,305.84,3245890,AMZN
2014-12-11,307.89,312.64,306.01,307.36,3272919,AMZN
2014-12-12,303.99,310.6399,303.01,307.32,3162322,AMZN
2014-12-15,308.87,310.86,302.15,306.07,3841577,AMZN
2014-12-16,304.35,304.49,295.01,295.06,6501252,AMZN
2014-12-17,296.37,299.67,293.03,298.88,4433505,AMZN
2014-12-18,304.01,304.5,293.25,297.73,7738067,AMZN
2014-12-19,296.91,301.54,295.52,299.9,8709129,AMZN
2014-12-22,301.94,307.36,301.94,306.54,4003827,AMZN
2014-12-23,306.98,307.49,303.252,306.285,2718359,AMZN
2014-12-24,306.38,307.0,302.875,303.03,1518107,AMZN
2014-12-26,305.0,310.7799,303.81,309.09,2893801,AMZN
2014-12-29,307.85,314.27,306.58,312.04,3009046,AMZN
2014-12-30,309.91,313.94,309.34,310.3,2093023,AMZN
2014-12-31,311.55,312.98,310.01,310.35,2057766,AMZN
2015-01-02,312.58,314.75,306.9601,308.52,2788101,AMZN
2015-01-05,307.01,308.38,300.85,302.19,2774231,AMZN
2015-01-06,302.24,303.0,292.38,295.29,3519034,AMZN
2015-01-07,297.5,301.28,295.33,298.42,2640349,AMZN
2015-01-08,300.32,303.14,296.11,300.46,3088398,AMZN
2015-01-09,301.48,302.87,296.68,296.93,2592360,AMZN
2015-01-12,297.56,298.51,289.281,291.41,3421392,AMZN
2015-01-13,297.48,301.4976,293.23,294.74,4136442,AMZN
2015-01-14,291.93,295.91,286.503,293.27,5538666,AMZN
2015-01-15,294.0,295.9995,286.815,286.95,4419196,AMZN
2015-01-16,286.28,290.79,285.25,290.74,3478176,AMZN
2015-01-20,292.59,293.3599,286.39,289.44,3075081,AMZN
2015-01-21,289.64,306.0,287.26,297.25,10065076,AMZN
2015-01-22,300.0,312.25,300.0,310.32,5362640,AMZN
2015-01-23,308.08,316.93,307.72,312.39,4496419,AMZN
2015-01-26,311.82,313.0,307.5201,309.66,3169665,AMZN
2015-01-27,306.3,310.243,302.625,306.75,2920315,AMZN
2015-01-28,309.81,311.51,303.8,303.91,3063774,AMZN
2015-01-29,304.73,312.8,299.33,311.78,8656567,AMZN
2015-01-30,346.32,359.5,340.74,354.53,23856060,AMZN
2015-02-02,350.05,365.0,350.01,364.47,10231914,AMZN
2015-02-03,360.29,367.817,360.21,363.55,6212565,AMZN
2015-02-04,358.38,367.5,358.23,364.75,4169927,AMZN
2015-02-05,366.0,378.8,365.9,373.89,7247605,AMZN
2015-02-06,374.87,375.9899,371.01,374.28,3892382,AMZN
2015-02-09,371.0,374.41,367.2,370.56,2724630,AMZN
2015-02-10,371.19,374.3,368.51,372.995,2287232,AMZN
2015-02-11,371.23,377.1,371.1,375.14,2786523,AMZN
2015-02-12,375.1,378.51,373.15,377.17,2791050,AMZN
2015-02-13,378.41,383.0,377.01,381.83,3475069,AMZN
2015-02-17,377.72,379.985,372.67,375.43,3673208,AMZN
2015-02-18,373.78,376.74,372.85,373.37,2650610,AMZN
2015-02-19,373.49,381.88,373.43,378.995,2953752,AMZN
2015-02-20,378.62,383.7,375.84,383.66,3258023,AMZN
2015-02-23,383.44,384.54,378.0,380.14,2176989,AMZN
2015-02-24,378.65,380.48,376.16,378.59,1921850,AMZN
2015-02-25,377.27,387.85,376.54,385.37,3174495,AMZN
2015-02-26,384.07,389.37,383.28,384.8,2687107,AMZN
2015-02-27,384.0,385.99,379.79,380.16,2532309,AMZN
2015-03-02,380.85,385.9,379.481,385.655,2139205,AMZN
2015-03-03,383.95,386.1,381.601,384.61,1946498,AMZN
2015-03-04,385.71,387.9,382.19,382.72,2259141,AMZN
2015-03-05,385.61,388.4182,383.89,387.83,2693518,AMZN
2015-03-06,385.52,387.0,378.88,380.09,2627042,AMZN
2015-03-09,378.4,379.33,375.28,378.56,2311390,AMZN
2015-03-10,377.45,377.77,369.18,369.51,3120972,AMZN
2015-03-11,370.61,373.35,366.26,366.37,2495097,AMZN
2015-03-12,368.82,375.5,367.52,374.24,2810001,AMZN
2015-03-13,371.52,373.99,366.68,370.58,2611658,AMZN
2015-03-16,370.38,373.94,366.72,373.35,2354059,AMZN
2015-03-17,371.11,374.5,369.64,371.92,2036961,AMZN
2015-03-18,369.97,375.99,366.7,375.135,2654135,AMZN
2015-03-19,373.87,377.11,372.19,373.24,1915671,AMZN
2015-03-20,376.29,379.37,375.92,378.49,3763553,AMZN
2015-03-23,378.07,381.77,374.94,375.11,2239343,AMZN
2015-03-24,373.99,375.24,372.27,374.09,2228214,AMZN
2015-03-25,375.17,380.5,370.285,370.96,3429497,AMZN
2015-03-26,369.59,371.4,365.65,367.35,2929962,AMZN
2015-03-27,367.11,373.17,366.5734,370.56,2609774,AMZN
2015-03-30,371.87,376.12,371.55,374.59,1820933,AMZN
2015-03-31,373.24,377.7,371.51,372.1,2506122,AMZN
2015-04-01,372.1,373.16,368.34,370.255,2458095,AMZN
2015-04-02,370.5,373.28,369.0,372.25,1875279,AMZN
2015-04-06,370.1,380.2,369.36,377.04,3050709,AMZN
2015-04-07,376.15,379.31,374.03,374.41,1954902,AMZN
2015-04-08,374.66,381.58,374.65,381.2,2636434,AMZN
2015-04-09,380.66,384.42,378.795,383.54,2392328,AMZN
2015-04-10,384.31,387.12,381.3151,382.65,2573519,AMZN
2015-04-13,383.53,385.28,380.14,382.36,1894453,AMZN
2015-04-14,383.51,387.81,381.2101,385.11,2583575,AMZN
2015-04-15,384.65,385.78,381.64,383.45,1933229,AMZN
2015-04-16,383.69,387.45,383.55,386.04,2080418,AMZN
2015-04-17,382.63,383.56,374.4,375.56,3839664,AMZN
2015-04-20,378.55,391.94,377.0,389.51,5016148,AMZN
2015-04-21,391.31,394.6,386.8,391.18,4643524,AMZN
2015-04-22,391.91,394.28,388.0,389.8,3474724,AMZN
2015-04-23,390.21,391.88,386.15,389.99,7979985,AMZN
2015-04-24,439.0,452.65,439.0,445.1,17176904,AMZN
2015-04-27,443.86,446.99,437.41,438.56,5430949,AMZN
2015-04-28,438.51,439.0,428.04,429.31,4140483,AMZN
2015-04-29,426.75,434.24,426.03,429.37,3621688,AMZN
2015-04-30,427.11,431.75,419.24,421.78,3647877,AMZN
2015-05-01,423.82,425.64,416.0,422.87,3565824,AMZN
2015-05-04,424.8,429.77,422.42,423.04,2270448,AMZN
2015-05-05,422.85,427.51,421.02,421.19,2856386,AMZN
2015-05-06,421.43,422.7165,414.55,419.1,2552474,AMZN
2015-05-07,424.15,428.5,422.85,426.88,2766132,AMZN
2015-05-08,430.75,435.2,430.174,433.69,2908838,AMZN
2015-05-11,432.51,439.0,431.37,432.85,2393737,AMZN
2015-05-12,431.08,433.25,426.71,431.02,1947822,AMZN
2015-05-13,429.98,433.528,425.8,426.87,1996328,AMZN
2015-05-14,429.45,433.0,427.01,432.28,1888477,AMZN
2015-05-15,428.0,430.3962,424.3,426.0,4240306,AMZN
2015-05-18,426.0,427.27,421.46,425.24,2390229,AMZN
2015-05-19,424.87,428.24,420.63,421.71,2465240,AMZN
2015-05-20,420.6,427.1,418.36,423.86,2196159,AMZN
2015-05-21,428.0,436.9,428.0,431.63,4121401,AMZN
2015-05-22,431.55,432.44,427.61,427.63,2020629,AMZN
2015-05-26,426.2,427.0,422.0,425.47,2244185,AMZN
2015-05-27,427.45,431.85,425.01,431.42,2231088,AMZN
2015-05-28,429.71,431.35,425.47,426.57,1912436,AMZN
2015-05-29,427.23,432.5,427.23,429.23,3016060,AMZN
2015-06-01,430.4,433.16,426.2,430.92,2253264,AMZN
2015-06-02,430.07,433.23,426.25,430.99,1669845,AMZN
2015-06-03,434.4,438.39,432.75,436.59,2727914,AMZN
2015-06-04,434.4,436.755,429.26,430.78,2510761,AMZN
2015-06-05,429.66,430.8,426.5,426.95,1907855,AMZN
2015-06-08,425.62,426.8,421.425,423.5,2172525,AMZN
2015-06-09,422.96,427.49,419.14,425.48,2288663,AMZN
2015-06-10,426.46,432.2,425.66,430.77,2172333,AMZN
2015-06-11,432.29,438.89,431.47,432.97,2922459,AMZN
2015-06-12,431.25,432.36,428.26,429.92,2054385,AMZN
2015-06-15,427.66,428.05,422.64,423.67,2050987,AMZN
2015-06-16,424.15,427.97,422.67,427.26,2297469,AMZN
2015-06-17,428.36,431.35,424.753,427.81,2185869,AMZN
2015-06-18,430.3,439.73,429.405,439.39,3378360,AMZN
2015-06-19,440.26,444.99,433.24,434.92,4495087,AMZN
2015-06-22,437.0,439.24,434.18,436.29,1823572,AMZN
2015-06-23,435.59,447.04,433.69,445.99,3245049,AMZN
2015-06-24,444.97,446.47,440.23,440.84,2620827,AMZN
2015-06-25,438.07,443.47,436.39,440.1,2237458,AMZN
2015-06-26,441.76,443.49,435.06,438.1,2624479,AMZN
2015-06-29,434.98,437.0,429.0,429.86,2753193,AMZN
2015-06-30,434.2,435.57,430.46,434.09,2596873,AMZN
2015-07-01,439.35,440.0,435.58,437.39,1987076,AMZN
2015-07-02,437.0,438.2,433.48,437.71,1343397,AMZN
2015-07-06,435.23,439.73,433.52,436.04,1903161,AMZN
2015-07-07,435.68,437.73,425.57,436.72,3454248,AMZN
2015-07-08,434.35,435.99,428.83,429.7,2383130,AMZN
2015-07-09,434.9,438.72,434.15,434.39,2271395,AMZN
2015-07-10,440.49,444.72,439.0,443.51,2400981,AMZN
2015-07-13,448.29,457.87,447.54,455.57,3956802,AMZN
2015-07-14,462.32,469.6,458.16,465.57,4736215,AMZN
2015-07-15,463.04,464.7,460.2,461.19,2987399,AMZN
2015-07-16,465.5,475.88,464.8,475.48,4095581,AMZN
2015-07-17,477.7,485.42,477.25,483.01,4932176,AMZN
2015-07-20,492.57,493.2,485.4,488.1,4752491,AMZN
2015-07-21,487.9,488.88,482.55,488.0,3181831,AMZN
2015-07-22,485.99,492.5,484.9,488.27,3114898,AMZN
2015-07-23,491.66,491.66,475.7,482.18,9374431,AMZN
2015-07-24,578.99,580.57,529.35,529.42,21909381,AMZN
2015-07-27,527.75,544.95,526.6,531.41,7490960,AMZN
2015-07-28,536.0,536.39,523.12,526.03,5273092,AMZN
2015-07-29,530.92,532.9655,525.02,529.0,3752634,AMZN
2015-07-30,527.65,539.2,524.29,536.76,3743065,AMZN
2015-07-31,539.09,542.84,534.5201,536.15,3025598,AMZN
2015-08-03,537.45,540.44,529.36,535.03,3014236,AMZN
2015-08-04,529.69,536.95,529.163,531.9,2934590,AMZN
2015-08-05,538.8,539.14,534.119,537.01,2889350,AMZN
2015-08-06,539.3,542.74,527.52,529.46,3820453,AMZN
2015-08-07,529.16,529.4599,518.21,522.62,3969215,AMZN
2015-08-10,528.52,532.2764,523.0,524.0,2615926,AMZN
2015-08-11,523.65,528.98,522.0,527.46,2676600,AMZN
2015-08-12,523.75,527.5,513.06,525.91,4014684,AMZN
2015-08-13,527.37,534.66,525.4846,529.66,2895238,AMZN
2015-08-14,528.25,534.11,528.25,531.52,1994799,AMZN
2015-08-17,531.29,538.74,527.12,535.22,2581680,AMZN
2015-08-18,535.04,539.49,533.0,535.02,2071342,AMZN
2015-08-19,533.74,537.25,529.0,532.92,2324040,AMZN
2015-08-20,530.39,533.25,515.77,515.78,4407990,AMZN
2015-08-21,507.36,512.33,494.47,494.47,6706466,AMZN
2015-08-24,463.58,489.76,451.0,463.37,10097601,AMZN
2015-08-25,487.49,489.44,466.25,466.37,5679329,AMZN
2015-08-26,484.02,503.72,478.76,500.77,6358639,AMZN
2015-08-27,514.03,522.69,507.261,518.37,6114506,AMZN
2015-08-28,517.5,521.5,513.04,518.01,2746708,AMZN
2015-08-31,516.44,519.41,509.07,512.89,3002293,AMZN
2015-09-01,499.14,510.0,493.43,496.54,3864514,AMZN
2015-09-02,505.09,510.86,497.72,510.55,3707116,AMZN
2015-09-03,514.5,515.84,502.57,504.72,3149694,AMZN
2015-09-04,497.65,502.85,495.64,499.0,2692510,AMZN
2015-09-08,508.69,518.35,508.5144,517.54,3810653,AMZN
2015-09-09,524.0,529.95,515.06,516.89,4370657,AMZN
2015-09-10,515.15,526.13,514.78,522.24,2575982,AMZN
2015-09-11,521.07,529.44,520.605,529.44,3227862,AMZN
2015-09-14,529.44,532.45,518.58,521.38,3130241,AMZN
2015-09-15,523.25,527.92,517.2,522.37,2865933,AMZN
2015-09-16,521.98,528.3,518.52,527.39,2252790,AMZN
2015-09-17,526.98,546.97,526.57,538.87,4169484,AMZN
2015-09-18,534.62,546.237,531.35,540.26,6160075,AMZN
2015-09-21,544.33,549.78,539.59,548.39,3283313,AMZN
2015-09-22,539.71,543.55,532.66,538.4,3841748,AMZN
2015-09-23,538.3,541.21,534.0,536.07,2237571,AMZN
2015-09-24,530.55,534.56,522.87,533.75,3500964,AMZN
2015-09-25,542.57,542.8,521.4,524.25,4030998,AMZN
2015-09-28,520.02,520.28,494.3337,504.06,5434532,AMZN
2015-09-29,506.0,511.48,490.5,496.07,4457532,AMZN
2015-09-30,505.44,512.8,501.6724,511.89,4004681,AMZN
2015-10-01,511.0,520.8,506.0,520.72,3768483,AMZN
2015-10-02,512.99,532.6,508.1,532.54,4597795,AMZN
2015-10-05,536.99,545.91,536.0,543.68,3391359,AMZN
2015-10-06,545.5,551.5,533.33,537.48,4547519,AMZN
2015-10-07,541.79,542.0,529.0,541.94,3812087,AMZN
2015-10-08,536.71,539.386,519.89,533.16,4676440,AMZN
2015-10-09,534.48,541.79,530.27,539.8,3537364,AMZN
2015-10-12,539.96,550.82,539.8,550.19,2776103,AMZN
2015-10-13,546.26,553.2,543.1,548.9,2938044,AMZN
2015-10-14,551.34,552.25,539.68,544.83,3582060,AMZN
2015-10-15,547.75,563.0,547.0,562.44,4937034,AMZN
2015-10-16,565.27,570.94,560.31,570.76,4315792,AMZN
2015-10-19,570.76,579.0,567.38,573.15,4375420,AMZN
2015-10-20,572.0,573.0,555.28,560.88,4346209,AMZN
2015-10-21,563.87,565.25,552.52,555.77,3361655,AMZN
2015-10-22,562.7,569.146,556.67,563.91,7779372,AMZN
2015-10-23,617.68,619.45,595.36,599.03,10692667,AMZN
2015-10-26,602.3,609.85,596.29,608.61,4269715,AMZN
2015-10-27,608.6,614.71,605.53,611.01,3787136,AMZN
2015-10-28,612.3,617.23,609.5,617.1,3926200,AMZN
2015-10-29,617.7,627.54,615.39,626.55,3896026,AMZN
2015-10-30,626.01,630.72,625.28,625.9,3874363,AMZN
2015-11-02,627.13,628.63,620.41,628.35,2816479,AMZN
2015-11-03,629.53,629.89,622.0,625.31,3246910,AMZN
2015-11-04,627.76,645.93,627.35,640.95,4840501,AMZN
2015-11-05,647.1,657.0,643.0901,655.65,4723825,AMZN
2015-11-06,655.0,662.26,652.0,659.37,4092165,AMZN
2015-11-09,658.65,661.955,647.8477,655.49,4048823,AMZN
2015-11-10,651.01,660.0,647.262,659.68,3489483,AMZN
2015-11-11,663.25,675.96,663.25,673.25,5387309,AMZN
2015-11-12,673.0,675.64,664.22,665.6,4284678,AMZN
2015-11-13,663.57,667.0,640.45,642.35,6261076,AMZN
2015-11-16,640.92,649.99,622.29,647.81,7435934,AMZN
2015-11-17,650.65,653.25,641.0,643.3,4320177,AMZN
2015-11-18,646.51,664.88,646.37,663.54,4469769,AMZN
2015-11-19,664.99,672.86,659.0,661.27,4705237,AMZN
2015-11-20,667.94,668.87,657.57,668.45,3896135,AMZN
2015-11-23,671.5,682.77,668.45,678.99,4385057,AMZN
2015-11-24,674.14,675.8,661.2125,671.15,4543417,AMZN
2015-11-25,675.0,679.7,671.24,675.34,2697889,AMZN
2015-11-27,680.8,680.99,672.1,673.26,1966801,AMZN
2015-11-30,675.9,681.29,664.6,664.8,5693172,AMZN
2015-12-01,673.75,681.0,667.86,679.06,4751152,AMZN
2015-12-02,681.0,684.82,674.25,676.01,4273526,AMZN
2015-12-03,679.44,682.79,661.48,666.25,5064736,AMZN
2015-12-04,666.0,674.775,661.4,672.64,4534796,AMZN
2015-12-07,674.74,675.46,660.5,669.83,3732814,AMZN
2015-12-08,663.13,679.99,659.79,677.33,3651908,AMZN
2015-12-09,678.0,679.0,655.68,664.79,5158172,AMZN
2015-12-10,665.59,668.526,659.56,662.32,3455472,AMZN
2015-12-11,651.23,657.88,639.62,640.15,5474420,AMZN
2015-12-14,641.75,658.585,635.27,657.91,4361273,AMZN
2015-12-15,665.03,671.5,657.35,658.64,4753415,AMZN
2015-12-16,663.56,677.35,659.32,675.77,3964470,AMZN
2015-12-17,680.0,682.5,670.65,670.65,3681645,AMZN
2015-12-18,668.65,676.84,664.13,664.14,6841304,AMZN
2015-12-21,668.5,669.9,658.93,664.51,3250900,AMZN
2015-12-22,666.83,668.49,659.26,663.15,2667795,AMZN
2015-12-23,666.5,666.597,656.63,663.7,2722922,AMZN
2015-12-24,663.35,664.68,660.6,662.79,1092970,AMZN
2015-12-28,665.56,675.5,665.5,675.2,3783555,AMZN
2015-12-29,677.98,696.44,677.8893,693.97,5734996,AMZN
2015-12-30,691.89,695.49,686.375,689.07,3519003,AMZN
2015-12-31,686.08,687.75,675.89,675.89,3749560,AMZN
2016-01-04,656.29,657.715,627.51,636.99,9314519,AMZN
2016-01-05,646.86,646.91,627.65,633.79,5822603,AMZN
2016-01-06,622.0,639.79,620.31,632.65,5329197,AMZN
2016-01-07,621.8,630.0,605.21,607.94,7074915,AMZN
2016-01-08,619.66,624.14,606.0,607.05,5512915,AMZN
2016-01-11,612.48,619.85,598.57,617.74,4891551,AMZN
2016-01-12,625.25,625.99,612.2415,617.89,4724100,AMZN
2016-01-13,620.88,620.88,579.16,581.81,7655239,AMZN
2016-01-14,580.25,602.25,569.88,593.0,7237978,AMZN
2016-01-15,572.24,584.62,565.3,570.18,7784523,AMZN
2016-01-19,577.09,584.0,566.45,574.48,4807165,AMZN
2016-01-20,564.36,578.45,547.18,571.77,7966406,AMZN
2016-01-21,573.58,588.81,568.22,575.02,4952217,AMZN
2016-01-22,588.73,600.1,584.1079,596.38,5120144,AMZN
2016-01-25,597.99,608.5,594.56,596.53,4396079,AMZN
2016-01-26,603.45,604.5,590.38,601.25,3765655,AMZN
2016-01-27,601.99,603.39,578.78,583.35,5152853,AMZN
2016-01-28,608.37,638.06,597.55,635.35,14015171,AMZN
2016-01-29,571.98,593.0,570.0,587.0,14677550,AMZN
2016-02-01,578.15,581.8,570.31,574.81,6355123,AMZN
2016-02-02,570.0,571.56,550.09,552.1,6312045,AMZN
2016-02-03,553.5,556.0,521.9,531.07,10048709,AMZN
2016-02-04,525.0,538.99,519.2201,536.26,6199070,AMZN
2016-02-05,529.28,529.45,499.19,502.13,9708929,AMZN
2016-02-08,486.47,493.5,475.21,488.1,9825509,AMZN
2016-02-09,478.01,498.38,474.0,482.07,7077915,AMZN
2016-02-10,491.76,504.66,486.0,490.48,6786181,AMZN
2016-02-11,491.17,509.3,484.0,503.82,7397393,AMZN
2016-02-12,510.7,516.75,501.4932,507.08,5384787,AMZN
2016-02-16,519.48,524.45,511.66,521.1,5118500,AMZN
2016-02-17,528.74,537.48,519.39,534.1,4824002,AMZN
2016-02-18,541.19,541.2,523.73,525.0,4735008,AMZN
2016-02-19,520.71,535.95,515.35,534.9,4974717,AMZN
2016-02-22,542.2,560.65,541.08,559.5,5566553,AMZN
2016-02-23,555.55,556.91,545.33,552.94,4050790,AMZN
2016-02-24,545.75,554.27,533.1501,554.04,6231668,AMZN
2016-02-25,555.52,559.39,545.2946,555.15,4525463,AMZN
2016-02-26,560.12,562.5,553.17,555.23,4877039,AMZN
2016-02-29,554.0,564.81,552.51,552.52,4145396,AMZN
2016-03-01,556.29,579.25,556.0,579.04,5038452,AMZN
2016-03-02,581.75,585.0,573.7,580.21,4582170,AMZN
2016-03-03,577.96,579.866,573.11,577.49,2741292,AMZN
2016-03-04,581.07,581.4,571.065,575.14,3416545,AMZN
2016-03-07,573.54,573.63,555.55,562.8,4932527,AMZN
2016-03-08,557.87,571.35,554.74,560.26,4729952,AMZN
2016-03-09,559.56,560.35,550.125,559.47,4377283,AMZN
2016-03-10,566.74,567.0,547.9,558.93,3919892,AMZN
2016-03-11,566.95,570.06,562.73,569.61,3771310,AMZN
2016-03-14,567.0,576.89,563.05,573.37,3454152,AMZN
2016-03-15,571.0,581.52,567.0,577.02,3876821,AMZN
2016-03-16,576.64,581.32,571.14,574.27,3537669,AMZN
2016-03-17,569.51,571.4,555.01,559.44,5928105,AMZN
2016-03-18,560.94,562.33,546.09,552.08,7296885,AMZN
2016-03-21,548.91,555.24,538.58,553.98,5155732,AMZN
2016-03-22,545.11,562.76,545.05,560.48,4000564,AMZN
2016-03-23,561.0,572.48,558.1,569.63,3983720,AMZN
2016-03-24,567.11,583.55,567.08,582.95,5185539,AMZN
2016-03-28,584.4,584.75,575.56,579.87,3121522,AMZN
2016-03-29,580.15,595.85,576.5,593.86,4392567,AMZN
2016-03-30,596.71,603.24,595.0,598.69,3890461,AMZN
2016-03-31,599.28,600.75,592.21,593.64,2681811,AMZN
2016-04-01,590.49,599.03,588.3,598.5,2917386,AMZN
2016-04-04,599.0,599.5,590.55,593.19,2470825,AMZN
2016-04-05,590.77,593.47,585.25,586.14,2308884,AMZN
2016-04-06,587.52,602.39,587.5,602.08,2849909,AMZN
2016-04-07,598.76,599.6,589.08,591.43,3189037,AMZN
2016-04-08,594.32,597.86,589.0,594.6,2591936,AMZN
2016-04-11,596.14,604.0,594.91,595.93,2704267,AMZN
2016-04-12,598.4,604.06,592.31,603.17,2641062,AMZN
2016-04-13,607.68,616.81,605.29,614.82,4228349,AMZN
2016-04-14,615.07,624.38,615.07,620.75,3512136,AMZN
2016-04-15,621.92,626.77,618.11,625.89,2887681,AMZN
2016-04-18,625.35,637.64,624.9603,635.35,4360883,AMZN
2016-04-19,637.14,638.01,620.8,627.9,4055870,AMZN
2016-04-20,630.0,636.55,623.0,632.99,2609425,AMZN
2016-04-21,631.0,637.82,628.5,631.0,2596298,AMZN
2016-04-22,624.47,628.25,611.56,620.5,5083904,AMZN
2016-04-25,616.61,626.98,616.2511,626.2,2682924,AMZN
2016-04-26,626.17,626.7549,614.88,616.88,2521433,AMZN
2016-04-27,611.8,615.95,601.28,606.57,4068767,AMZN
2016-04-28,615.54,626.8,599.2,602.0,7872605,AMZN
2016-04-29,666.0,669.98,654.0,659.59,10310739,AMZN
2016-05-02,663.92,685.5,662.0251,683.85,6578517,AMZN
2016-05-03,677.36,680.3,670.43,671.32,4923351,AMZN
2016-05-04,662.59,674.0,662.14,670.9,4635462,AMZN
2016-05-05,673.31,676.49,656.0,659.09,4884114,AMZN
2016-05-06,656.05,676.95,656.01,673.95,4365345,AMZN
2016-05-09,673.95,686.98,671.41,679.75,3982161,AMZN
2016-05-10,694.0,704.55,693.5,703.07,6105570,AMZN
2016-05-11,705.79,719.0,701.65,713.23,7338196,AMZN
2016-05-12,717.38,722.45,711.51,717.93,5048150,AMZN
2016-05-13,714.64,719.25,706.51,709.92,4763419,AMZN
2016-05-16,710.13,713.25,700.28,710.66,5432920,AMZN
2016-05-17,709.9,714.47,693.91,695.27,5121357,AMZN
2016-05-18,689.56,702.5399,688.76,697.45,4283189,AMZN
2016-05-19,691.88,699.4,689.56,698.52,3025566,AMZN
2016-05-20,701.05,707.24,700.0,702.8,2916165,AMZN
2016-05-23,704.25,706.0,696.42,696.75,2595082,AMZN
2016-05-24,698.01,707.5,698.0,704.2,3033782,AMZN
2016-05-25,708.0,710.86,705.5159,708.35,3276631,AMZN
2016-05-26,708.33,715.0,707.293,714.91,2446681,AMZN
2016-05-27,715.0,716.6,711.1,712.24,2249164,AMZN
2016-05-31,712.33,724.23,711.32,722.79,3618323,AMZN
2016-06-01,720.9,726.43,718.22,719.44,3263107,AMZN
2016-06-02,720.97,728.28,715.5001,728.24,3026583,AMZN
2016-06-03,726.74,727.0,718.43,725.54,3367306,AMZN
2016-06-06,726.5,731.5,724.42,726.73,2704806,AMZN
2016-06-07,729.89,730.0,720.55,723.74,2732463,AMZN
2016-06-08,726.4,729.42,721.6,726.64,2223366,AMZN
2016-06-09,723.1,728.91,722.3,727.65,2170318,AMZN
2016-06-10,722.35,724.98,714.21,717.91,3425718,AMZN
2016-06-13,714.01,721.99,711.16,715.24,3352201,AMZN
2016-06-14,712.33,720.805,712.27,719.3,2506922,AMZN
2016-06-15,722.0,722.56,713.3522,714.26,2709447,AMZN
2016-06-16,712.05,718.0,705.3,717.51,3097961,AMZN
2016-06-17,718.19,718.2,699.18,706.39,5897788,AMZN
2016-06-20,713.5,721.31,710.81,714.01,3677162,AMZN
2016-06-21,715.72,718.4,712.721,715.82,2137534,AMZN
2016-06-22,716.58,717.0,707.565,710.6,2260454,AMZN
2016-06-23,715.5,722.12,712.5,722.08,2824974,AMZN
2016-06-24,693.0,712.5292,692.2,698.96,7632511,AMZN
2016-06-27,692.01,696.8189,682.115,691.36,5584037,AMZN
2016-06-28,700.0,708.0,698.1714,707.95,4036957,AMZN
2016-06-29,715.75,719.5,713.54,715.6,3070052,AMZN
2016-06-30,717.2,719.37,712.54,715.62,2855142,AMZN
2016-07-01,717.32,728.0,716.54,725.68,2920423,AMZN
2016-07-05,722.8,728.11,719.61,728.1,2431431,AMZN
2016-07-06,725.71,737.77,722.58,737.61,3938249,AMZN
2016-07-07,739.33,739.55,731.63,736.57,2945783,AMZN
2016-07-08,740.14,746.1,738.0,745.81,3429217,AMZN
2016-07-11,750.0,755.9,747.0,753.78,3195272,AMZN
2016-07-12,756.86,757.34,740.33,748.21,5623657,AMZN
2016-07-13,746.76,756.87,741.25,742.63,4142265,AMZN
2016-07-14,748.86,749.04,739.02,741.2,2390472,AMZN
2016-07-15,746.55,746.55,734.05,735.44,3121385,AMZN
2016-07-18,735.49,741.5954,728.72,736.07,2954914,AMZN
2016-07-19,732.5,743.33,732.31,739.95,2216820,AMZN
2016-07-20,744.0,746.25,740.7,745.72,2214023,AMZN
2016-07-21,747.5,749.36,742.7918,744.43,2317072,AMZN
2016-07-22,747.79,751.28,743.53,744.86,2277711,AMZN
2016-07-25,746.55,748.5,735.35,739.61,2679290,AMZN
2016-07-26,742.71,743.13,732.7525,735.59,2529692,AMZN
2016-07-27,737.97,740.94,733.86,736.67,2913134,AMZN
2016-07-28,745.98,753.36,739.7,752.61,7617580,AMZN
2016-07-29,765.0,766.0,755.0,758.81,6777050,AMZN
2016-08-01,759.87,770.5,757.06,767.74,3578205,AMZN
2016-08-02,763.81,765.01,757.02,760.58,3603280,AMZN
2016-08-03,757.06,758.89,752.25,754.64,3581525,AMZN
2016-08-04,753.7,765.0,750.35,760.77,3178208,AMZN
2016-08-05,764.81,768.47,763.09,765.98,2704391,AMZN
2016-08-08,766.81,767.0,761.015,766.56,1986272,AMZN
2016-08-09,767.39,772.6,766.9,768.31,1876091,AMZN
2016-08-10,769.8,772.1,766.19,768.56,1604280,AMZN
2016-08-11,769.94,773.75,769.12,771.24,2019740,AMZN
2016-08-12,768.46,773.15,768.4225,772.56,1563318,AMZN
2016-08-15,771.9,772.04,767.71,768.49,2118521,AMZN
2016-08-16,768.62,768.7317,763.82,764.04,1604561,AMZN
2016-08-17,764.41,765.22,759.199,764.63,1891116,AMZN
2016-08-18,764.0,765.17,760.6,764.46,1458834,AMZN
2016-08-19,761.9,762.49,756.89,757.31,2343237,AMZN
2016-08-22,757.5,759.85,752.1,759.48,1679251,AMZN
2016-08-23,763.31,764.7,761.0,762.45,1524131,AMZN
2016-08-24,763.0,763.41,755.36,757.25,1744107,AMZN
2016-08-25,756.0,760.56,754.741,759.22,1622992,AMZN
2016-08-26,760.05,770.0,759.795,769.0,2776830,AMZN
2016-08-29,768.72,774.98,768.6,771.29,2198560,AMZN
2016-08-30,771.05,771.8358,765.56,767.58,1709158,AMZN
2016-08-31,766.6,769.64,764.0,769.16,1633789,AMZN
2016-09-01,770.9,772.04,766.75,770.62,1792271,AMZN
2016-09-02,774.11,776.0,771.7,772.44,2181792,AMZN
2016-09-06,774.04,789.48,770.22,788.87,3719788,AMZN
2016-09-07,789.53,790.79,784.33,784.48,2424622,AMZN
2016-09-08,783.89,786.5,781.44,784.06,2030511,AMZN
2016-09-09,779.36,781.0,760.11,760.14,4257344,AMZN
2016-09-12,757.35,772.66,756.0,771.49,3124704,AMZN
2016-09-13,768.77,769.89,759.05,761.01,3117224,AMZN
2016-09-14,762.2,767.5,758.85,761.09,2531822,AMZN
2016-09-15,762.0,770.87,757.58,769.69,3043534,AMZN
2016-09-16,773.28,780.46,771.66,778.52,5499182,AMZN
2016-09-19,779.97,781.94,771.0,775.1,2297221,AMZN
2016-09-20,776.0,781.37,776.0,780.22,1937164,AMZN
2016-09-21,783.25,790.69,779.01,789.74,2718644,AMZN
2016-09-22,794.27,805.889,794.27,804.7,4078910,AMZN
2016-09-23,803.13,807.75,802.12,805.75,2353511,AMZN
2016-09-26,801.8,805.93,797.145,799.16,2651397,AMZN
2016-09-27,801.85,816.64,801.11,816.11,3819600,AMZN
2016-09-28,818.0,830.14,817.0337,828.72,4422078,AMZN
2016-09-29,828.26,837.5,824.63,829.05,4922248,AMZN
2016-09-30,832.61,839.95,832.4,837.31,4430566,AMZN
2016-10-03,836.0,839.86,831.25,836.74,2769448,AMZN
2016-10-04,840.91,842.365,830.26,834.03,2950314,AMZN
2016-10-05,838.0,845.67,836.12,844.36,3469055,AMZN
2016-10-06,843.7,847.21,840.6,841.66,2684013,AMZN
2016-10-07,845.79,845.95,837.45,839.43,2426228,AMZN
2016-10-10,843.25,845.2,840.27,841.71,1827143,AMZN
2016-10-11,841.02,841.29,828.35,831.0,3588180,AMZN
2016-10-12,834.0,837.666,830.1,834.09,2380416,AMZN
2016-10-13,829.0,831.8,821.21,829.28,3091387,AMZN
2016-10-14,835.08,835.74,822.96,822.96,2999814,AMZN
2016-10-17,821.5,822.0,811.68,812.95,3361492,AMZN
2016-10-18,822.11,823.26,815.02,817.65,2512504,AMZN
2016-10-19,820.4,820.67,815.17,817.69,2090706,AMZN
2016-10-20,813.99,815.71,803.1,810.32,3151954,AMZN
2016-10-21,809.36,819.42,809.0,818.99,2793015,AMZN
2016-10-24,824.95,838.3,822.21,838.09,4060899,AMZN
2016-10-25,839.3,843.09,833.22,835.18,3248358,AMZN
2016-10-26,832.76,833.44,820.0,822.59,3998102,AMZN
2016-10-27,831.24,831.72,815.43,818.36,7406385,AMZN
2016-10-28,782.0,789.49,774.61,776.32,10841073,AMZN
2016-10-31,781.03,793.7,780.11,789.82,5413326,AMZN
2016-11-01,799.0,800.84,776.713,785.41,5305428,AMZN
2016-11-02,783.93,784.75,763.55,765.56,5026504,AMZN
2016-11-03,765.05,777.0,764.0,767.03,3872496,AMZN
2016-11-04,762.79,766.0,753.2301,755.05,5122103,AMZN
2016-11-07,771.64,787.732,770.94,784.93,5984354,AMZN
2016-11-08,784.97,791.7399,779.1,787.75,3412629,AMZN
2016-11-09,764.0,777.5,760.09,771.88,8562892,AMZN
2016-11-10,778.81,778.83,717.7,742.38,12746994,AMZN
2016-11-11,735.73,743.26,728.9,739.01,6622784,AMZN
2016-11-14,745.51,746.0,710.1,719.07,7321344,AMZN
2016-11-15,730.0,746.78,725.99,743.24,6755785,AMZN
2016-11-16,739.88,749.87,735.61,746.49,3648791,AMZN
2016-11-17,749.32,757.5,748.0,756.4,3690112,AMZN
2016-11-18,761.0,767.74,757.6435,760.16,4373408,AMZN
2016-11-21,766.0,780.35,765.11,780.0,4614574,AMZN
2016-11-22,788.17,792.4,781.0,785.33,5311320,AMZN
2016-11-23,781.73,781.75,773.12,780.12,3540263,AMZN
2016-11-25,786.5,786.75,777.9,780.37,1837068,AMZN
2016-11-28,776.99,777.0,764.24,766.77,4438828,AMZN
2016-11-29,768.0,769.89,761.32,762.52,3272344,AMZN
2016-11-30,762.0,768.09,750.25,750.57,4625946,AMZN
2016-12-01,752.41,753.37,738.03,743.65,4665993,AMZN
2016-12-02,743.4,748.4903,736.7,740.34,3561307,AMZN
2016-12-05,745.0,761.49,742.0,759.36,4314723,AMZN
2016-12-06,763.99,768.24,757.25,764.72,3794746,AMZN
2016-12-07,764.55,770.42,755.82,770.42,3684906,AMZN
2016-12-08,771.87,773.79,765.19,767.33,3189608,AMZN
2016-12-09,770.0,770.25,765.34,768.66,2470923,AMZN
2016-12-12,766.4,766.89,757.2,760.12,2963945,AMZN
2016-12-13,764.96,782.46,762.0,774.34,5285288,AMZN
2016-12-14,778.25,780.86,762.81,768.82,5454836,AMZN
2016-12-15,766.28,769.1,760.31,761.0,3801927,AMZN
2016-12-16,765.0,765.13,754.0,757.77,4848219,AMZN
2016-12-19,758.89,770.5,756.16,766.0,3113240,AMZN
2016-12-20,768.65,774.39,767.71,771.22,2703629,AMZN
2016-12-21,770.0,771.22,765.7,770.6,2044629,AMZN
2016-12-22,768.12,771.21,763.02,766.34,2543551,AMZN
2016-12-23,764.55,766.5,757.99,760.59,1981616,AMZN
2016-12-27,763.4,774.65,761.2,771.4,2638725,AMZN
2016-12-28,776.25,780.0,770.5,772.13,3301025,AMZN
2016-12-29,772.4,773.4,760.85,765.15,3158299,AMZN
2016-12-30,766.47,767.3999,748.28,749.87,4139449,AMZN
2017-01-03,757.92,758.7595,747.7,753.67,3521066,AMZN
2017-01-04,758.39,759.68,754.2,757.18,2510526,AMZN
2017-01-05,761.55,782.3999,760.2557,780.45,5830068,AMZN
2017-01-06,782.36,799.44,778.48,795.99,5986234,AMZN
2017-01-09,798.0,801.7742,791.77,796.92,3446109,AMZN
2017-01-10,796.6,798.0,789.5434,795.9,2558369,AMZN
2017-01-11,793.66,799.5,789.51,799.02,2992791,AMZN
2017-01-12,800.31,814.13,799.5,813.64,4873922,AMZN
2017-01-13,814.32,821.65,811.4,817.14,3791945,AMZN
2017-01-17,815.7,816.0,803.44,809.72,3670529,AMZN
2017-01-18,809.5,811.73,804.27,807.48,2354201,AMZN
2017-01-19,810.0,813.51,807.32,809.04,2540784,AMZN
2017-01-20,815.28,816.02,806.26,808.33,3376196,AMZN
2017-01-23,806.8,818.5,805.08,817.88,2797474,AMZN
2017-01-24,822.0,823.99,814.5,822.44,2971740,AMZN
2017-01-25,825.79,837.4183,825.288,836.52,4023078,AMZN
2017-01-26,835.53,843.84,833.0,839.15,3586323,AMZN
2017-01-27,839.0,839.7,829.44,835.77,2998700,AMZN
2017-01-30,833.0,833.5,816.38,830.38,3747336,AMZN
2017-01-31,823.75,826.99,819.56,823.48,3137196,AMZN
2017-02-01,829.21,833.78,824.94,832.35,3850181,AMZN
2017-02-02,836.59,842.49,828.26,839.95,7350492,AMZN
2017-02-03,806.72,818.3,804.0,810.2,10868773,AMZN
2017-02-06,809.8,810.72,803.0,807.64,3897301,AMZN
2017-02-07,809.31,816.16,807.5,812.5,3466091,AMZN
2017-02-08,812.69,821.479,812.5,819.71,2857985,AMZN
2017-02-09,821.6,825.0,819.71,821.36,2484948,AMZN
2017-02-10,823.82,828.0,822.85,827.46,2429609,AMZN
2017-02-13,831.62,842.9999,828.55,836.53,4172618,AMZN
2017-02-14,837.0,838.31,831.4522,836.39,2792442,AMZN
2017-02-15,834.0,842.81,832.82,842.7,2968853,AMZN
2017-02-16,841.84,845.0,839.375,844.14,2714667,AMZN
2017-02-17,842.0,847.27,840.73,845.07,3112275,AMZN
2017-02-21,848.84,857.98,847.25,856.44,3507742,AMZN
2017-02-22,856.95,858.43,852.18,855.61,2616971,AMZN
2017-02-23,857.57,860.86,848.0,852.19,3461984,AMZN
2017-02-24,844.69,845.81,837.7501,845.24,3687963,AMZN
2017-02-27,842.38,852.5,839.67,848.64,2713627,AMZN
2017-02-28,851.45,854.09,842.05,845.04,2793709,AMZN
2017-03-01,853.05,854.83,849.01,853.08,2760083,AMZN
2017-03-02,853.08,854.82,847.28,848.91,2132098,AMZN
2017-03-03,847.2,851.985,846.27,849.88,1951575,AMZN
2017-03-06,845.23,848.49,841.12,846.61,2610370,AMZN
2017-03-07,845.48,848.46,843.75,846.02,2247554,AMZN
2017-03-08,848.0,853.07,846.79,850.5,2288317,AMZN
2017-03-09,851.0,856.3999,850.31,853.0,2048187,AMZN
2017-03-10,857.0,857.35,851.72,852.46,2436434,AMZN
2017-03-13,851.77,855.69,851.71,854.59,1909672,AMZN
2017-03-14,853.55,853.75,847.55,852.53,2130586,AMZN
2017-03-15,854.33,854.45,847.11,852.97,2562176,AMZN
2017-03-16,855.3,855.5,850.51,853.42,1842296,AMZN
2017-03-17,853.49,853.83,850.64,852.31,3384403,AMZN
2017-03-20,851.51,857.8,851.01,856.97,2282727,AMZN
2017-03-21,858.84,862.795,841.31,843.2,4382852,AMZN
2017-03-22,840.43,849.37,839.05,848.06,2658669,AMZN
2017-03-23,848.2,850.89,844.8,847.38,1952964,AMZN
2017-03-24,851.68,851.8,843.53,845.61,2138269,AMZN
2017-03-27,838.07,850.3,833.5,846.82,2755775,AMZN
2017-03-28,851.75,858.46,850.1,856.0,3041633,AMZN
2017-03-29,859.05,876.438,859.02,874.32,4485770,AMZN
2017-03-30,874.95,877.06,871.66,876.34,2762730,AMZN
2017-03-31,877.0,890.35,876.65,886.54,3957612,AMZN
2017-04-03,888.0,893.49,885.42,891.51,3422328,AMZN
2017-04-04,891.5,908.5384,890.28,906.83,4984656,AMZN
2017-04-05,910.82,923.72,905.62,909.28,7508370,AMZN
2017-04-06,913.8,917.1899,894.4927,898.28,6344065,AMZN
2017-04-07,899.65,900.09,889.31,894.88,3707367,AMZN
2017-04-10,899.63,908.51,899.0,907.04,3184301,AMZN
2017-04-11,907.04,911.24,897.5,902.36,3012743,AMZN
2017-04-12,903.09,904.09,895.2501,896.23,2456140,AMZN
2017-04-13,891.45,894.97,884.49,884.67,3174583,AMZN
2017-04-17,887.5,902.38,887.5,901.99,2854673,AMZN
2017-04-18,900.99,909.61,900.78,903.78,2999238,AMZN
2017-04-19,907.84,910.5,897.369,899.2,2870242,AMZN
2017-04-20,899.7,905.32,896.29,902.06,2814441,AMZN
2017-04-21,902.67,903.65,896.77,898.53,2420494,AMZN
2017-04-24,908.68,909.99,903.82,907.41,3122893,AMZN
2017-04-25,907.04,909.48,903.0,907.62,3380639,AMZN
2017-04-26,910.3,915.749,907.56,909.29,2608948,AMZN
2017-04-27,914.39,921.86,912.11,918.38,5305543,AMZN
2017-04-28,948.83,949.59,924.3335,924.99,7364681,AMZN
2017-05-01,927.8,954.4,927.8,948.23,5466544,AMZN
2017-05-02,946.645,950.1,941.413,946.94,3848835,AMZN
2017-05-03,946.0,946.0,935.9,941.03,3582686,AMZN
2017-05-04,944.75,945.0,934.215,937.53,2418381,AMZN
2017-05-05,940.52,940.79,930.3,934.15,2866397,AMZN
2017-05-08,940.95,949.05,939.21,949.04,3415731,AMZN
2017-05-09,952.8,957.89,950.2,952.82,3262113,AMZN
2017-05-10,953.5,953.7499,945.0,948.95,2096512,AMZN
2017-05-11,945.11,950.29,940.775,947.62,2194070,AMZN
2017-05-12,954.5,962.79,951.53,961.35,3625857,AMZN
2017-05-15,958.73,963.15,956.055,957.97,4270625,AMZN
2017-05-16,961.0,970.06,960.91,966.07,3126051,AMZN
2017-05-17,954.7,960.3957,944.12,944.76,5145578,AMZN
2017-05-18,944.8,962.75,944.76,958.49,3939347,AMZN
2017-05-19,962.84,968.92,959.72,959.84,3972089,AMZN
2017-05-22,964.0,971.38,962.9,970.67,2642217,AMZN
2017-05-23,975.02,975.2,966.85,971.54,2415594,AMZN
2017-05-24,976.0,981.0,970.23,980.35,2463052,AMZN
2017-05-25,984.85,999.0,982.11,993.38,4822032,AMZN
2017-05-26,995.0,998.65,989.2491,995.78,3469154,AMZN
2017-05-30,996.51,1001.2,995.52,996.7,3263069,AMZN
2017-05-31,1000.0,1000.12,982.16,994.62,3913115,AMZN
2017-06-01,998.59,998.99,991.37,995.95,2454841,AMZN
2017-06-02,998.99,1008.48,995.67,1006.73,3752328,AMZN
2017-06-05,1007.23,1013.21,1003.51,1011.34,2719859,AMZN
2017-06-06,1012.0,1016.5,1001.25,1003.0,3346432,AMZN
2017-06-07,1005.95,1010.25,1002.0,1010.07,2823041,AMZN
2017-06-08,1012.06,1013.61,1006.11,1010.27,2767857,AMZN
2017-06-09,1012.5,1012.99,927.0,978.31,7647692,AMZN
2017-06-12,967.0,975.95,945.0,964.91,9447233,AMZN
2017-06-13,977.99,984.5,966.1,980.79,4580011,AMZN
2017-06-14,988.59,990.34,966.71,976.47,3974900,AMZN
2017-06-15,958.7,965.73,950.86,964.17,5373865,AMZN
2017-06-16,996.0,999.75,982.0,987.71,11472662,AMZN
2017-06-19,1017.0,1017.0,989.9,995.17,5043408,AMZN
2017-06-20,998.0,1004.88,992.02,992.59,4076828,AMZN
2017-06-21,998.7,1002.72,992.6518,1002.23,2922473,AMZN
2017-06-22,1002.23,1006.96,997.2,1001.3,2253433,AMZN
2017-06-23,1002.54,1004.62,998.02,1003.74,2879145,AMZN
2017-06-26,1008.5,1009.8,992.0,993.98,3386157,AMZN
2017-06-27,990.69,998.8,976.0,976.78,3782389,AMZN
2017-06-28,978.55,990.68,969.21,990.33,3737567,AMZN
2017-06-29,979.0,987.56,965.25,975.93,4302968,AMZN
2017-06-30,980.12,983.47,967.61,968.0,3390345,AMZN
2017-07-03,972.79,974.49,951.0001,953.66,2909108,AMZN
2017-07-05,961.53,975.0,955.25,971.4,3652955,AMZN
2017-07-06,964.66,974.4,959.02,965.14,3259613,AMZN
2017-07-07,969.55,980.11,969.14,978.76,2643387,AMZN
2017-07-10,985.0,999.4392,983.5,996.47,3546268,AMZN
2017-07-11,993.0,995.99,983.72,994.13,2982726,AMZN
2017-07-12,1000.65,1008.55,998.1,1006.51,3608574,AMZN
2017-07-13,1004.62,1006.88,995.9,1000.63,2880769,AMZN
2017-07-14,1002.4,1004.45,996.89,1001.81,2102469,AMZN
2017-07-17,1004.69,1014.75,1003.81,1010.04,3712587,AMZN
2017-07-18,1006.0,1026.03,1004.0,1024.45,4007624,AMZN
2017-07-19,1025.0,1031.59,1022.5,1026.87,2963964,AMZN
2017-07-20,1031.59,1034.97,1022.51,1028.7,3097487,AMZN
2017-07-21,1021.28,1026.1,1011.0,1025.67,2734577,AMZN
2017-07-24,1028.34,1043.01,1027.43,1038.95,3288020,AMZN
2017-07-25,1038.05,1043.33,1032.48,1039.87,2447629,AMZN
2017-07-26,1043.2,1053.2,1043.2,1052.8,2921253,AMZN
2017-07-27,1069.55,1083.31,1040.18,1046.0,10991715,AMZN
2017-07-28,1012.14,1032.85,1001.0,1020.04,7709420,AMZN
2017-07-31,1019.05,1019.05,987.02,987.78,7352063,AMZN
2017-08-01,990.65,995.0,987.14,992.27,2650376,AMZN
2017-08-02,1001.77,1003.21,981.73,995.89,4069993,AMZN
2017-08-03,999.47,999.5,984.59,986.92,3255764,AMZN
2017-08-04,989.68,991.672,982.0,987.58,2730308,AMZN
2017-08-07,990.65,995.0,987.14,992.27,2676607,AMZN
2017-08-08,994.35,996.28,985.79,989.84,2902815,AMZN
2017-08-09,982.6,988.0,975.27,982.01,3569731,AMZN
2017-08-10,976.295,979.86,954.68,956.92,5684068,AMZN
2017-08-11,960.0,970.39,951.38,967.99,3468017,AMZN
2017-08-14,978.41,985.5,976.19,983.3,3172892,AMZN
2017-08-15,988.9,991.74,982.0,982.74,2549295,AMZN
2017-08-16,981.65,986.4605,973.22,978.18,3132066,AMZN
2017-08-17,977.84,977.84,960.32,960.57,3512397,AMZN
2017-08-18,961.4,965.43,954.65,958.47,3284821,AMZN
2017-08-21,957.57,961.2,945.46,953.29,3164483,AMZN
2017-08-22,955.52,967.93,955.495,966.9,2749970,AMZN
2017-08-23,959.38,962.0,954.2,958.0,2668264,AMZN
2017-08-24,957.42,959.0,941.14,952.45,5195726,AMZN
2017-08-25,956.0,957.621,944.1,945.26,3324791,AMZN
2017-08-28,946.54,953.0,942.25,946.02,2596737,AMZN
2017-08-29,940.0,956.0,936.33,954.06,2874299,AMZN
2017-08-30,958.44,969.41,956.9062,967.59,2904604,AMZN
2017-08-31,974.7,981.0,972.76,980.6,3331488,AMZN
2017-09-01,984.2,984.5,976.875,978.25,2535917,AMZN
2017-09-05,975.4,976.7699,960.37,965.27,2998649,AMZN
2017-09-06,968.32,971.84,960.6,967.8,2129861,AMZN
2017-09-07,974.0,980.59,972.55,979.47,2566794,AMZN
2017-09-08,979.1,979.88,963.47,965.9,2605322,AMZN
2017-09-11,974.46,981.94,974.22,977.96,2186666,AMZN
2017-09-12,983.27,984.6718,975.517,982.58,2481066,AMZN
2017-09-13,983.97,1000.0,979.42,999.6,3374650,AMZN
2017-09-14,996.8,998.56,987.74,992.21,3913263,AMZN
2017-09-15,993.01,996.25,984.03,986.79,3760183,AMZN
2017-09-18,990.4,992.7922,968.17,974.19,3411324,AMZN
2017-09-19,977.25,978.24,967.46,969.86,2671054,AMZN
2017-09-20,971.79,974.81,962.1626,973.21,2888795,AMZN
2017-09-21,971.31,971.7,962.02,964.65,2337576,AMZN
2017-09-22,961.01,965.61,954.42,955.1,2641787,AMZN
2017-09-25,949.31,949.42,932.89,939.79,5123997,AMZN
2017-09-26,945.49,948.63,931.75,938.6,3564848,AMZN
2017-09-27,948.0,955.3,943.3,950.87,3148933,AMZN
2017-09-28,951.86,959.7,950.101,956.4,2522567,AMZN
2017-09-29,960.11,964.83,958.375,961.35,2543759,AMZN
2017-10-02,964.0,967.305,952.1201,959.19,2442937,AMZN
2017-10-03,958.0,963.69,950.37,957.1,2666574,AMZN
2017-10-04,954.21,967.79,954.05,965.45,2527352,AMZN
2017-10-05,970.0,981.51,969.64,980.85,3229224,AMZN
2017-10-06,975.64,995.75,975.64,989.58,3782067,AMZN
2017-10-09,993.24,998.5,987.5,990.99,2938586,AMZN
2017-10-10,996.67,997.95,980.099,987.2,3084921,AMZN
2017-10-11,991.27,995.5,986.695,995.0,2337113,AMZN
2017-10-12,996.81,1008.44,992.4,1000.93,4067317,AMZN
2017-10-13,1007.0,1007.77,1001.03,1002.94,2431462,AMZN
2017-10-16,1008.44,1009.57,1001.04,1006.34,2008908,AMZN
2017-10-17,1005.59,1011.47,1004.38,1009.13,2319742,AMZN
2017-10-18,1009.27,1022.31,996.55,997.0,2499681,AMZN
2017-10-19,990.0,991.05,980.24,986.61,3108197,AMZN
2017-10-20,993.53,994.62,982.0,982.91,2365122,AMZN
2017-10-23,986.73,986.775,962.5,966.3,3494100,AMZN
2017-10-24,969.0,979.85,965.0,975.9,2723935,AMZN
2017-10-25,978.0,984.44,966.24,972.91,3033113,AMZN
2017-10-26,980.33,982.9,968.55,972.43,5618675,AMZN
2017-10-27,1058.14,1105.58,1050.55,1100.95,16565021,AMZN
2017-10-30,1095.01,1122.79,1093.56,1110.85,6613064,AMZN
2017-10-31,1109.0,1110.54,1101.12,1105.28,3476967,AMZN
2017-11-01,1105.4,1108.97,1096.74,1103.68,3755511,AMZN
2017-11-02,1097.81,1101.93,1086.87,1094.22,3684876,AMZN
2017-11-03,1091.15,1112.68,1088.52,1111.6,3751480,AMZN
2017-11-06,1109.15,1125.41,1108.77,1120.66,3381138,AMZN
2017-11-07,1124.74,1130.6,1117.5,1123.17,2688977,AMZN
2017-11-08,1122.82,1135.54,1119.11,1132.88,2581451,AMZN
2017-11-09,1125.96,1129.62,1115.77,1129.13,3725774,AMZN
2017-11-10,1126.1,1131.75,1124.06,1125.35,2179937,AMZN
2017-11-13,1123.0,1139.9,1122.34,1129.17,2918439,AMZN
2017-11-14,1130.11,1138.0,1123.89,1136.84,3138423,AMZN
2017-11-15,1127.01,1131.75,1121.63,1126.69,3928680,AMZN
2017-11-16,1130.16,1138.16,1130.05,1137.29,2213322,AMZN
2017-11-17,1138.28,1138.8,1125.81,1129.88,2413388,AMZN
2017-11-20,1129.77,1133.42,1122.55,1126.31,2163855,AMZN
2017-11-21,1132.86,1140.0,1128.2,1139.49,2479397,AMZN
2017-11-22,1141.0,1160.27,1141.0,1156.16,3555273,AMZN
2017-11-24,1160.7,1186.84,1160.7,1186.0,3528011,AMZN
2017-11-27,1202.66,1213.41,1191.15,1195.83,6744045,AMZN
2017-11-28,1204.88,1205.34,1188.52,1193.6,4559449,AMZN
2017-11-29,1194.8,1194.8,1145.19,1161.27,9257512,AMZN
2017-11-30,1167.1,1178.57,1160.0,1176.75,4509208,AMZN
2017-12-01,1172.05,1179.65,1152.0,1162.35,4107094,AMZN
2017-12-04,1173.85,1175.2,1128.0,1133.95,5931915,AMZN
2017-12-05,1128.26,1159.27,1124.74,1141.57,4079774,AMZN
2017-12-06,1137.99,1155.89,1136.08,1152.35,2853316,AMZN
2017-12-07,1156.59,1163.19,1151.0,1159.79,2511569,AMZN
2017-12-08,1170.4,1172.79,1157.1,1162.0,3050074,AMZN
2017-12-11,1164.6,1169.9,1157.0,1168.92,2363473,AMZN
2017-12-12,1166.51,1173.6,1161.61,1165.08,2235892,AMZN
2017-12-13,1170.0,1170.87,1160.27,1164.13,2616760,AMZN
2017-12-14,1163.71,1177.93,1162.45,1174.26,3214337,AMZN
2017-12-15,1179.03,1182.75,1169.33,1179.14,4778621,AMZN
2017-12-18,1187.37,1194.78,1180.91,1190.58,2947625,AMZN
2017-12-19,1189.15,1192.97,1179.14,1187.38,2587792,AMZN
2017-12-20,1190.5,1191.0,1176.0,1177.62,2371166,AMZN
2017-12-21,1175.9,1179.17,1167.64,1174.76,2123117,AMZN
2017-12-22,1172.08,1174.62,1167.83,1168.36,1585054,AMZN
2017-12-26,1168.36,1178.32,1160.55,1176.76,2005187,AMZN
2017-12-27,1179.91,1187.29,1175.61,1182.26,1867208,AMZN
2017-12-28,1189.0,1190.1,1184.38,1186.1,1841676,AMZN
2017-12-29,1182.35,1184.0,1167.5,1169.47,2688391,AMZN
2018-01-02,1172.0,1190.0,1170.51,1189.01,2694494,AMZN
2018-01-03,1188.3,1205.49,1188.3,1204.2,3108793,AMZN
2018-01-04,1205.0,1215.87,1204.66,1209.59,3022089,AMZN
2018-01-05,1217.51,1229.14,1210.0,1229.14,3544743,AMZN
2018-01-08,1236.0,1253.08,1232.03,1246.87,4279475,AMZN
2018-01-09,1256.9,1259.33,1241.76,1252.7,3661316,AMZN
2018-01-10,1245.15,1254.33,1237.23,1254.33,2686017,AMZN
2018-01-11,1259.74,1276.77,1256.46,1276.68,3125048,AMZN
2018-01-12,1273.39,1305.76,1273.39,1305.2,5443730,AMZN
2018-01-16,1323.0,1339.94,1292.3,1304.86,7220701,AMZN
2018-01-17,1312.24,1314.0,1280.88,1295.0,5253754,AMZN
2018-01-18,1293.95,1304.6,1284.02,1293.32,4026915,AMZN
2018-01-19,1312.0,1313.0,1292.99,1294.58,4578536,AMZN
2018-01-22,1297.17,1327.45,1296.66,1327.31,4140061,AMZN
2018-01-23,1338.09,1364.9,1337.34,1362.54,5169306,AMZN
2018-01-24,1374.82,1388.16,1338.0,1357.51,6807457,AMZN
2018-01-25,1368.0,1378.34,1357.62,1377.95,4753012,AMZN
2018-01-26,1392.01,1402.53,1380.91,1402.05,4857310,AMZN
2018-01-29,1409.18,1431.39,1400.44,1417.68,5701898,AMZN
2018-01-30,1403.17,1439.25,1392.0,1437.82,5871942,AMZN
2018-01-31,1451.3,1472.58,1450.04,1450.89,6424693,AMZN
2018-02-01,1445.0,1459.88,1385.14,1390.0,9113808,AMZN
2018-02-02,1477.39,1498.0,1414.0,1429.95,11125722,AMZN
2018-02-05,1402.62,1458.98,1320.72,1390.0,11494985,AMZN
2018-02-06,1361.46,1443.99,1351.79,1442.84,11066819,AMZN
2018-02-07,1449.0,1460.99,1415.15,1416.78,7162741,AMZN
2013-02-08,11.86,11.9,11.72,11.76,145217221,BAC
2013-02-11,11.73,11.9,11.67,11.86,103499848,BAC
2013-02-12,11.87,12.34,11.78,12.245,231771561,BAC
2013-02-13,12.35,12.42,12.05,12.17,192478919,BAC
2013-02-14,12.09,12.27,12.07,12.13,143901737,BAC
2013-02-15,12.205,12.21,11.97,12.03,158078545,BAC
2013-02-19,12.1,12.31,12.06,12.19,170570245,BAC
2013-02-20,12.18,12.29,11.75,11.8,192999906,BAC
2013-02-21,11.725,11.73,11.35,11.42,235454104,BAC
2013-02-22,11.62,11.635,11.26,11.44,178923836,BAC
2013-02-25,11.6,11.61,10.98,11.03,205958114,BAC
2013-02-26,11.12,11.22,11.03,11.13,172817304,BAC
2013-02-27,11.15,11.36,11.1,11.3,146918814,BAC
2013-02-28,11.325,11.37,11.195,11.23,143393299,BAC
2013-03-01,11.13,11.55,11.02,11.34,188886065,BAC
2013-03-04,11.27,11.45,11.22,11.41,116254618,BAC
2013-03-05,11.56,11.7085,11.53,11.55,135634212,BAC
2013-03-06,11.77,12.02,11.76,11.92,182110891,BAC
2013-03-07,12.0,12.28,11.98,12.26,211034158,BAC
2013-03-08,12.42,12.44,12.02,12.07,209420201,BAC
2013-03-11,12.08,12.2214,12.02,12.15,106267997,BAC
2013-03-12,12.1099,12.18,11.91,12.01,127879351,BAC
2013-03-13,12.04,12.11,11.98,12.06,86031320,BAC
2013-03-14,12.12,12.19,12.1,12.11,113724590,BAC
2013-03-15,12.52,12.66,12.35,12.57,318880083,BAC
2013-03-18,12.29,12.68,12.26,12.56,189022386,BAC
2013-03-19,12.79,12.94,12.59,12.71,242277564,BAC
2013-03-20,12.785,12.89,12.71,12.78,218914598,BAC
2013-03-21,12.71,12.84,12.55,12.57,154166594,BAC
2013-03-22,12.62,12.67,12.48,12.56,101412682,BAC
2013-03-25,12.68,12.72,12.32,12.4,154126353,BAC
2013-03-26,12.45,12.5,12.15,12.28,135478116,BAC
2013-03-27,12.14,12.28,12.12,12.23,106993108,BAC
2013-03-28,12.24,12.28,12.11,12.18,91892522,BAC
2013-04-01,12.15,12.28,12.1,12.15,86222962,BAC
2013-04-02,12.24,12.245,12.14,12.15,102437614,BAC
2013-04-03,12.115,12.14,11.72,11.81,199498319,BAC
2013-04-04,11.81,11.99,11.72,11.94,117655560,BAC
2013-04-05,11.67,12.01,11.64,11.97,140879614,BAC
2013-04-08,12.0,12.21,11.91,12.21,100885999,BAC
2013-04-09,12.25,12.35,12.21,12.25,132144798,BAC
2013-04-10,12.31,12.4,12.26,12.32,105636019,BAC
2013-04-11,12.31,12.33,12.16,12.27,100194781,BAC
2013-04-12,12.145,12.25,12.07,12.17,87986609,BAC
2013-04-15,12.19,12.32,11.97,11.98,176079807,BAC
2013-04-16,12.21,12.36,12.08,12.28,146976210,BAC
2013-04-17,11.91,12.02,11.45,11.7,335205627,BAC
2013-04-18,11.61,11.65,11.23,11.44,219747653,BAC
2013-04-19,11.56,11.69,11.43,11.66,119674638,BAC
2013-04-22,11.68,11.75,11.57,11.72,88381360,BAC
2013-04-23,11.92,12.16,11.9,12.07,176582555,BAC
2013-04-24,12.135,12.37,12.12,12.31,120442535,BAC
2013-04-25,12.39,12.54,12.36,12.44,118551353,BAC
2013-04-26,12.34,12.46,12.29,12.42,83009491,BAC
2013-04-29,12.45,12.48,12.37,12.38,65362048,BAC
2013-04-30,12.39,12.4,12.2,12.31,89290204,BAC
2013-05-01,12.2,12.27,12.08,12.14,88276232,BAC
2013-05-02,12.17,12.21,12.05,12.19,76423681,BAC
2013-05-03,12.36,12.41,12.205,12.24,94175767,BAC
2013-05-06,12.39,12.89,12.36,12.88,264618705,BAC
2013-05-07,12.92,13.11,12.76,12.9,218010362,BAC
2013-05-08,12.85,13.18,12.84,13.02,149216151,BAC
2013-05-09,13.05,13.06,12.87,12.91,112551683,BAC
2013-05-10,12.94,13.04,12.89,13.02,87490693,BAC
2013-05-13,12.98,13.1,12.95,12.98,94167932,BAC
2013-05-14,13.04,13.36,13.02,13.34,153795352,BAC
2013-05-15,13.29,13.55,13.29,13.44,139479051,BAC
2013-05-16,13.41,13.55,13.32,13.36,117813465,BAC
2013-05-17,13.5,13.52,13.39,13.43,107107681,BAC
2013-05-20,13.39,13.6,13.39,13.51,88699484,BAC
2013-05-21,13.525,13.56,13.36,13.44,111706562,BAC
2013-05-22,13.485,13.73,13.17,13.31,174350542,BAC
2013-05-23,12.93,13.42,12.82,13.21,190294898,BAC
2013-05-24,13.17,13.26,13.12,13.24,83399436,BAC
2013-05-28,13.49,13.51,13.31,13.35,133348611,BAC
2013-05-29,13.31,13.555,13.27,13.48,126364220,BAC
2013-05-30,13.5,13.93,13.43,13.83,153151171,BAC
2013-05-31,13.91,13.99,13.6525,13.66,159789980,BAC
2013-06-03,13.69,13.73,13.21,13.55,196972854,BAC
2013-06-04,13.51,13.67,13.31,13.36,129834112,BAC
2013-06-05,13.285,13.45,12.97,13.09,185545686,BAC
2013-06-06,13.075,13.24,12.85,13.2,142211911,BAC
2013-06-07,13.33,13.39,13.15,13.38,120915164,BAC
2013-06-10,13.49,13.55,13.26,13.3,104531350,BAC
2013-06-11,13.11,13.28,13.07,13.12,106241999,BAC
2013-06-12,13.24,13.25,12.97,13.06,117108791,BAC
2013-06-13,13.0,13.26,12.97,13.21,103439464,BAC
2013-06-14,13.23,13.24,13.03,13.07,101276539,BAC
2013-06-17,13.17,13.2617,13.13,13.21,115315833,BAC
2013-06-18,13.215,13.34,13.2,13.27,67162936,BAC
2013-06-19,13.285,13.4,13.17,13.19,103657265,BAC
2013-06-20,13.08,13.14,12.8,12.89,185632868,BAC
2013-06-21,12.99,13.0,12.39,12.69,195921288,BAC
2013-06-24,12.4,12.45,12.13,12.3,159631350,BAC
2013-06-25,12.61,12.77,12.4296,12.67,132644354,BAC
2013-06-26,12.84,12.8533,12.68,12.76,105195057,BAC
2013-06-27,12.84,13.03,12.78,13.01,124501164,BAC
2013-06-28,12.97,13.0,12.84,12.86,90186158,BAC
2013-07-01,12.95,13.1,12.92,12.93,83052051,BAC
2013-07-02,12.95,13.1,12.8,12.9,83600455,BAC
2013-07-03,12.82,12.84,12.73,12.83,37971763,BAC
2013-07-05,12.99,13.08,12.91,13.06,80636575,BAC
2013-07-08,13.11,13.37,13.08,13.28,107341784,BAC
2013-07-09,13.37,13.53,13.25,13.53,105958177,BAC
2013-07-10,13.51,13.53,13.31,13.37,103654697,BAC
2013-07-11,13.54,13.58,13.33,13.51,93484434,BAC
2013-07-12,13.54,13.8,13.47,13.78,123592127,BAC
2013-07-15,13.93,13.94,13.76,13.88,90645506,BAC
2013-07-16,13.93,14.02,13.77,13.92,145681864,BAC
2013-07-17,14.055,14.44,14.04,14.31,249422772,BAC
2013-07-18,14.4,14.85,14.4,14.76,221460390,BAC
2013-07-19,14.76,14.76,14.6,14.75,135990513,BAC
2013-07-22,14.74,14.99,14.65,14.92,112197769,BAC
2013-07-23,14.98,15.03,14.86,14.94,113562030,BAC
2013-07-24,15.0,15.0,14.68,14.71,117573265,BAC
2013-07-25,14.62,14.85,14.54,14.83,89239060,BAC
2013-07-26,14.7,14.76,14.62,14.73,73692226,BAC
2013-07-29,14.65,14.7,14.45,14.52,88622892,BAC
2013-07-30,14.58,14.63,14.46,14.52,71570082,BAC
2013-07-31,14.58,14.85,14.57,14.6,127949706,BAC
2013-08-01,14.845,14.97,14.82,14.95,107622456,BAC
2013-08-02,14.88,14.91,14.78,14.84,83141573,BAC
2013-08-05,14.77,14.84,14.7,14.8,61560130,BAC
2013-08-06,14.74,14.76,14.63,14.64,83977445,BAC
2013-08-07,14.43,14.57,14.25,14.53,128491257,BAC
2013-08-08,14.675,14.7,14.44,14.61,88467287,BAC
2013-08-09,14.56,14.61,14.4,14.45,72913541,BAC
2013-08-12,14.355,14.47,14.32,14.41,60785454,BAC
2013-08-13,14.47,14.62,14.33,14.51,75643930,BAC
2013-08-14,14.55,14.75,14.54,14.6,78394226,BAC
2013-08-15,14.46,14.47,14.31,14.32,99038155,BAC
2013-08-16,14.29,14.47,14.21,14.42,104892511,BAC
2013-08-19,14.37,14.38,14.13,14.15,98155450,BAC
2013-08-20,14.18,14.38,13.98,14.29,114238528,BAC
2013-08-21,14.26,14.48,14.2,14.34,91487877,BAC
2013-08-22,14.47,14.6,14.4,14.57,76288104,BAC
2013-08-23,14.59,14.69,14.51,14.57,67629131,BAC
2013-08-26,14.53,14.7,14.49,14.49,68787242,BAC
2013-08-27,14.26,14.41,14.1,14.11,122212808,BAC
2013-08-28,14.07,14.25,13.99,14.12,96338008,BAC
2013-08-29,14.14,14.3,14.12,14.17,76617967,BAC
2013-08-30,14.23,14.25,14.07,14.12,73084294,BAC
2013-09-03,14.3,14.38,14.18,14.25,74553563,BAC
2013-09-04,14.215,14.4,14.205,14.32,70975249,BAC
2013-09-05,14.41,14.55,14.36,14.37,71115006,BAC
2013-09-06,14.47,14.5,14.27,14.36,75414320,BAC
2013-09-09,14.41,14.49,14.37,14.48,53381618,BAC
2013-09-10,14.52,14.69,14.52,14.61,93086600,BAC
2013-09-11,14.56,14.68,14.52,14.65,80961829,BAC
2013-09-12,14.65,14.68,14.46,14.48,63244575,BAC
2013-09-13,14.46,14.55,14.45,14.49,56751453,BAC
2013-09-16,14.61,14.68,14.53,14.53,65721427,BAC
2013-09-17,14.53,14.62,14.4,14.55,73498985,BAC
2013-09-18,14.53,14.82,14.49,14.715,127094948,BAC
2013-09-19,14.8,14.83,14.58,14.61,79514021,BAC
2013-09-20,14.655,14.66,14.44,14.44,144928642,BAC
2013-09-23,14.31,14.325,14.09,14.14,127074957,BAC
2013-09-24,14.18,14.25,14.01,14.09,96122141,BAC
2013-09-25,14.12,14.24,14.03,14.14,86491478,BAC
2013-09-26,14.19,14.22,13.98,14.08,89211460,BAC
2013-09-27,13.99,14.03,13.88,13.9,78954848,BAC
2013-09-30,13.685,13.93,13.6,13.8,104231223,BAC
2013-10-01,13.85,13.92,13.81,13.9,57534639,BAC
2013-10-02,13.81,14.1,13.79,14.06,88898803,BAC
2013-10-03,14.07,14.1,13.83,14.0,95113117,BAC
2013-10-04,14.02,14.08,13.96,14.05,63392396,BAC
2013-10-07,13.91,13.95,13.8,13.81,64668028,BAC
2013-10-08,13.83,13.9,13.68,13.69,92940769,BAC
2013-10-09,13.72,13.93,13.69,13.84,95930072,BAC
2013-10-10,14.03,14.25,14.01,14.23,102114600,BAC
2013-10-11,14.24,14.28,14.11,14.19,83353177,BAC
2013-10-14,14.06,14.39,14.05,14.35,78305555,BAC
2013-10-15,14.39,14.43,14.21,14.24,101808667,BAC
2013-10-16,14.32,14.61,14.315,14.56,153315685,BAC
2013-10-17,14.445,14.66,14.41,14.66,93809937,BAC
2013-10-18,14.68,14.72,14.53,14.63,96822389,BAC
2013-10-21,14.53,14.59,14.47,14.52,91144127,BAC
2013-10-22,14.55,14.63,14.45,14.52,102765898,BAC
2013-10-23,14.45,14.48,14.17,14.21,108167649,BAC
2013-10-24,14.12,14.2,14.07,14.17,92285828,BAC
2013-10-25,14.15,14.27,14.14,14.26,58528244,BAC
2013-10-28,14.29,14.32,14.21,14.23,62115510,BAC
2013-10-29,14.26,14.29,14.06,14.15,79454598,BAC
2013-10-30,14.19,14.29,14.15,14.17,76245022,BAC
2013-10-31,14.135,14.16,13.96,13.97,105546894,BAC
2013-11-01,13.995,14.1,13.96,14.02,75553363,BAC
2013-11-04,14.09,14.12,14.0,14.04,52953680,BAC
2013-11-05,13.99,14.021,13.9,13.93,71687715,BAC
2013-11-06,13.99,14.02,13.91,13.96,66525249,BAC
2013-11-07,14.0,14.03,13.8,13.8,80674492,BAC
2013-11-08,13.86,14.32,13.835,14.32,158022122,BAC
2013-11-11,14.27,14.42,14.24,14.4,66198059,BAC
2013-11-12,14.33,14.46,14.26,14.32,69369035,BAC
2013-11-13,14.255,14.64,14.2,14.64,127808601,BAC
2013-11-14,14.675,14.82,14.61,14.795,128943715,BAC
2013-11-15,14.79,14.95,14.77,14.92,105475307,BAC
2013-11-18,14.975,15.17,14.86,14.92,145554412,BAC
2013-11-19,14.975,15.3,14.97,15.2,161505567,BAC
2013-11-20,15.25,15.27,15.08,15.14,107174852,BAC
2013-11-21,15.22,15.6,15.2,15.59,142053629,BAC
2013-11-22,15.695,15.7873,15.6,15.64,110331145,BAC
2013-11-25,15.67,15.98,15.66,15.81,153765538,BAC
2013-11-26,15.835,15.97,15.81,15.88,114833655,BAC
2013-11-27,15.87,15.94,15.76,15.83,75503648,BAC
2013-11-29,15.835,15.92,15.79,15.82,44288423,BAC
2013-12-02,15.84,15.97,15.7,15.73,92987434,BAC
2013-12-03,15.64,15.79,15.39,15.54,106450288,BAC
2013-12-04,15.39,15.73,15.36,15.63,96678149,BAC
2013-12-05,15.61,15.64,15.36,15.43,95230455,BAC
2013-12-06,15.61,15.72,15.46,15.56,92203072,BAC
2013-12-09,15.62,15.67,15.56,15.58,50167185,BAC
2013-12-10,15.52,15.675,15.51,15.56,67486267,BAC
2013-12-11,15.55,15.55,15.18,15.25,117565003,BAC
2013-12-12,15.26,15.35,15.12,15.25,76113932,BAC
2013-12-13,15.275,15.33,15.13,15.18,61575599,BAC
2013-12-16,15.22,15.34,15.2,15.24,71466952,BAC
2013-12-17,15.24,15.295,15.14,15.18,74247281,BAC
2013-12-18,15.28,15.71,15.06,15.69,152929327,BAC
2013-12-19,15.66,15.79,15.6,15.75,97918712,BAC
2013-12-20,15.75,15.87,15.6,15.6,131956017,BAC
2013-12-23,15.72,15.79,15.69,15.69,52565832,BAC
2013-12-24,15.72,15.75,15.67,15.7,21770357,BAC
2013-12-26,15.735,15.75,15.64,15.65,48803604,BAC
2013-12-27,15.67,15.7,15.58,15.67,40049258,BAC
2013-12-30,15.64,15.69,15.52,15.54,56218765,BAC
2013-12-31,15.6,15.615,15.51,15.57,57230964,BAC
2014-01-02,15.69,16.16,15.68,16.1,149225696,BAC
2014-01-03,16.27,16.5,16.23,16.41,130054547,BAC
2014-01-06,16.625,16.73,16.56,16.66,114727379,BAC
2014-01-07,16.77,16.79,16.45,16.5,112141137,BAC
2014-01-08,16.67,16.69,16.5191,16.58,101227932,BAC
2014-01-09,16.67,16.9264,16.615,16.83,101275343,BAC
2014-01-10,16.75,16.79,16.61,16.77,87682477,BAC
2014-01-13,16.79,16.8,16.4,16.43,90827849,BAC
2014-01-14,16.54,16.77,16.53,16.77,98517898,BAC
2014-01-15,17.23,17.42,17.11,17.15,330005943,BAC
2014-01-16,17.09,17.14,16.99,17.08,163879260,BAC
2014-01-17,17.2,17.22,16.99,17.01,96509703,BAC
2014-01-21,17.08,17.155,16.87,17.01,118388995,BAC
2014-01-22,17.08,17.15,17.0,17.15,68231534,BAC
2014-01-23,17.07,17.09,16.74,16.86,124037063,BAC
2014-01-24,16.67,16.72,16.45,16.45,114269725,BAC
2014-01-27,16.37,16.54,16.06,16.31,135060624,BAC
2014-01-28,16.45,16.76,16.37,16.73,93652513,BAC
2014-01-29,16.55,16.85,16.49,16.68,130381992,BAC
2014-01-30,16.81,16.99,16.765,16.93,91147776,BAC
2014-01-31,16.72,16.98,16.61,16.75,139608553,BAC
2014-02-03,16.77,16.88,16.3,16.35,160718806,BAC
2014-02-04,16.49,16.56,16.26,16.35,125833754,BAC
2014-02-05,16.31,16.45,16.15,16.4,110835126,BAC
2014-02-06,16.45,16.73,16.44,16.69,110229403,BAC
2014-02-07,16.82,16.88,16.63,16.82,151911622,BAC
2014-02-10,16.71,16.73,16.6,16.72,96136622,BAC
2014-02-11,16.725,16.92,16.635,16.88,92866298,BAC
2014-02-12,16.87,16.91,16.65,16.75,97286498,BAC
2014-02-13,16.645,16.82,16.63,16.75,96047289,BAC
2014-02-14,16.74,16.76,16.65,16.7,113375071,BAC
2014-02-18,16.7,16.74,16.47,16.47,122179187,BAC
2014-02-19,16.38,16.45,16.18,16.2,138080546,BAC
2014-02-20,16.22,16.36,16.18,16.3,107820954,BAC
2014-02-21,16.29,16.485,16.25,16.29,106622165,BAC
2014-02-24,16.3,16.63,16.3,16.53,103039579,BAC
2014-02-25,16.5,16.56,16.32,16.34,81617640,BAC
2014-02-26,16.36,16.4,16.13,16.33,90012056,BAC
2014-02-27,16.27,16.49,16.21,16.49,71807622,BAC
2014-02-28,16.49,16.65,16.345,16.53,126312615,BAC
2014-03-03,16.3,16.41,16.19,16.3,87613440,BAC
2014-03-04,16.48,16.74,16.43,16.73,101701851,BAC
2014-03-05,16.79,17.31,16.78,17.25,207621573,BAC
2014-03-06,17.42,17.6309,17.31,17.35,138302215,BAC
2014-03-07,17.54,17.59,17.2456,17.33,109771403,BAC
2014-03-10,17.27,17.47,17.25,17.47,81974096,BAC
2014-03-11,17.51,17.52,17.25,17.27,90642730,BAC
2014-03-12,17.18,17.33,17.07,17.28,83501627,BAC
2014-03-13,17.34,17.47,17.07,17.16,100875677,BAC
2014-03-14,17.08,17.22,16.76,16.8,131297215,BAC
2014-03-17,16.98,17.17,16.97,17.11,79942183,BAC
2014-03-18,17.14,17.22,17.07,17.19,67402402,BAC
2014-03-19,17.16,17.49,17.12,17.44,105006477,BAC
2014-03-20,17.44,18.0,17.43,17.92,167048671,BAC
2014-03-21,18.03,18.03,17.56,17.56,156026291,BAC
2014-03-24,17.62,17.65,17.3,17.37,118499989,BAC
2014-03-25,17.49,17.58,17.2,17.21,98348557,BAC
2014-03-26,17.38,17.4,17.18,17.18,97573715,BAC
2014-03-27,17.28,17.49,16.83,17.01,175139455,BAC
2014-03-28,17.085,17.15,16.85,16.98,79909509,BAC
2014-03-31,17.15,17.27,17.12,17.2,62115774,BAC
2014-04-01,17.28,17.4,17.26,17.34,57423776,BAC
2014-04-02,17.35,17.38,17.13,17.23,65285679,BAC
2014-04-03,17.21,17.24,17.03,17.15,56534512,BAC
2014-04-04,17.21,17.22,16.7,16.72,110409594,BAC
2014-04-07,16.69,16.7,16.19,16.38,129464876,BAC
2014-04-08,16.37,16.5,16.25,16.44,75769671,BAC
2014-04-09,16.55,16.63,16.345,16.62,83096413,BAC
2014-04-10,16.62,16.62,16.1,16.12,98390934,BAC
2014-04-11,15.86,16.13,15.62,15.77,133757149,BAC
2014-04-14,16.05,16.22,15.78,16.0,99249360,BAC
2014-04-15,16.09,16.41,15.96,16.39,134956615,BAC
2014-04-16,16.2,16.22,15.78,16.13,172948930,BAC
2014-04-17,16.14,16.25,15.93,16.15,104765535,BAC
2014-04-21,16.15,16.17,16.03,16.09,51280450,BAC
2014-04-22,16.09,16.34,16.04,16.29,77888859,BAC
2014-04-23,16.3,16.4,16.23,16.37,52425644,BAC
2014-04-24,16.43,16.5,16.21,16.34,73910944,BAC
2014-04-25,16.1,16.23,15.93,15.95,84617726,BAC
2014-04-28,15.33,15.41,14.86,14.95,344935158,BAC
2014-04-29,15.04,15.3,14.91,15.24,155495010,BAC
2014-04-30,15.26,15.27,15.13,15.14,82359669,BAC
2014-05-01,15.14,15.2174,15.03,15.09,68368291,BAC
2014-05-02,15.18,15.29,15.1,15.25,73562859,BAC
2014-05-05,15.075,15.13,15.02,15.08,51669134,BAC
2014-05-06,15.03,15.03,14.72,14.73,96268311,BAC
2014-05-07,14.86,14.92,14.75,14.8,91733037,BAC
2014-05-08,14.85,15.04,14.8,14.93,65232716,BAC
2014-05-09,14.95,14.9857,14.67,14.74,86751616,BAC
2014-05-12,14.79,15.1,14.79,15.07,70669928,BAC
2014-05-13,15.04,15.1,14.94,15.03,58469055,BAC
2014-05-14,14.99,15.02,14.81,14.84,52431852,BAC
2014-05-15,14.82,14.83,14.39,14.55,104192968,BAC
2014-05-16,14.51,14.54,14.3675,14.51,80476129,BAC
2014-05-19,14.425,14.7,14.38,14.67,51034696,BAC
2014-05-20,14.65,14.69,14.48,14.53,60108208,BAC
2014-05-21,14.59,14.71,14.5,14.61,64808554,BAC
2014-05-22,14.58,14.72,14.55,14.71,51929418,BAC
2014-05-23,14.71,14.8145,14.65,14.72,51648948,BAC
2014-05-27,15.0,15.31,14.98,15.22,125398936,BAC
2014-05-28,15.2699,15.28,15.03,15.14,72481688,BAC
2014-05-29,15.12,15.21,15.1,15.15,39423038,BAC
2014-05-30,15.12,15.23,15.07,15.14,45787134,BAC
2014-06-02,15.16,15.28,15.05,15.26,46373953,BAC
2014-06-03,15.2,15.28,15.11,15.21,49025413,BAC
2014-06-04,15.19,15.26,15.15,15.21,39757265,BAC
2014-06-05,15.28,15.48,15.22,15.43,60300456,BAC
2014-06-06,15.45,15.65,15.43,15.59,73930478,BAC
2014-06-09,15.6,15.88,15.6,15.84,78647895,BAC
2014-06-10,15.78,15.94,15.73,15.92,49852855,BAC
2014-06-11,15.69,15.82,15.55,15.59,73729322,BAC
2014-06-12,15.57,15.66,15.38,15.42,66173155,BAC
2014-06-13,15.46,15.55,15.33,15.44,61588127,BAC
2014-06-16,15.3,15.31,15.18,15.28,55425378,BAC
2014-06-17,15.265,15.62,15.255,15.59,58011594,BAC
2014-06-18,15.63,15.69,15.44,15.65,70220339,BAC
2014-06-19,15.66,15.67,15.5,15.55,40953928,BAC
2014-06-20,15.63,15.63,15.44,15.45,54765268,BAC
2014-06-23,15.47,15.65,15.38,15.64,58492242,BAC
2014-06-24,15.555,15.7,15.44,15.49,73262475,BAC
2014-06-25,15.45,15.49,15.28,15.47,71766365,BAC
2014-06-26,15.44,15.53,15.27,15.41,68519602,BAC
2014-06-27,15.38,15.42,15.31,15.33,58149183,BAC
2014-06-30,15.31,15.45,15.29,15.37,47776848,BAC
2014-07-01,15.38,15.65,15.38,15.6,74193538,BAC
2014-07-02,15.78,16.03,15.76,15.85,87685843,BAC
2014-07-03,16.07,16.23,16.0,16.03,70582291,BAC
2014-07-07,15.99,16.0,15.83,15.94,62437058,BAC
2014-07-08,15.82,15.83,15.52,15.58,73343353,BAC
2014-07-09,15.62,15.6899,15.54,15.6,46415844,BAC
2014-07-10,15.33,15.53,15.25,15.44,61458471,BAC
2014-07-11,15.39,15.43,15.3,15.38,56849387,BAC
2014-07-14,15.62,15.67,15.52,15.57,59181661,BAC
2014-07-15,15.75,15.85,15.66,15.81,100196217,BAC
2014-07-16,15.66,15.66,15.43,15.51,123897391,BAC
2014-07-17,15.45,15.48,15.13,15.2,114839948,BAC
2014-07-18,15.27,15.5,15.25,15.49,74859177,BAC
2014-07-21,15.42,15.55,15.36,15.52,61802195,BAC
2014-07-22,15.59,15.62,15.47,15.52,58331052,BAC
2014-07-23,15.52,15.63,15.51,15.52,47253265,BAC
2014-07-24,15.56,15.64,15.55,15.62,46549768,BAC
2014-07-25,15.585,15.63,15.55,15.59,35627167,BAC
2014-07-28,15.585,15.61,15.46,15.5,39322309,BAC
2014-07-29,15.52,15.53,15.34,15.34,51480454,BAC
2014-07-30,15.43,15.665,15.31,15.58,83243060,BAC
2014-07-31,15.44,15.55,15.25,15.25,70677323,BAC
2014-08-01,15.18,15.39,14.84,14.98,115978873,BAC
2014-08-04,15.065,15.12,14.98,15.05,51954672,BAC
2014-08-05,15.01,15.2,14.9,15.0,65071526,BAC
2014-08-06,15.14,15.36,15.14,15.2,95977855,BAC
2014-08-07,15.44,15.44,15.09,15.12,80058315,BAC
2014-08-08,15.08,15.2,14.99,15.2,54495011,BAC
2014-08-11,15.26,15.27,15.15,15.22,41545118,BAC
2014-08-12,15.18,15.3,15.15,15.21,33674350,BAC
2014-08-13,15.25,15.29,15.2,15.25,34059127,BAC
2014-08-14,15.26,15.32,15.26,15.32,29934562,BAC
2014-08-15,15.34,15.41,15.14,15.22,61535490,BAC
2014-08-18,15.28,15.45,15.27,15.45,54968626,BAC
2014-08-19,15.52,15.65,15.44,15.45,44825522,BAC
2014-08-20,15.41,15.6333,15.37,15.52,57824956,BAC
2014-08-21,15.69,16.22,15.62,16.16,177294357,BAC
2014-08-22,16.16,16.29,16.05,16.13,107641751,BAC
2014-08-25,16.27,16.4,16.2,16.29,89396509,BAC
2014-08-26,16.34,16.46,16.32,16.33,73323418,BAC
2014-08-27,16.37,16.39,16.14,16.2,63061789,BAC
2014-08-28,16.095,16.1,15.99,16.01,62170376,BAC
2014-08-29,16.045,16.14,16.02,16.09,50106605,BAC
2014-09-02,16.14,16.28,16.06,16.27,59400412,BAC
2014-09-03,16.27,16.28,16.04,16.1,67418919,BAC
2014-09-04,16.095,16.27,16.04,16.11,56378610,BAC
2014-09-05,16.05,16.07,15.9,16.02,80974901,BAC
2014-09-08,16.19,16.37,16.15,16.35,99411156,BAC
2014-09-09,16.25,16.26,16.1,16.14,82428852,BAC
2014-09-10,16.155,16.4,16.13,16.36,75656101,BAC
2014-09-11,16.32,16.63,16.3,16.57,106951724,BAC
2014-09-12,16.62,16.83,16.61,16.79,117118283,BAC
2014-09-15,16.795,16.93,16.62,16.74,87306899,BAC
2014-09-16,16.67,16.84,16.67,16.71,65017235,BAC
2014-09-17,16.71,16.93,16.68,16.77,82902719,BAC
2014-09-18,16.88,17.15,16.87,17.04,111923229,BAC
2014-09-19,17.15,17.17,16.88,16.95,88455049,BAC
2014-09-22,17.09,17.17,16.99,17.03,109276696,BAC
2014-09-23,17.05,17.2,17.03,17.05,91921935,BAC
2014-09-24,17.12,17.19,16.97,17.18,86396124,BAC
2014-09-25,17.155,17.18,16.85,16.85,104522487,BAC
2014-09-26,16.91,17.05,16.89,17.03,66785876,BAC
2014-09-29,16.91,17.05,16.88,17.01,68038311,BAC
2014-09-30,17.08,17.11,16.97,17.05,82217388,BAC
2014-10-01,17.07,17.09,16.8,16.82,91235935,BAC
2014-10-02,16.86,16.99,16.63,16.88,118018774,BAC
2014-10-03,17.11,17.3,17.06,17.29,110840569,BAC
2014-10-06,17.37,17.41,17.22,17.29,66212066,BAC
2014-10-07,17.18,17.2,16.88,16.88,91396327,BAC
2014-10-08,16.88,17.12,16.72,17.12,101266804,BAC
2014-10-09,17.04,17.11,16.55,16.59,121363088,BAC
2014-10-10,16.52,16.77,16.36,16.48,129552650,BAC
2014-10-13,16.48,16.67,16.4,16.4,92674130,BAC
2014-10-14,16.51,16.63,16.36,16.52,97451881,BAC
2014-10-15,16.23,16.24,15.43,15.76,216591804,BAC
2014-10-16,15.61,16.25,15.52,16.08,148199432,BAC
2014-10-17,16.25,16.41,16.16,16.21,94339180,BAC
2014-10-20,16.2,16.33,16.16,16.26,76510730,BAC
2014-10-21,16.43,16.61,16.31,16.6,78287334,BAC
2014-10-22,16.59,16.7,16.37,16.4,85199795,BAC
2014-10-23,16.58,16.73,16.515,16.6,68436551,BAC
2014-10-24,16.63,16.72,16.56,16.72,41951414,BAC
2014-10-27,16.68,16.69,16.5,16.59,51499970,BAC
2014-10-28,16.62,16.8,16.61,16.8,71850839,BAC
2014-10-29,16.77,17.02,16.71,16.99,99875657,BAC
2014-10-30,16.96,17.12,16.84,17.03,72579120,BAC
2014-10-31,17.17,17.22,17.1,17.16,82788923,BAC
2014-11-03,17.18,17.35,17.1,17.27,64109402,BAC
2014-11-04,17.22,17.3,17.02,17.21,53515435,BAC
2014-11-05,17.32,17.37,17.21,17.34,58608232,BAC
2014-11-06,17.34,17.4,17.28,17.36,57339203,BAC
2014-11-07,17.31,17.38,17.22,17.36,53907826,BAC
2014-11-10,17.36,17.4,17.3,17.37,54261121,BAC
2014-11-11,17.37,17.46,17.3,17.32,62236029,BAC
2014-11-12,17.24,17.3,17.07,17.29,48669101,BAC
2014-11-13,17.285,17.3,17.12,17.22,50586273,BAC
2014-11-14,17.165,17.25,17.1,17.14,41144632,BAC
2014-11-17,17.06,17.14,16.97,17.09,43393347,BAC
2014-11-18,17.07,17.22,17.06,17.14,39490695,BAC
2014-11-19,17.145,17.15,17.01,17.06,49441553,BAC
2014-11-20,16.96,17.01,16.83,17.0,49652114,BAC
2014-11-21,17.15,17.19,17.06,17.12,62999975,BAC
2014-11-24,17.16,17.28,17.08,17.18,52785687,BAC
2014-11-25,17.23,17.26,17.08,17.1,44786324,BAC
2014-11-26,17.12,17.15,17.04,17.11,27358440,BAC
2014-11-28,17.07,17.15,17.03,17.04,27834925,BAC
2014-12-01,16.92,16.94,16.73,16.79,61173148,BAC
2014-12-02,16.87,17.15,16.86,17.15,62945173,BAC
2014-12-03,17.1,17.3,17.06,17.29,70104217,BAC
2014-12-04,17.24,17.34,17.13,17.21,49773593,BAC
2014-12-05,17.41,17.71,17.35,17.68,131823990,BAC
2014-12-08,17.66,17.87,17.51,17.66,101035132,BAC
2014-12-09,17.175,17.59,17.17,17.56,95965217,BAC
2014-12-10,17.48,17.68,17.37,17.38,103611138,BAC
2014-12-11,17.44,17.65,17.44,17.47,80173209,BAC
2014-12-12,17.37,17.45,17.13,17.13,88886701,BAC
2014-12-15,17.3,17.31,16.76,16.85,101305256,BAC
2014-12-16,16.74,17.19,16.59,16.72,96111951,BAC
2014-12-17,16.87,17.27,16.82,17.26,92164082,BAC
2014-12-18,17.47,17.53,17.34,17.53,79333998,BAC
2014-12-19,17.49,17.7,17.49,17.62,105588213,BAC
2014-12-22,17.65,17.73,17.55,17.71,70969282,BAC
2014-12-23,17.83,17.99,17.78,17.93,94405246,BAC
2014-12-24,17.965,18.1,17.92,17.98,35091254,BAC
2014-12-26,18.02,18.05,17.95,17.98,34362457,BAC
2014-12-29,17.97,18.19,17.91,18.11,58370887,BAC
2014-12-30,18.04,18.18,18.01,18.13,41433523,BAC
2014-12-31,18.19,18.21,17.89,17.89,57819572,BAC
2015-01-02,17.99,18.03,17.6801,17.9,48951133,BAC
2015-01-05,17.785,17.81,17.29,17.38,105605485,BAC
2015-01-06,17.42,17.44,16.78,16.86,144912399,BAC
2015-01-07,17.14,17.18,16.87,16.94,104603795,BAC
2015-01-08,17.16,17.34,17.1,17.29,73388499,BAC
2015-01-09,17.38,17.38,16.95,16.98,84144582,BAC
2015-01-12,17.025,17.03,16.66,16.68,92762501,BAC
2015-01-13,16.82,16.89,16.32,16.45,100845428,BAC
2015-01-14,16.0,16.215,15.77,16.04,164779753,BAC
2015-01-15,15.59,15.76,15.15,15.2,193241269,BAC
2015-01-16,15.16,15.4,14.97,15.38,149802031,BAC
2015-01-20,15.59,15.63,15.2,15.26,123402773,BAC
2015-01-21,15.28,15.57,15.15,15.41,101054166,BAC
2015-01-22,15.55,16.19,15.43,16.09,183042071,BAC
2015-01-23,16.04,16.19,15.73,15.73,103376863,BAC
2015-01-26,15.72,15.93,15.7,15.85,69969283,BAC
2015-01-27,15.55,15.79,15.48,15.63,86184227,BAC
2015-01-28,15.72,15.73,15.18,15.2,105359816,BAC
2015-01-29,15.31,15.49,15.2,15.43,76095811,BAC
2015-01-30,15.23,15.47,15.15,15.15,99844602,BAC
2015-02-02,15.27,15.49,15.12,15.46,101586694,BAC
2015-02-03,15.62,15.93,15.61,15.89,105159425,BAC
2015-02-04,15.79,16.0,15.75,15.79,83848119,BAC
2015-02-05,15.98,16.09,15.9,15.97,92264706,BAC
2015-02-06,16.3,16.75,16.22,16.49,160832299,BAC
2015-02-09,16.35,16.5,16.25,16.35,95532929,BAC
2015-02-10,16.56,16.62,16.35,16.42,100322839,BAC
2015-02-11,16.33,16.45,16.21,16.36,99924367,BAC
2015-02-12,16.41,16.73,16.37,16.67,116394126,BAC
2015-02-13,16.73,16.79,16.54,16.61,93632718,BAC
2015-02-17,16.525,16.68,16.37,16.63,93350603,BAC
2015-02-18,16.55,16.56,16.24,16.3,84057353,BAC
2015-02-19,16.21,16.38,16.08,16.21,83604303,BAC
2015-02-20,16.14,16.43,16.01,16.38,89763586,BAC
2015-02-23,16.32,16.32,16.1,16.2,87623654,BAC
2015-02-24,16.27,16.55,16.25,16.38,74109596,BAC
2015-02-25,16.37,16.5,16.32,16.49,57200974,BAC
2015-02-26,16.42,16.44,15.9,16.04,161100671,BAC
2015-02-27,15.78,15.88,15.62,15.81,130448222,BAC
2015-03-02,15.79,16.03,15.715,16.01,71402439,BAC
2015-03-03,16.03,16.15,15.96,16.04,65689812,BAC
2015-03-04,15.96,15.98,15.76,15.84,78441603,BAC
2015-03-05,15.92,16.03,15.745,16.0,69509958,BAC
2015-03-06,16.41,16.62,16.16,16.22,163207226,BAC
2015-03-09,16.31,16.33,16.12,16.17,72912722,BAC
2015-03-10,16.04,16.13,15.79,15.79,85633552,BAC
2015-03-11,15.92,16.16,15.87,16.11,85910140,BAC
2015-03-12,16.05,16.21,15.9,16.09,126376330,BAC
2015-03-13,16.08,16.15,15.94,16.09,88581887,BAC
2015-03-16,16.11,16.22,15.85,16.13,63406461,BAC
2015-03-17,16.07,16.12,15.96,16.09,67314982,BAC
2015-03-18,16.01,16.1,15.91,15.98,86387603,BAC
2015-03-19,15.96,15.97,15.61,15.61,109169157,BAC
2015-03-20,15.695,15.93,15.64,15.84,99867679,BAC
2015-03-23,15.82,15.88,15.72,15.72,73773531,BAC
2015-03-24,15.73,15.8,15.61,15.61,77010981,BAC
2015-03-25,15.63,15.65,15.4,15.41,88541470,BAC
2015-03-26,15.385,15.54,15.26,15.42,76741501,BAC
2015-03-27,15.48,15.49,15.27,15.31,73140825,BAC
2015-03-30,15.42,15.61,15.4,15.52,70835266,BAC
2015-03-31,15.5,15.52,15.38,15.39,61381735,BAC
2015-04-01,15.42,15.46,15.25,15.41,73153854,BAC
2015-04-02,15.43,15.62,15.43,15.54,50443508,BAC
2015-04-06,15.39,15.6,15.34,15.51,51189543,BAC
2015-04-07,15.53,15.65,15.45,15.46,50057793,BAC
2015-04-08,15.51,15.74,15.5,15.61,71732476,BAC
2015-04-09,15.63,15.76,15.53,15.71,44935551,BAC
2015-04-10,15.69,15.79,15.6,15.72,43817662,BAC
2015-04-13,15.78,15.86,15.74,15.8,49191244,BAC
2015-04-14,15.88,15.95,15.71,15.82,84385405,BAC
2015-04-15,15.7,15.85,15.59,15.64,124479058,BAC
2015-04-16,15.64,15.94,15.58,15.79,105591004,BAC
2015-04-17,15.71,15.75,15.5,15.56,88994274,BAC
2015-04-20,15.62,15.69,15.56,15.57,53649399,BAC
2015-04-21,15.6,15.64,15.43,15.5,64033133,BAC
2015-04-22,15.55,15.83,15.49,15.74,73092762,BAC
2015-04-23,15.72,15.8,15.68,15.69,50292151,BAC
2015-04-24,15.71,15.75,15.61,15.64,40766109,BAC
2015-04-27,15.63,15.76,15.56,15.56,73523391,BAC
2015-04-28,15.58,15.71,15.5,15.65,58080055,BAC
2015-04-29,15.6,16.04,15.57,15.98,134499395,BAC
2015-04-30,16.0,16.05,15.7949,15.93,78313865,BAC
2015-05-01,16.0,16.15,15.92,16.11,78171362,BAC
2015-05-04,16.14,16.45,16.12,16.44,76592284,BAC
2015-05-05,16.42,16.61,16.33,16.35,106148744,BAC
2015-05-06,16.36,16.49,16.08,16.29,96426526,BAC
2015-05-07,16.23,16.33,16.09,16.24,73794827,BAC
2015-05-08,16.32,16.46,16.22,16.45,86333659,BAC
2015-05-11,16.45,16.59,16.43,16.49,56246007,BAC
2015-05-12,16.46,16.48,16.35,16.43,59627058,BAC
2015-05-13,16.44,16.52,16.36,16.47,47330638,BAC
2015-05-14,16.53,16.59,16.45,16.52,55395660,BAC
2015-05-15,16.52,16.52,16.3,16.35,54937772,BAC
2015-05-18,16.31,16.54,16.31,16.51,51059870,BAC
2015-05-19,16.59,16.78,16.58,16.77,89115475,BAC
2015-05-20,16.78,16.85,16.63,16.74,67683965,BAC
2015-05-21,16.71,16.75,16.56,16.73,52056583,BAC
2015-05-22,16.72,16.8,16.705,16.75,47032906,BAC
2015-05-26,16.73,16.73,16.43,16.5,100048158,BAC
2015-05-27,16.56,16.75,16.54,16.74,70026719,BAC
2015-05-28,16.72,16.73,16.58,16.67,60969979,BAC
2015-05-29,16.66,16.67,16.47,16.5,74266166,BAC
2015-06-01,16.58,16.64,16.47,16.55,62941625,BAC
2015-06-02,16.52,16.76,16.5,16.72,65513210,BAC
2015-06-03,16.79,17.02,16.74,16.93,89614868,BAC
2015-06-04,16.87,16.98,16.72,16.78,61025453,BAC
2015-06-05,17.04,17.35,16.965,17.19,119087408,BAC
2015-06-08,17.27,17.33,17.05,17.08,69749600,BAC
2015-06-09,17.05,17.35,17.0,17.31,82104858,BAC
2015-06-10,17.39,17.62,17.36,17.59,102643147,BAC
2015-06-11,17.62,17.675,17.44,17.49,77191527,BAC
2015-06-12,17.45,17.58,17.36,17.49,53149442,BAC
2015-06-15,17.33,17.5,17.25,17.47,68053373,BAC
2015-06-16,17.46,17.5599,17.37,17.55,47291181,BAC
2015-06-17,17.59,17.595,17.3,17.37,88712103,BAC
2015-06-18,17.35,17.4,17.22,17.38,97599930,BAC
2015-06-19,17.28,17.39,17.12,17.17,83395443,BAC
2015-06-22,17.36,17.53,17.35,17.47,58477740,BAC
2015-06-23,17.56,17.72,17.56,17.67,63865708,BAC
2015-06-24,17.53,17.69,17.45,17.49,59079475,BAC
2015-06-25,17.57,17.62,17.35,17.37,59772167,BAC
2015-06-26,17.48,17.52,17.35,17.41,63080788,BAC
2015-06-29,17.13,17.25,16.86,16.89,98604168,BAC
2015-06-30,17.08,17.13,16.85,17.02,89039753,BAC
2015-07-01,17.25,17.31,17.09,17.22,62317352,BAC
2015-07-02,17.16,17.21,16.89,17.03,64736475,BAC
2015-07-06,16.78,17.01,16.71,16.94,58726886,BAC
2015-07-07,16.9,16.93,16.34,16.69,115450479,BAC
2015-07-08,16.42,16.5,16.22,16.25,83032960,BAC
2015-07-09,16.53,16.72,16.45,16.48,81534426,BAC
2015-07-10,16.795,16.84,16.66,16.7,72965257,BAC
2015-07-13,16.97,17.05,16.9,17.02,67934294,BAC
2015-07-14,16.93,17.15,16.86,17.13,69999818,BAC
2015-07-15,17.53,17.85,17.49,17.68,173099934,BAC
2015-07-16,17.91,18.07,17.86,17.95,117054318,BAC
2015-07-17,17.96,18.16,17.89,18.1,96894911,BAC
2015-07-20,18.15,18.23,18.08,18.12,71980057,BAC
2015-07-21,18.11,18.17,18.02,18.08,63732762,BAC
2015-07-22,18.03,18.48,18.03,18.45,110327018,BAC
2015-07-23,18.39,18.43,18.08,18.18,103650135,BAC
2015-07-24,18.2,18.23,17.84,17.9,86364298,BAC
2015-07-27,17.66,17.78,17.5,17.67,93231917,BAC
2015-07-28,17.79,17.89,17.6,17.88,82166817,BAC
2015-07-29,17.95,18.2,17.92,18.16,96388569,BAC
2015-07-30,18.2,18.29,18.05,18.13,65667898,BAC
2015-07-31,18.03,18.06,17.86,17.88,67176946,BAC
2015-08-03,17.91,17.965,17.64,17.77,62376780,BAC
2015-08-04,17.79,17.93,17.71,17.8,69741507,BAC
2015-08-05,17.93,18.045,17.8,17.87,65228627,BAC
2015-08-06,17.91,17.975,17.77,17.81,47594722,BAC
2015-08-07,17.92,18.07,17.6,17.75,71020703,BAC
2015-08-10,17.87,18.05,17.86,18.04,65791191,BAC
2015-08-11,17.85,17.97,17.72,17.79,65868585,BAC
2015-08-12,17.62,17.645,17.02,17.52,143433552,BAC
2015-08-13,17.56,17.69,17.44,17.62,67456183,BAC
2015-08-14,17.57,17.7,17.54,17.7,52710258,BAC
2015-08-17,17.61,17.81,17.56,17.77,42309963,BAC
2015-08-18,17.72,17.9,17.65,17.69,50360727,BAC
2015-08-19,17.55,17.69,17.44,17.46,78522838,BAC
2015-08-20,17.19,17.2,16.72,16.72,149185431,BAC
2015-08-21,16.195,16.66,16.1,16.1,148874303,BAC
2015-08-24,15.02,15.98,14.6,15.29,214649482,BAC
2015-08-25,16.2,16.205,15.25,15.26,194376992,BAC
2015-08-26,15.81,16.06,15.335,16.06,174208534,BAC
2015-08-27,16.38,16.45,16.09,16.44,124185443,BAC
2015-08-28,16.4,16.44,16.2,16.36,75899306,BAC
2015-08-31,16.33,16.375,16.18,16.34,66695185,BAC
2015-09-01,15.95,16.05,15.46,15.58,119064035,BAC
2015-09-02,15.81,15.86,15.57,15.85,74820399,BAC
2015-09-03,15.97,16.1899,15.87,15.94,77175757,BAC
2015-09-04,15.79,15.86,15.5,15.65,104539500,BAC
2015-09-08,15.96,16.16,15.9,16.16,73960238,BAC
2015-09-09,16.37,16.46,15.83,15.9,70466139,BAC
2015-09-10,15.87,16.11,15.81,16.04,71110193,BAC
2015-09-11,15.99,16.06,15.9,16.04,54287677,BAC
2015-09-14,15.97,16.07,15.9,15.96,50640946,BAC
2015-09-15,16.04,16.39,16.0101,16.31,62327105,BAC
2015-09-16,16.35,16.39,16.09,16.33,83776419,BAC
2015-09-17,16.29,16.48,15.78,15.86,119088186,BAC
2015-09-18,15.68,15.71,15.5,15.56,136531198,BAC
2015-09-21,15.67,15.75,15.57,15.7,79096205,BAC
2015-09-22,15.49,15.58,15.45,15.57,92235195,BAC
2015-09-23,15.6,15.85,15.58,15.72,78117507,BAC
2015-09-24,15.535,15.62,15.4,15.55,99520125,BAC
2015-09-25,15.88,16.02,15.81,15.89,88654983,BAC
2015-09-28,15.79,15.82,15.38,15.47,91324283,BAC
2015-09-29,15.5,15.53,15.25,15.35,79829410,BAC
2015-09-30,15.55,15.6,15.32,15.58,71347084,BAC
2015-10-01,15.52,15.64,15.36,15.55,71516846,BAC
2015-10-02,15.08,15.38,14.63,15.38,181838369,BAC
2015-10-05,15.45,15.79,15.44,15.69,75315340,BAC
2015-10-06,15.68,15.82,15.57,15.69,67473718,BAC
2015-10-07,15.78,15.93,15.57,15.75,67019915,BAC
2015-10-08,15.72,15.78,15.51,15.75,79056883,BAC
2015-10-09,15.75,15.82,15.5,15.58,76667097,BAC
2015-10-12,15.6,15.62,15.43,15.52,50725777,BAC
2015-10-13,15.45,15.59,15.4,15.52,73689847,BAC
2015-10-14,15.77,15.92,15.55,15.64,122272438,BAC
2015-10-15,15.81,16.28,15.72,16.19,127028772,BAC
2015-10-16,16.285,16.29,16.03,16.12,66989537,BAC
2015-10-19,16.0,16.21,15.98,16.14,62953541,BAC
2015-10-20,16.16,16.29,16.1,16.2,50797790,BAC
2015-10-21,16.26,16.29,15.9,15.9,64861330,BAC
2015-10-22,16.0,16.2,15.995,16.16,74116646,BAC
2015-10-23,16.29,16.55,16.25,16.52,82285833,BAC
2015-10-26,16.52,16.55,16.34,16.51,67702832,BAC
2015-10-27,16.4,16.47,16.3,16.4,56159251,BAC
2015-10-28,16.45,17.31,16.445,17.28,147720142,BAC
2015-10-29,17.16,17.44,16.97,17.09,95542296,BAC
2015-10-30,17.18,17.18,16.76,16.78,87645788,BAC
2015-11-02,16.9,17.14,16.87,17.06,56948218,BAC
2015-11-03,17.01,17.26,16.99,17.18,66127070,BAC
2015-11-04,17.3,17.31,16.96,17.01,78728433,BAC
2015-11-05,17.03,17.37,17.03,17.31,85505498,BAC
2015-11-06,17.84,18.09,17.76,17.95,158037510,BAC
2015-11-09,18.03,18.08,17.56,17.68,129920743,BAC
2015-11-10,17.63,17.94,17.56,17.85,59905761,BAC
2015-11-11,17.99,17.99,17.68,17.75,59235017,BAC
2015-11-12,17.58,17.63,17.35,17.37,77850874,BAC
2015-11-13,17.13,17.31,17.09,17.2,103574885,BAC
2015-11-16,17.13,17.46,17.01,17.43,70384338,BAC
2015-11-17,17.5,17.6,17.34,17.42,70488605,BAC
2015-11-18,17.43,17.87,17.43,17.84,85708326,BAC
2015-11-19,17.78,17.85,17.62,17.69,51829659,BAC
2015-11-20,17.81,17.8326,17.59,17.65,56288301,BAC
2015-11-23,17.62,17.73,17.46,17.47,50362933,BAC
2015-11-24,17.26,17.57,17.25,17.47,58724233,BAC
2015-11-25,17.51,17.57,17.41,17.44,34939034,BAC
2015-11-27,17.46,17.5,17.33,17.48,22937528,BAC
2015-11-30,17.48,17.58,17.42,17.43,61893692,BAC
2015-12-01,17.52,17.81,17.48,17.81,74351824,BAC
2015-12-02,17.88,17.89,17.55,17.62,76918990,BAC
2015-12-03,17.68,17.765,17.25,17.3,95810096,BAC
2015-12-04,17.44,17.83,17.38,17.8,103021728,BAC
2015-12-07,17.79,17.8,17.44,17.54,81633309,BAC
2015-12-08,17.39,17.459,17.13,17.19,84873480,BAC
2015-12-09,17.11,17.38,16.87,17.1,82418050,BAC
2015-12-10,17.15,17.41,16.96,17.2,68395011,BAC
2015-12-11,16.97,17.06,16.64,16.73,91451006,BAC
2015-12-14,16.76,16.89,16.495,16.8,121121243,BAC
2015-12-15,17.02,17.49,16.99,17.42,99737154,BAC
2015-12-16,17.65,17.78,17.23,17.75,171576652,BAC
2015-12-17,17.8,17.83,17.3,17.3,97265726,BAC
2015-12-18,17.19,17.265,16.76,16.76,136737824,BAC
2015-12-21,16.98,17.0299,16.77,16.97,65150270,BAC
2015-12-22,17.05,17.11,16.85,17.08,56173502,BAC
2015-12-23,17.16,17.34,17.095,17.34,65770672,BAC
2015-12-24,17.32,17.38,17.22,17.27,29373415,BAC
2015-12-28,17.22,17.23,16.98,17.13,41777497,BAC
2015-12-29,17.25,17.35,17.16,17.28,45670376,BAC
2015-12-30,17.2,17.24,17.04,17.05,35066378,BAC
2015-12-31,17.01,17.07,16.83,16.83,47152968,BAC
2016-01-04,16.45,16.49,16.25,16.43,114888046,BAC
2016-01-05,16.52,16.59,16.23,16.43,66669974,BAC
2016-01-06,16.19,16.29,16.02,16.08,102760810,BAC
2016-01-07,15.73,15.9,15.44,15.5,116255879,BAC
2016-01-08,15.94,15.94,15.16,15.2,124782383,BAC
2016-01-11,15.26,15.37,14.94,15.31,104611654,BAC
2016-01-12,15.54,15.58,15.06,15.31,100023530,BAC
2016-01-13,15.47,15.52,14.85,14.9,119412972,BAC
2016-01-14,15.01,15.2,14.65,14.99,125920025,BAC
2016-01-15,14.41,14.66,14.13,14.46,172296066,BAC
2016-01-19,14.69,14.79,14.01,14.24,185727446,BAC
2016-01-20,13.79,14.0,13.27,13.69,250537599,BAC
2016-01-21,13.67,13.84,13.25,13.36,188975952,BAC
2016-01-22,13.65,13.72,13.47,13.56,169999791,BAC
2016-01-25,13.54,13.55,12.94,12.96,186419100,BAC
2016-01-26,13.07,13.35,13.04,13.31,124246906,BAC
2016-01-27,13.2,13.73,13.19,13.36,124095820,BAC
2016-01-28,13.59,13.705,13.26,13.53,110996163,BAC
2016-01-29,13.66,14.15,13.59,14.14,159984093,BAC
2016-02-01,14.05,14.09,13.8,13.96,105739440,BAC
2016-02-02,13.74,13.745,13.13,13.23,147101219,BAC
2016-02-03,13.28,13.29,12.52,13.03,257664574,BAC
2016-02-04,12.89,13.59,12.885,13.25,179394377,BAC
2016-02-05,13.32,13.3898,12.89,12.95,125842819,BAC
2016-02-08,12.67,12.7,12.13,12.27,221363577,BAC
2016-02-09,11.99,12.43,11.96,12.2,247348967,BAC
2016-02-10,12.42,12.54,11.91,11.98,227529981,BAC
2016-02-11,11.46,11.55,10.99,11.16,375088650,BAC
2016-02-12,11.48,12.03,11.4,11.95,245388351,BAC
2016-02-16,12.38,12.39,12.11,12.25,194306715,BAC
2016-02-17,12.57,12.69,12.47,12.56,221859376,BAC
2016-02-18,12.71,12.74,12.1,12.24,161539428,BAC
2016-02-19,12.22,12.24,11.98,12.13,121045561,BAC
2016-02-22,12.38,12.54,12.36,12.54,88865491,BAC
2016-02-23,12.47,12.475,12.1,12.16,104498707,BAC
2016-02-24,11.96,12.15,11.65,12.13,159552845,BAC
2016-02-25,12.14,12.33,12.09,12.32,103054561,BAC
2016-02-26,12.49,12.95,12.4,12.7,160314367,BAC
2016-02-29,12.7,12.86,12.51,12.52,123661082,BAC
2016-03-01,12.64,13.21,12.62,13.19,153558249,BAC
2016-03-02,13.2,13.51,13.13,13.41,139622457,BAC
2016-03-03,13.38,13.55,13.25,13.5,105082693,BAC
2016-03-04,13.76,13.89,13.49,13.54,171410889,BAC
2016-03-07,13.45,13.62,13.37,13.53,97650344,BAC
2016-03-08,13.4,13.465,13.05,13.06,125894779,BAC
2016-03-09,13.17,13.27,13.0,13.14,92253831,BAC
2016-03-10,13.23,13.4,13.0,13.27,123532756,BAC
2016-03-11,13.44,13.84,13.37,13.79,120409540,BAC
2016-03-14,13.72,13.74,13.49,13.64,87752938,BAC
2016-03-15,13.51,13.6,13.39,13.57,80464931,BAC
2016-03-16,13.51,13.81,13.09,13.31,149645421,BAC
2016-03-17,13.22,13.475,13.05,13.4,122129018,BAC
2016-03-18,13.68,13.88,13.55,13.79,146616225,BAC
2016-03-21,13.8,14.03,13.72,13.84,104695730,BAC
2016-03-22,13.67,13.84,13.63,13.76,83252050,BAC
2016-03-23,13.77,13.83,13.6,13.62,95789696,BAC
2016-03-24,13.41,13.69,13.27,13.68,94836539,BAC
2016-03-28,13.73,13.74,13.54,13.62,54498523,BAC
2016-03-29,13.54,13.54,13.26,13.42,101606836,BAC
2016-03-30,13.49,13.66,13.46,13.48,85896962,BAC
2016-03-31,13.49,13.71,13.45,13.52,79592066,BAC
2016-04-01,13.47,13.65,13.32,13.56,73130946,BAC
2016-04-04,13.54,13.65,13.41,13.51,59709598,BAC
2016-04-05,13.3,13.34,13.16,13.19,78445851,BAC
2016-04-06,13.2,13.3,13.11,13.27,62558514,BAC
2016-04-07,13.15,13.205,12.75,12.85,105704464,BAC
2016-04-08,13.03,13.14,12.86,12.88,76548118,BAC
2016-04-11,12.92,13.09,12.88,12.97,79411476,BAC
2016-04-12,13.0,13.33,12.93,13.27,100791577,BAC
2016-04-13,13.55,13.85,13.53,13.79,138647249,BAC
2016-04-14,13.71,14.28,13.7,14.14,179383276,BAC
2016-04-15,14.27,14.29,13.95,14.0,87958734,BAC
2016-04-18,13.85,14.24,13.82,14.17,81998236,BAC
2016-04-19,14.26,14.54,14.24,14.45,107153600,BAC
2016-04-20,14.56,14.94,14.53,14.93,115628677,BAC
2016-04-21,14.98,15.135,14.75,14.9,121589015,BAC
2016-04-22,14.865,15.14,14.865,15.11,83456613,BAC
2016-04-25,15.02,15.14,14.81,14.96,70489478,BAC
2016-04-26,15.02,15.14,14.8,15.09,84812392,BAC
2016-04-27,15.02,15.3,14.98,15.02,115788999,BAC
2016-04-28,14.92,15.08,14.76,14.79,78639319,BAC
2016-04-29,14.73,14.85,14.43,14.56,122128095,BAC
2016-05-02,14.58,14.78,14.4,14.77,68882814,BAC
2016-05-03,14.51,14.51,14.15,14.36,110548960,BAC
2016-05-04,14.09,14.27,14.0,14.13,99269709,BAC
2016-05-05,14.15,14.32,14.0,14.05,73145913,BAC
2016-05-06,13.83,14.14,13.8,14.11,76595123,BAC
2016-05-09,14.08,14.19,13.91,13.99,55399577,BAC
2016-05-10,14.08,14.33,14.05,14.3,59870530,BAC
2016-05-11,14.25,14.5,14.19,14.2,68088916,BAC
2016-05-12,14.3,14.47,14.05,14.14,72567145,BAC
2016-05-13,14.15,14.37,13.87,13.88,86193936,BAC
2016-05-16,13.82,14.02,13.8,13.93,57848601,BAC
2016-05-17,13.89,14.13,13.82,14.01,76273764,BAC
2016-05-18,14.02,14.75,14.01,14.69,151871694,BAC
2016-05-19,14.595,14.865,14.43,14.53,106156946,BAC
2016-05-20,14.64,14.7,14.43,14.52,81214003,BAC
2016-05-23,14.54,14.6,14.4,14.47,66303181,BAC
2016-05-24,14.6,14.75,14.53,14.68,96183749,BAC
2016-05-25,14.83,15.15,14.83,14.92,123568712,BAC
2016-05-26,14.98,14.99,14.69,14.7,65356574,BAC
2016-05-27,14.76,14.88,14.69,14.88,62411281,BAC
2016-05-31,15.03,15.05,14.73,14.8,85635898,BAC
2016-06-01,14.6,14.9,14.45,14.86,62612116,BAC
2016-06-02,14.95,14.98,14.77,14.94,64327307,BAC
2016-06-03,14.46,14.5,14.19,14.42,148600851,BAC
2016-06-06,14.44,14.7,14.37,14.52,80949339,BAC
2016-06-07,14.54,14.6,14.34,14.35,67447137,BAC
2016-06-08,14.35,14.46,14.3,14.43,58292864,BAC
2016-06-09,14.32,14.32,14.08,14.19,74814895,BAC
2016-06-10,13.98,14.0,13.75,13.83,90725677,BAC
2016-06-13,13.64,13.9051,13.58,13.6,74851719,BAC
2016-06-14,13.56,13.7262,13.17,13.26,85377775,BAC
2016-06-15,13.38,13.66,13.28,13.34,100659070,BAC
2016-06-16,13.23,13.33,13.02,13.31,90151952,BAC
2016-06-17,13.38,13.53,13.28,13.4,89022300,BAC
2016-06-20,13.74,13.85,13.51,13.54,89873995,BAC
2016-06-21,13.615,13.65,13.445,13.62,73810799,BAC
2016-06-22,13.6,13.78,13.59,13.61,77980475,BAC
2016-06-23,13.84,14.05,13.82,14.04,82494585,BAC
2016-06-24,13.05,13.44,12.97,13.0,231499186,BAC
2016-06-27,12.77,12.77,12.05,12.18,259697521,BAC
2016-06-28,12.57,12.72,12.35,12.7,150136310,BAC
2016-06-29,13.07,13.22,12.92,13.19,118484022,BAC
2016-06-30,13.37,13.38,13.07,13.27,125773865,BAC
2016-07-01,13.19,13.27,13.02,13.1,88888071,BAC
2016-07-05,12.93,12.94,12.63,12.74,98246526,BAC
2016-07-06,12.52,12.92,12.45,12.86,94983303,BAC
2016-07-07,12.865,13.11,12.84,13.01,101100345,BAC
2016-07-08,13.28,13.32,13.11,13.17,92698914,BAC
2016-07-11,13.29,13.4,13.2,13.21,67267266,BAC
2016-07-12,13.41,13.6,13.4,13.54,89070594,BAC
2016-07-13,13.5,13.58,13.32,13.44,74595569,BAC
2016-07-14,13.73,13.78,13.64,13.65,97852124,BAC
2016-07-15,13.78,13.79,13.52,13.66,78652469,BAC
2016-07-18,13.84,14.23,13.82,14.11,187187124,BAC
2016-07-19,14.06,14.37,14.03,14.26,96940055,BAC
2016-07-20,14.35,14.43,14.26,14.4,79277868,BAC
2016-07-21,14.43,14.47,14.26,14.27,70985429,BAC
2016-07-22,14.26,14.4,14.18,14.38,46604794,BAC
2016-07-25,14.31,14.39,14.28,14.37,46420800,BAC
2016-07-26,14.32,14.55,14.31,14.53,60205579,BAC
2016-07-27,14.57,14.7,14.45,14.63,100985998,BAC
2016-07-28,14.57,14.69,14.46,14.68,72049503,BAC
2016-07-29,14.56,14.7,14.48,14.49,63276523,BAC
2016-08-01,14.52,14.6,14.26,14.33,61460852,BAC
2016-08-02,14.28,14.45,14.09,14.13,83776290,BAC
2016-08-03,14.11,14.48,14.095,14.48,65305419,BAC
2016-08-04,14.48,14.54,14.36,14.48,46176646,BAC
2016-08-05,14.75,15.06,14.75,15.05,120947818,BAC
2016-08-08,15.08,15.17,14.92,15.13,71960279,BAC
2016-08-09,15.11,15.19,15.07,15.19,49973298,BAC
2016-08-10,15.16,15.18,14.78,14.81,79080688,BAC
2016-08-11,14.83,14.97,14.745,14.88,68945407,BAC
2016-08-12,14.77,14.91,14.7,14.91,63031344,BAC
2016-08-15,14.97,15.03,14.945,15.02,48592071,BAC
2016-08-16,14.97,15.19,14.93,15.17,80307508,BAC
2016-08-17,15.16,15.24,15.08,15.15,93407349,BAC
2016-08-18,15.11,15.24,15.06,15.16,62804324,BAC
2016-08-19,15.13,15.25,15.05,15.22,59834808,BAC
2016-08-22,15.2,15.25,15.12,15.18,60877097,BAC
2016-08-23,15.26,15.41,15.26,15.35,67817912,BAC
2016-08-24,15.37,15.5,15.36,15.4,65484860,BAC
2016-08-25,15.42,15.54,15.4,15.53,67714420,BAC
2016-08-26,15.61,15.9,15.58,15.79,126886261,BAC
2016-08-29,15.81,16.01,15.775,15.84,120144925,BAC
2016-08-30,15.87,16.23,15.8,16.19,121280568,BAC
2016-08-31,16.21,16.24,15.88,16.14,127664267,BAC
2016-09-01,16.15,16.15,15.75,15.98,128812599,BAC
2016-09-02,15.94,16.06,15.82,16.0,100997299,BAC
2016-09-06,16.05,16.06,15.7,15.78,96542163,BAC
2016-09-07,15.72,15.85,15.65,15.7,63310328,BAC
2016-09-08,15.77,15.94,15.68,15.86,69292664,BAC
2016-09-09,15.91,16.15,15.74,15.74,135182534,BAC
2016-09-12,15.65,15.94,15.48,15.9,109723978,BAC
2016-09-13,15.67,15.86,15.55,15.72,89317564,BAC
2016-09-14,15.67,15.84,15.56,15.63,75528119,BAC
2016-09-15,15.64,15.745,15.58,15.67,67899709,BAC
2016-09-16,15.66,15.68,15.48,15.49,90926246,BAC
2016-09-19,15.55,15.78,15.55,15.59,66186415,BAC
2016-09-20,15.74,15.76,15.51,15.6,68210398,BAC
2016-09-21,15.71,15.83,15.39,15.65,95464559,BAC
2016-09-22,15.69,15.71,15.5,15.6,75611314,BAC
2016-09-23,15.53,15.67,15.5,15.52,51604424,BAC
2016-09-26,15.4,15.44,15.02,15.09,94972090,BAC
2016-09-27,15.01,15.34,14.81,15.29,81992627,BAC
2016-09-28,15.36,15.39,15.15,15.38,66076402,BAC
2016-09-29,15.38,15.5,15.06,15.16,78997682,BAC
2016-09-30,15.26,15.73,15.17,15.65,119428684,BAC
2016-10-03,15.59,15.73,15.5,15.63,69873051,BAC
2016-10-04,15.7,16.05,15.67,15.8,98501476,BAC
2016-10-05,15.96,16.23,15.96,16.11,86056859,BAC
2016-10-06,16.17,16.23,16.035,16.22,75886664,BAC
2016-10-07,16.19,16.25,15.98,16.13,99605412,BAC
2016-10-10,16.215,16.4,16.185,16.3,64158491,BAC
2016-10-11,16.26,16.33,16.025,16.11,77373955,BAC
2016-10-12,16.09,16.24,16.01,16.03,67165750,BAC
2016-10-13,16.09,16.09,15.6,15.83,78636990,BAC
2016-10-14,16.15,16.23,15.94,16.0,108865677,BAC
2016-10-17,16.17,16.195,15.9,16.05,101795541,BAC
2016-10-18,16.19,16.27,16.11,16.26,71433078,BAC
2016-10-19,16.3,16.53,16.28,16.47,97968987,BAC
2016-10-20,16.45,16.63,16.41,16.56,88081209,BAC
2016-10-21,16.46,16.67,16.4,16.67,77954926,BAC
2016-10-24,16.75,16.8,16.61,16.77,68244817,BAC
2016-10-25,16.71,16.82,16.68,16.72,49350278,BAC
2016-10-26,16.64,16.87,16.62,16.87,58730367,BAC
2016-10-27,16.95,17.1,16.8644,16.91,97937253,BAC
2016-10-28,16.95,16.98,16.5,16.68,115123601,BAC
2016-10-31,16.68,16.73,16.5,16.5,70387630,BAC
2016-11-01,16.56,16.75,16.33,16.61,88587059,BAC
2016-11-02,16.46,16.56,16.28,16.48,119202034,BAC
2016-11-03,16.475,16.67,16.45,16.48,69690374,BAC
2016-11-04,16.53,16.71,16.3535,16.55,82437373,BAC
2016-11-07,16.86,17.04,16.85,17.01,91581902,BAC
2016-11-08,16.82,17.105,16.71,17.0,95842770,BAC
2016-11-09,17.66,18.05,17.4,17.97,319516881,BAC
2016-11-10,18.26,18.99,18.25,18.76,304986449,BAC
2016-11-11,18.64,19.03,18.63,19.02,212952487,BAC
2016-11-14,19.41,20.2,19.4,20.08,320959885,BAC
2016-11-15,19.79,20.18,19.6,20.16,190293076,BAC
2016-11-16,19.78,19.96,19.68,19.75,126734547,BAC
2016-11-17,19.76,20.22,19.705,20.08,167979154,BAC
2016-11-18,20.06,20.14,19.87,20.0,120620238,BAC
2016-11-21,20.1,20.35,20.01,20.33,117479106,BAC
2016-11-22,20.45,20.47,20.12,20.3,104771816,BAC
2016-11-23,20.42,20.66,20.2,20.56,110963157,BAC
2016-11-25,20.62,20.875,20.5,20.86,62610385,BAC
2016-11-28,20.67,20.85,20.25,20.3,108651231,BAC
2016-11-29,20.38,20.54,20.25,20.29,114216829,BAC
2016-11-30,20.77,21.19,20.72,21.12,191699579,BAC
2016-12-01,21.42,21.94,21.34,21.5,199233944,BAC
2016-12-02,21.49,21.5,21.02,21.23,128468708,BAC
2016-12-05,21.47,21.869,21.46,21.84,130377307,BAC
2016-12-06,22.09,22.16,21.72,22.16,120789194,BAC
2016-12-07,22.19,22.57,21.95,22.57,168005152,BAC
2016-12-08,22.79,23.24,22.69,22.95,182693888,BAC
2016-12-09,22.95,23.17,22.78,23.09,130590406,BAC
2016-12-12,23.0,23.25,22.535,22.61,136869792,BAC
2016-12-13,22.8,22.88,22.29,22.61,118204085,BAC
2016-12-14,22.31,23.3,22.21,22.67,225340901,BAC
2016-12-15,22.9,23.39,22.8,23.16,162025814,BAC
2016-12-16,23.32,23.32,22.65,22.66,147497746,BAC
2016-12-19,22.6,22.72,22.33,22.48,97508910,BAC
2016-12-20,22.63,22.83,22.61,22.71,83879520,BAC
2016-12-21,22.72,22.72,22.47,22.63,61079086,BAC
2016-12-22,22.6,22.73,22.47,22.54,67123500,BAC
2016-12-23,22.51,22.65,22.43,22.6,38187752,BAC
2016-12-27,22.71,22.735,22.54,22.61,39988630,BAC
2016-12-28,22.62,22.67,22.26,22.33,52652949,BAC
2016-12-29,22.33,22.39,21.77,22.0,79188397,BAC
2016-12-30,22.02,22.26,21.95,22.1,72605892,BAC
2017-01-03,22.6,22.68,22.2,22.53,99298080,BAC
2017-01-04,22.72,22.96,22.6,22.95,76875052,BAC
2017-01-05,22.82,22.93,22.345,22.68,86826447,BAC
2017-01-06,22.78,22.85,22.56,22.68,66281476,BAC
2017-01-09,22.51,22.71,22.4,22.55,75901509,BAC
2017-01-10,22.59,23.14,22.54,22.94,100977665,BAC
2017-01-11,22.94,23.07,22.72,23.07,92385551,BAC
2017-01-12,23.01,23.12,22.61,22.92,120474191,BAC
2017-01-13,23.21,23.409,22.8,23.01,161930864,BAC
2017-01-17,22.68,22.79,22.01,22.05,152495923,BAC
2017-01-18,22.3,22.65,22.1,22.63,124366028,BAC
2017-01-19,22.73,22.81,22.41,22.53,75990836,BAC
2017-01-20,22.66,22.93,22.52,22.64,102564870,BAC
2017-01-23,22.62,22.76,22.415,22.56,61385646,BAC
2017-01-24,22.61,23.095,22.48,22.95,98508678,BAC
2017-01-25,23.32,23.42,23.1,23.37,99753317,BAC
2017-01-26,23.41,23.55,23.28,23.44,84146352,BAC
2017-01-27,23.43,23.45,23.28,23.36,54558089,BAC
2017-01-30,23.2,23.2,22.71,22.95,91561224,BAC
2017-01-31,22.77,23.025,22.5,22.64,91044261,BAC
2017-02-01,22.97,23.22,22.82,22.89,103630853,BAC
2017-02-02,22.74,22.79,22.51,22.72,88679063,BAC
2017-02-03,23.15,23.35,22.95,23.29,116035108,BAC
2017-02-06,23.15,23.38,23.07,23.12,92228389,BAC
2017-02-07,23.28,23.29,22.86,22.9,87982945,BAC
2017-02-08,22.73,22.73,22.45,22.67,102264514,BAC
2017-02-09,22.76,23.15,22.64,23.12,102634174,BAC
2017-02-10,23.19,23.24,22.96,23.08,90548254,BAC
2017-02-13,23.17,23.54,23.17,23.4,105342461,BAC
2017-02-14,23.4,24.17,23.33,24.06,139711380,BAC
2017-02-15,24.34,24.77,24.11,24.58,151233334,BAC
2017-02-16,24.54,24.62,24.3,24.58,98144469,BAC
2017-02-17,24.28,24.58,24.2,24.52,85789239,BAC
2017-02-21,24.59,24.8,24.58,24.78,78571450,BAC
2017-02-22,24.61,24.95,24.54,24.79,81531895,BAC
2017-02-23,24.79,24.89,24.51,24.58,85845982,BAC
2017-02-24,24.12,24.35,24.02,24.23,97074433,BAC
2017-02-27,24.2,24.66,24.19,24.57,69129148,BAC
2017-02-28,24.48,24.7,24.42,24.68,90241979,BAC
2017-03-01,25.37,25.61,25.22,25.5,143947510,BAC
2017-03-02,25.68,25.8,25.2,25.23,99824552,BAC
2017-03-03,25.3,25.65,25.3,25.44,92681401,BAC
2017-03-06,25.33,25.35,25.08,25.25,75660430,BAC
2017-03-07,25.22,25.36,25.1,25.21,64053694,BAC
2017-03-08,25.6,25.77,25.22,25.26,105314569,BAC
2017-03-09,25.35,25.53,25.23,25.35,78984607,BAC
2017-03-10,25.62,25.62,25.09,25.31,86998808,BAC
2017-03-13,25.3,25.41,25.13,25.3,56886181,BAC
2017-03-14,25.19,25.34,25.05,25.32,63182745,BAC
2017-03-15,25.39,25.55,24.96,25.18,114662671,BAC
2017-03-16,25.24,25.49,25.19,25.22,70306233,BAC
2017-03-17,25.22,25.27,24.83,24.86,105222387,BAC
2017-03-20,24.58,24.76,24.42,24.44,87287477,BAC
2017-03-21,24.5,24.56,22.95,23.02,259545810,BAC
2017-03-22,22.65,23.18,22.45,22.94,167984438,BAC
2017-03-23,23.04,23.49,22.91,23.07,111666799,BAC
2017-03-24,23.2,23.35,22.76,23.12,113499139,BAC
2017-03-27,22.28,23.05,22.16,23.03,119513475,BAC
2017-03-28,23.01,23.67,23.0,23.48,95761732,BAC
2017-03-29,23.51,23.65,23.31,23.35,67204492,BAC
2017-03-30,23.38,23.98,23.33,23.87,79189235,BAC
2017-03-31,23.83,23.97,23.59,23.59,77158276,BAC
2017-04-03,23.65,23.75,23.08,23.59,88076585,BAC
2017-04-04,23.2,23.51,23.2,23.44,75244440,BAC
2017-04-05,23.77,23.88,23.15,23.17,97453336,BAC
2017-04-06,23.17,23.46,22.96,23.26,82975196,BAC
2017-04-07,23.03,23.34,22.93,23.16,79497011,BAC
2017-04-10,23.13,23.28,22.91,23.02,63254657,BAC
2017-04-11,22.83,22.95,22.58,22.92,94206681,BAC
2017-04-12,22.88,22.94,22.61,22.65,76556334,BAC
2017-04-13,22.56,22.96,22.34,22.34,88061760,BAC
2017-04-17,22.36,22.83,22.26,22.81,85053244,BAC
2017-04-18,23.11,23.15,22.38,22.71,146488440,BAC
2017-04-19,22.92,23.15,22.68,22.74,101771793,BAC
2017-04-20,22.96,23.17,22.82,23.07,103802616,BAC
2017-04-21,23.03,23.08,22.59,22.71,127235359,BAC
2017-04-24,23.24,23.85,23.24,23.63,138638933,BAC
2017-04-25,23.99,24.35,23.91,23.98,131531125,BAC
2017-04-26,24.0,24.19,23.86,23.89,95172221,BAC
2017-04-27,23.9,23.925,23.46,23.65,80024211,BAC
2017-04-28,23.57,23.72,23.32,23.34,69384908,BAC
2017-05-01,23.52,23.77,23.35,23.61,72382852,BAC
2017-05-02,23.61,23.67,23.33,23.53,60262632,BAC
2017-05-03,23.37,23.78,23.34,23.77,64272813,BAC
2017-05-04,23.98,24.05,23.731,23.85,68113987,BAC
2017-05-05,23.98,23.99,23.6,23.74,56678794,BAC
2017-05-08,23.75,24.06,23.75,23.96,56016460,BAC
2017-05-09,24.03,24.31,23.87,23.98,61621953,BAC
2017-05-10,23.91,24.17,23.87,24.15,48495255,BAC
2017-05-11,24.095,24.23,23.84,24.07,68350823,BAC
2017-05-12,23.92,24.0,23.75,24.0,62589008,BAC
2017-05-15,24.06,24.14,23.98,24.06,50688798,BAC
2017-05-16,24.07,24.17,23.94,23.99,55774774,BAC
2017-05-17,23.37,23.45,22.46,22.57,190353263,BAC
2017-05-18,22.61,23.0,22.5,22.74,108444096,BAC
2017-05-19,22.91,23.3,22.87,23.05,89566747,BAC
2017-05-22,23.19,23.24,22.82,23.04,74839370,BAC
2017-05-23,23.03,23.5,22.84,23.39,79020023,BAC
2017-05-24,23.44,23.47,23.22,23.36,59213074,BAC
2017-05-25,23.41,23.58,23.22,23.25,60443474,BAC
2017-05-26,23.23,23.42,23.17,23.24,50399458,BAC
2017-05-30,23.13,23.21,22.88,22.91,61307936,BAC
2017-05-31,22.78,22.8,22.09,22.41,138636343,BAC
2017-06-01,22.48,22.64,22.3,22.63,69725134,BAC
2017-06-02,22.27,22.59,22.16,22.45,79722330,BAC
2017-06-05,22.44,22.7,22.39,22.41,51590269,BAC
2017-06-06,22.2,22.41,22.07,22.23,71735574,BAC
2017-06-07,22.3,22.62,22.265,22.6,66429729,BAC
2017-06-08,22.62,23.21,22.6,22.97,93685867,BAC
2017-06-09,23.22,23.67,23.21,23.67,108254319,BAC
2017-06-12,23.82,24.035,23.55,23.78,85829915,BAC
2017-06-13,23.95,24.11,23.664,23.77,68047282,BAC
2017-06-14,23.55,23.81,23.2,23.76,102352402,BAC
2017-06-15,23.55,23.945,23.47,23.54,69707531,BAC
2017-06-16,23.56,23.62,23.37,23.43,57745812,BAC
2017-06-19,23.61,24.0,23.6,23.91,58587827,BAC
2017-06-20,23.91,23.99,23.48,23.49,59693544,BAC
2017-06-21,23.49,23.57,23.07,23.13,72432788,BAC
2017-06-22,23.12,23.195,22.9,22.93,64763274,BAC
2017-06-23,23.11,23.11,22.74,22.82,85399612,BAC
2017-06-26,22.91,23.14,22.73,22.89,61307843,BAC
2017-06-27,23.1,23.6,23.0,23.27,88257752,BAC
2017-06-28,23.53,23.96,23.529,23.88,119049294,BAC
2017-06-29,24.58,24.67,24.035,24.32,150501245,BAC
2017-06-30,24.62,24.62,24.17,24.26,84005159,BAC
2017-07-03,24.46,24.91,24.44,24.68,58129709,BAC
2017-07-05,24.8,24.95,24.62,24.92,76172541,BAC
2017-07-06,24.9,25.11,24.69,24.71,84465444,BAC
2017-07-07,24.92,25.0,24.65,24.83,54478781,BAC
2017-07-10,24.72,24.99,24.64,24.89,54632844,BAC
2017-07-11,24.88,24.91,24.46,24.6,69410628,BAC
2017-07-12,24.42,24.6,24.3,24.35,68708652,BAC
2017-07-13,24.43,24.63,24.37,24.62,55533384,BAC
2017-07-14,24.2,24.32,23.82,24.21,92625385,BAC
2017-07-17,24.22,24.22,23.93,24.02,81521981,BAC
2017-07-18,23.91,24.06,23.61,23.9,107981434,BAC
2017-07-19,24.05,24.2,23.81,24.06,74140055,BAC
2017-07-20,24.02,24.117,23.83,23.94,62793467,BAC
2017-07-21,23.84,23.96,23.66,23.8,65922474,BAC
2017-07-24,23.74,24.03,23.725,23.91,51382722,BAC
2017-07-25,24.25,24.67,24.24,24.48,86154719,BAC
2017-07-26,24.67,24.67,24.135,24.21,65704665,BAC
2017-07-27,24.26,24.45,24.0341,24.11,62902110,BAC
2017-07-28,24.05,24.21,23.96,24.03,50143443,BAC
2017-07-31,24.12,24.3,24.09,24.12,62272016,BAC
2017-08-01,25.01,25.05,24.9,24.96,40437871,BAC
2017-08-02,24.44,24.59,24.26,24.59,55317130,BAC
2017-08-03,24.55,24.6,24.32,24.37,53210566,BAC
2017-08-04,24.68,25.08,24.65,24.97,105206610,BAC
2017-08-07,25.01,25.05,24.9,24.96,41860914,BAC
2017-08-08,24.95,25.35,24.82,24.9,73399327,BAC
2017-08-09,24.6,24.77,24.46,24.74,56910375,BAC
2017-08-10,24.58,24.58,24.09,24.12,78023731,BAC
2017-08-11,24.07,24.24,23.8,23.86,68157429,BAC
2017-08-14,24.23,24.485,24.17,24.42,54989495,BAC
2017-08-15,24.75,24.85,24.45,24.47,45143228,BAC
2017-08-16,24.54,24.62,24.08,24.19,59188933,BAC
2017-08-17,24.07,24.1665,23.62,23.64,78969326,BAC
2017-08-18,23.56,23.9,23.45,23.62,60461197,BAC
2017-08-21,23.58,23.64,23.14,23.38,70124750,BAC
2017-08-22,23.6,23.89,23.57,23.83,59228595,BAC
2017-08-23,23.61,23.97,23.59,23.76,39825518,BAC
2017-08-24,23.93,23.94,23.68,23.84,39178704,BAC
2017-08-25,23.89,24.07,23.75,23.77,43511878,BAC
2017-08-28,23.84,23.9,23.57,23.72,37155026,BAC
2017-08-29,23.22,23.7,23.12,23.58,60897162,BAC
2017-08-30,23.73,24.04,23.56,23.87,58412886,BAC
2017-08-31,24.03,24.04,23.78,23.89,62362421,BAC
2017-09-01,23.9,24.18,23.8,24.09,56233871,BAC
2017-09-05,23.83,23.83,23.23,23.31,108981485,BAC
2017-09-06,23.49,23.575,23.21,23.41,64188863,BAC
2017-09-07,23.38,23.41,22.75,22.97,103501163,BAC
2017-09-08,22.93,23.23,22.85,22.89,68365012,BAC
2017-09-11,23.22,23.41,23.08,23.36,73741048,BAC
2017-09-12,23.46,24.03,23.45,23.95,99658489,BAC
2017-09-13,23.92,24.35,23.871,24.33,86339775,BAC
2017-09-14,24.38,24.54,24.2,24.24,70050958,BAC
2017-09-15,24.21,24.41,24.15,24.38,85937551,BAC
2017-09-18,24.42,24.77,24.41,24.7,68076369,BAC
2017-09-19,24.7,24.99,24.62,24.86,56218095,BAC
2017-09-20,24.88,25.24,24.67,25.06,82289910,BAC
2017-09-21,25.05,25.28,24.92,25.16,57864005,BAC
2017-09-22,25.01,25.07,24.85,25.02,61445964,BAC
2017-09-25,24.94,25.08,24.58,24.76,62361746,BAC
2017-09-26,24.83,24.955,24.685,24.81,53012735,BAC
2017-09-27,25.31,25.64,25.18,25.41,92877389,BAC
2017-09-28,25.59,25.64,25.34,25.45,64991434,BAC
2017-09-29,25.41,25.48,25.31,25.34,66232556,BAC
2017-10-02,25.46,25.65,25.39,25.62,54001378,BAC
2017-10-03,25.75,25.93,25.62,25.86,55946918,BAC
2017-10-04,25.86,25.95,25.7,25.71,53402825,BAC
2017-10-05,25.77,26.23,25.66,26.13,62636891,BAC
2017-10-06,26.25,26.3,26.04,26.21,53900622,BAC
2017-10-09,26.26,26.27,25.76,25.85,55172516,BAC
2017-10-10,25.83,25.95,25.71,25.93,46133801,BAC
2017-10-11,25.93,25.93,25.65,25.83,51652304,BAC
2017-10-12,25.87,25.93,25.34,25.45,71770031,BAC
2017-10-13,25.38,26.0,25.12,25.83,104196860,BAC
2017-10-16,25.87,26.33,25.87,26.24,71927178,BAC
2017-10-17,26.37,26.43,26.11,26.2,48644424,BAC
2017-10-18,26.34,26.55,26.33,26.48,55382456,BAC
2017-10-19,26.2,26.59,26.15,26.58,54542694,BAC
2017-10-20,27.04,27.18,26.9,27.17,83764655,BAC
2017-10-23,27.22,27.43,27.09,27.16,69607678,BAC
2017-10-24,27.35,27.84,27.34,27.68,90346455,BAC
2017-10-25,27.89,27.92,27.34,27.635,74516438,BAC
2017-10-26,27.69,27.98,27.68,27.74,55342484,BAC
2017-10-27,27.68,27.96,27.618,27.8,58856675,BAC
2017-10-30,27.65,27.76,27.46,27.6,51357595,BAC
2017-10-31,27.64,27.72,27.34,27.39,50311194,BAC
2017-11-01,27.64,27.73,27.36,27.53,46527703,BAC
2017-11-02,27.51,27.935,27.275,27.87,59692017,BAC
2017-11-03,27.73,27.82,27.62,27.82,37816149,BAC
2017-11-06,27.74,27.8199,27.62,27.75,37261039,BAC
2017-11-07,27.74,27.77,27.02,27.18,68342144,BAC
2017-11-08,26.96,26.96,26.49,26.79,83128157,BAC
2017-11-09,26.49,26.66,26.12,26.49,95069232,BAC
2017-11-10,26.59,26.74,26.46,26.51,61105339,BAC
2017-11-13,26.26,26.48,26.14,26.4,55902185,BAC
2017-11-14,26.26,26.35,26.08,26.24,61596789,BAC
2017-11-15,25.99,26.93,25.81,26.79,98274925,BAC
2017-11-16,26.91,27.05,26.74,26.76,54565191,BAC
2017-11-17,26.51,26.73,26.4447,26.62,48420719,BAC
2017-11-20,26.74,26.84,26.54,26.74,46328828,BAC
2017-11-21,26.8,26.86,26.69,26.73,57749094,BAC
2017-11-22,26.77,26.9,26.59,26.66,38103201,BAC
2017-11-24,26.72,26.74,26.57,26.59,14273573,BAC
2017-11-27,26.52,26.92,26.51,26.59,44828641,BAC
2017-11-28,26.62,27.7,26.565,27.64,99765018,BAC
2017-11-29,28.02,28.49,27.84,28.28,119728368,BAC
2017-11-30,28.62,28.72,28.08,28.17,122131900,BAC
2017-12-01,28.25,28.51,27.5,28.1,137774781,BAC
2017-12-04,28.85,29.31,28.82,29.06,145661692,BAC
2017-12-05,29.27,29.3,28.85,28.93,91349782,BAC
2017-12-06,28.73,28.97,28.57,28.64,74593807,BAC
2017-12-07,28.45,28.97,28.37,28.78,80706146,BAC
2017-12-08,29.08,29.09,28.76,29.05,60991334,BAC
2017-12-11,29.05,29.17,28.9,28.94,54001895,BAC
2017-12-12,29.05,29.5,28.91,29.32,76017169,BAC
2017-12-13,29.31,29.44,28.83,28.84,79980564,BAC
2017-12-14,29.065,29.18,28.71,28.73,60615822,BAC
2017-12-15,28.905,29.18,28.74,29.04,129859355,BAC
2017-12-18,29.32,29.5,29.27,29.48,70548609,BAC
2017-12-19,29.625,29.64,29.37,29.45,67984139,BAC
2017-12-20,29.765,29.84,29.45,29.48,81271224,BAC
2017-12-21,29.595,29.98,29.58,29.82,72953163,BAC
2017-12-22,29.965,30.03,29.62,29.88,54202956,BAC
2017-12-26,29.74,29.94,29.58,29.78,42371183,BAC
2017-12-27,29.66,29.73,29.601,29.73,35111837,BAC
2017-12-28,29.73,29.82,29.66,29.8,37914949,BAC
2017-12-29,29.85,29.88,29.52,29.52,40672012,BAC
2018-01-02,29.75,29.9,29.61,29.9,57121603,BAC
2018-01-03,29.9,29.94,29.69,29.8,57865727,BAC
2018-01-04,29.97,30.44,29.88,30.19,76512451,BAC
2018-01-05,30.37,30.42,30.05,30.33,56445186,BAC
2018-01-08,30.23,30.27,30.05,30.12,42914839,BAC
2018-01-09,30.2,30.54,30.13,30.27,69479053,BAC
2018-01-10,30.37,30.73,30.31,30.55,63532811,BAC
2018-01-11,30.66,30.69,30.45,30.66,59318309,BAC
2018-01-12,30.88,31.2,30.77,31.19,66371596,BAC
2018-01-16,31.74,31.79,31.03,31.24,104467922,BAC
2018-01-17,31.0,31.29,30.34,31.18,124382905,BAC
2018-01-18,31.33,31.71,31.21,31.48,76463847,BAC
2018-01-19,31.58,31.74,31.46,31.72,66490985,BAC
2018-01-22,31.67,31.94,31.58,31.94,53848818,BAC
2018-01-23,31.86,32.13,31.785,31.92,56531378,BAC
2018-01-24,32.01,32.21,31.82,32.09,81585015,BAC
2018-01-25,32.24,32.25,31.93,32.09,62265824,BAC
2018-01-26,32.11,32.2,31.95,32.2,52699881,BAC
2018-01-29,32.25,32.45,32.18,32.28,59126457,BAC
2018-01-30,31.95,32.2,31.85,31.88,60555757,BAC
2018-01-31,32.05,32.29,31.95,32.0,65734118,BAC
2018-02-01,32.0,32.5,31.96,32.5,62367448,BAC
2018-02-02,32.44,32.67,31.86,31.95,96971924,BAC
2018-02-05,31.12,31.98,29.15,30.26,155908256,BAC
2018-02-06,29.41,31.29,29.3,31.2,165878399,BAC
2018-02-07,31.12,31.74,30.86,31.25,101180515,BAC
2013-02-08,20.16,20.415,20.1,20.23,11809037,CHK
2013-02-11,20.17,20.2675,19.92,20.05,7734603,CHK
2013-02-12,20.07,20.2,19.83,20.01,13505157,CHK
2013-02-13,19.97,20.58,19.92,20.57,14626705,CHK
2013-02-14,20.48,20.51,20.29,20.4,11822617,CHK
2013-02-15,20.44,20.45,19.95,20.01,10544273,CHK
2013-02-19,20.01,20.48,20.0,20.36,10666294,CHK
2013-02-20,20.4,20.65,20.02,20.24,22447681,CHK
2013-02-21,20.79,20.88,20.0,20.19,20746190,CHK
2013-02-22,20.28,20.51,19.95,20.5,11692236,CHK
2013-02-25,20.18,20.24,19.09,19.11,29265301,CHK
2013-02-26,19.15,19.77,19.09,19.75,22473296,CHK
2013-02-27,19.63,20.26,19.59,20.14,13049070,CHK
2013-02-28,20.02,20.42,20.0,20.16,9692863,CHK
2013-03-01,19.95,19.96,19.4159,19.67,13281564,CHK
2013-03-04,19.61,19.75,19.23,19.49,9423139,CHK
2013-03-05,19.61,19.72,19.41,19.5,8043341,CHK
2013-03-06,19.71,19.97,19.52,19.74,9202925,CHK
2013-03-07,19.81,20.86,19.55,20.85,18200652,CHK
2013-03-08,20.9,21.37,20.59,21.33,18669990,CHK
2013-03-11,21.2,21.69,21.011,21.46,11113023,CHK
2013-03-12,21.48,21.63,21.25,21.49,11530647,CHK
2013-03-13,21.43,21.685,21.29,21.4,7199873,CHK
2013-03-14,21.42,22.665,21.42,22.52,20105347,CHK
2013-03-15,22.47,22.97,22.16,22.46,19055096,CHK
2013-03-18,21.97,22.67,21.95,22.17,14283752,CHK
2013-03-19,21.79,21.95,20.7894,21.04,20573643,CHK
2013-03-20,20.56,21.03,20.52,20.88,16516627,CHK
2013-03-21,20.79,21.15,20.65,20.66,11133678,CHK
2013-03-22,20.82,20.9158,20.26,20.39,8897015,CHK
2013-03-25,20.54,20.8,20.24,20.35,8646458,CHK
2013-03-26,20.37,20.77,20.23,20.73,9289690,CHK
2013-03-27,20.62,20.67,20.379,20.53,7833593,CHK
2013-03-28,20.44,20.53,20.2,20.41,16496062,CHK
2013-04-01,20.4,20.644,20.26,20.35,10051460,CHK
2013-04-02,20.42,20.5,19.82,19.96,10484627,CHK
2013-04-03,19.9,19.94,19.11,19.18,12886261,CHK
2013-04-04,19.16,19.43,18.91,19.32,8601151,CHK
2013-04-05,19.12,19.88,19.03,19.75,11556202,CHK
2013-04-08,19.75,19.94,19.44,19.75,9363143,CHK
2013-04-09,19.77,20.29,19.5601,20.14,9301598,CHK
2013-04-10,20.24,20.55,20.19,20.36,7916622,CHK
2013-04-11,20.36,20.36,19.96,20.14,6344093,CHK
2013-04-12,19.97,20.07,19.58,19.68,10130536,CHK
2013-04-15,19.4,19.41,18.93,18.93,10185029,CHK
2013-04-16,19.17,19.42,18.55,19.06,9939744,CHK
2013-04-17,18.81,18.9,18.41,18.47,13120742,CHK
2013-04-18,18.51,19.13,18.21,18.96,10323656,CHK
2013-04-19,18.96,18.99,18.39,18.59,10199427,CHK
2013-04-22,18.59,18.79,18.34,18.6,7248794,CHK
2013-04-23,18.66,18.96,18.52,18.94,7591301,CHK
2013-04-24,18.98,19.34,18.97,19.29,6278260,CHK
2013-04-25,19.43,19.635,19.2,19.28,7097300,CHK
2013-04-26,19.24,19.3,18.83,19.25,6428415,CHK
2013-04-29,19.27,19.56,19.04,19.33,6251822,CHK
2013-04-30,19.36,19.54,18.99,19.54,9473736,CHK
2013-05-01,19.9,19.98,18.86,19.19,16337312,CHK
2013-05-02,19.21,19.39,18.85,19.15,9082226,CHK
2013-05-03,19.22,19.5,19.03,19.25,10984658,CHK
2013-05-06,19.23,19.53,19.13,19.44,9623853,CHK
2013-05-07,19.45,19.55,18.92,19.13,9637052,CHK
2013-05-08,19.19,19.44,19.12,19.19,9969278,CHK
2013-05-09,19.18,19.76,19.15,19.58,10794822,CHK
2013-05-10,19.53,20.25,19.29,20.15,11377117,CHK
2013-05-13,20.15,20.62,20.06,20.56,19322470,CHK
2013-05-14,20.56,20.96,20.51,20.76,10013432,CHK
2013-05-15,20.68,20.76,20.47,20.66,7316455,CHK
2013-05-16,20.24,20.33,19.78,19.89,16391231,CHK
2013-05-17,20.01,20.42,19.9,20.27,9760068,CHK
2013-05-20,20.45,21.15,20.27,20.8,14887841,CHK
2013-05-21,20.97,21.2,20.815,20.85,12464312,CHK
2013-05-22,21.3,21.63,20.95,21.1,26212053,CHK
2013-05-23,20.85,21.78,20.56,21.66,21233027,CHK
2013-05-24,21.49,21.69,21.15,21.67,10706034,CHK
2013-05-28,21.9,22.3,21.83,22.16,15653066,CHK
2013-05-29,22.02,22.86,22.02,22.58,15576457,CHK
2013-05-30,22.57,22.72,22.33,22.53,15440934,CHK
2013-05-31,22.67,22.72,21.84,21.84,23248557,CHK
2013-06-03,21.98,22.2,21.6,22.18,12169262,CHK
2013-06-04,22.16,22.28,21.5,21.72,13157087,CHK
2013-06-05,21.65,21.72,21.37,21.52,12746960,CHK
2013-06-06,21.52,21.68,21.19,21.67,12217788,CHK
2013-06-07,21.78,22.14,21.55,22.0,7418667,CHK
2013-06-10,22.08,22.13,21.7399,21.92,10177561,CHK
2013-06-11,21.64,21.64,21.29,21.3,13294660,CHK
2013-06-12,21.5,21.52,20.94,21.08,11888754,CHK
2013-06-13,21.01,21.12,20.81,21.0,18245174,CHK
2013-06-14,21.02,21.29,20.5,20.68,11105310,CHK
2013-06-17,20.89,21.18,20.89,21.04,10767395,CHK
2013-06-18,21.08,21.38,21.04,21.25,7217021,CHK
2013-06-19,21.24,21.44,20.79,20.8,8180479,CHK
2013-06-20,20.53,20.53,19.85,20.08,13308461,CHK
2013-06-21,20.23,20.32,19.8,20.22,10920211,CHK
2013-06-24,19.83,19.907,19.32,19.6,10367821,CHK
2013-06-25,19.81,19.92,19.61,19.79,7990520,CHK
2013-06-26,20.08,20.671,20.08,20.37,12956344,CHK
2013-06-27,20.46,20.9,20.46,20.58,15577125,CHK
2013-06-28,20.48,20.57,20.14,20.38,11874843,CHK
2013-07-01,20.46,20.85,20.295,20.77,7413340,CHK
2013-07-02,20.77,21.04,20.685,20.92,6545232,CHK
2013-07-03,20.9,21.17,20.84,21.01,7458028,CHK
2013-07-05,21.11,21.24,20.86,21.04,8187486,CHK
2013-07-08,21.16,21.24,20.9,20.93,6285815,CHK
2013-07-09,20.96,21.2,20.89,21.14,9081636,CHK
2013-07-10,21.15,21.7,21.15,21.4,8311649,CHK
2013-07-11,21.61,21.65,21.07,21.29,6912896,CHK
2013-07-12,21.3,21.49,21.11,21.24,4683866,CHK
2013-07-15,21.33,21.77,21.185,21.68,8811157,CHK
2013-07-16,21.57,21.91,21.57,21.75,6692641,CHK
2013-07-17,21.8,21.94,21.68,21.75,5478377,CHK
2013-07-18,21.86,22.48,21.86,22.33,8127734,CHK
2013-07-19,22.42,22.59,22.1,22.58,7705944,CHK
2013-07-22,22.55,22.57,22.21,22.4,9649499,CHK
2013-07-23,22.41,22.64,22.3,22.32,5392275,CHK
2013-07-24,22.38,22.54,22.0899,22.2,5695547,CHK
2013-07-25,22.2,22.64,22.125,22.59,7562629,CHK
2013-07-26,22.44,22.86,22.34,22.85,8422311,CHK
2013-07-29,22.73,22.83,22.61,22.75,6974305,CHK
2013-07-30,22.76,23.06,22.63,23.05,10169036,CHK
2013-07-31,23.16,23.54,23.1,23.3,15875852,CHK
2013-08-01,24.06,25.2,24.02,24.95,35156105,CHK
2013-08-02,24.86,25.3,24.75,24.95,20075118,CHK
2013-08-05,24.93,25.64,24.79,25.48,10875368,CHK
2013-08-06,25.48,25.59,24.855,25.15,10852205,CHK
2013-08-07,24.85,24.9,24.385,24.85,16730526,CHK
2013-08-08,25.02,25.19,24.652,25.01,9381899,CHK
2013-08-09,25.03,25.195,24.85,25.0,9349867,CHK
2013-08-12,24.89,25.27,24.88,25.02,6651218,CHK
2013-08-13,25.05,25.23,24.94,25.03,9071804,CHK
2013-08-14,25.0,25.09,24.8901,24.91,9648319,CHK
2013-08-15,24.69,25.08,24.53,24.99,8975525,CHK
2013-08-16,24.94,25.3,24.865,25.0,14650430,CHK
2013-08-19,25.58,25.58,24.74,24.77,9131064,CHK
2013-08-20,24.77,25.5,24.76,25.26,11138530,CHK
2013-08-21,24.65,25.5,24.65,25.25,10881176,CHK
2013-08-22,25.33,25.67,25.135,25.51,6892004,CHK
2013-08-23,25.59,26.26,25.3925,26.23,12479967,CHK
2013-08-26,26.32,26.629,26.25,26.35,10571024,CHK
2013-08-27,26.11,26.36,25.94,26.02,8381245,CHK
2013-08-28,26.02,26.46,25.96,26.34,7628947,CHK
2013-08-29,26.34,26.34,25.76,25.95,9647665,CHK
2013-08-30,25.97,26.01,25.74,25.81,6928844,CHK
2013-09-03,26.07,26.41,26.02,26.16,7290631,CHK
2013-09-04,26.09,26.1825,26.0,26.12,5968569,CHK
2013-09-05,26.18,26.24,26.02,26.17,9130184,CHK
2013-09-06,26.21,26.38,25.93,26.03,7713551,CHK
2013-09-09,26.1,26.5,26.1,26.4,9518175,CHK
2013-09-10,26.48,26.53,26.04,26.34,12616909,CHK
2013-09-11,26.4,27.29,26.37,26.89,15588178,CHK
2013-09-12,26.93,27.06,26.57,26.92,12911913,CHK
2013-09-13,26.91,27.07,26.57,26.67,9602166,CHK
2013-09-16,26.86,26.94,26.47,26.52,9664579,CHK
2013-09-17,26.61,27.27,26.58,27.16,10994710,CHK
2013-09-18,27.15,27.45,26.88,27.3,8969711,CHK
2013-09-19,27.28,27.46,26.84,26.9,7564898,CHK
2013-09-20,26.97,27.1,26.53,26.58,10225155,CHK
2013-09-23,26.52,26.64,26.3,26.38,5956353,CHK
2013-09-24,26.41,26.66,26.16,26.38,6621774,CHK
2013-09-25,26.4,26.68,26.34,26.5,7126194,CHK
2013-09-26,26.6,26.64,26.07,26.41,6550308,CHK
2013-09-27,26.23,26.405,26.07,26.21,5869941,CHK
2013-09-30,25.92,25.995,25.63,25.88,6755222,CHK
2013-10-01,25.83,26.58,25.83,26.24,5417168,CHK
2013-10-02,26.13,26.32,25.83,26.17,6053160,CHK
2013-10-03,26.09,26.27,25.86,26.18,5751882,CHK
2013-10-04,26.26,26.67,26.07,26.5,4236683,CHK
2013-10-07,26.16,26.57,26.11,26.27,5653453,CHK
2013-10-08,26.3,26.53,26.03,26.05,8981749,CHK
2013-10-09,25.93,26.245,25.65,25.99,10101051,CHK
2013-10-10,26.25,26.5,26.15,26.41,6413775,CHK
2013-10-11,26.13,26.7289,25.99,26.47,6828940,CHK
2013-10-14,26.25,26.565,26.15,26.45,5113442,CHK
2013-10-15,26.43,27.05,26.29,26.5,8584504,CHK
2013-10-16,26.76,27.61,26.68,27.53,12607337,CHK
2013-10-17,27.43,27.78,27.2536,27.63,9063947,CHK
2013-10-18,28.51,28.61,28.045,28.25,25341912,CHK
2013-10-21,28.3,28.71,27.94,28.05,8884063,CHK
2013-10-22,27.93,28.3,27.73,28.19,10858571,CHK
2013-10-23,28.01,28.04,27.21,27.29,10859527,CHK
2013-10-24,27.65,28.68,27.32,28.37,12541630,CHK
2013-10-25,28.4,28.69,28.15,28.47,8243707,CHK
2013-10-28,28.26,28.47,28.105,28.16,7123666,CHK
2013-10-29,28.25,28.5,28.2,28.32,6020759,CHK
2013-10-30,28.36,28.65,27.77,28.15,7829402,CHK
2013-10-31,28.19,28.27,27.67,27.96,6328015,CHK
2013-11-01,27.9,28.1,27.55,28.0,6761733,CHK
2013-11-04,28.0,29.06,27.95,28.84,11897168,CHK
2013-11-05,28.76,28.83,28.13,28.14,9548329,CHK
2013-11-06,28.5,28.55,26.05,26.23,30953174,CHK
2013-11-07,26.27,26.38,25.19,25.4,19682078,CHK
2013-11-08,25.49,26.075,25.49,25.71,10319533,CHK
2013-11-11,25.76,25.81,25.52,25.69,8572415,CHK
2013-11-12,25.76,25.87,25.44,25.55,8187726,CHK
2013-11-13,25.46,25.93,25.35,25.92,11979175,CHK
2013-11-14,25.92,26.14,25.7,25.95,7860719,CHK
2013-11-15,26.07,26.18,25.695,25.88,7492999,CHK
2013-11-18,25.94,26.02,25.31,25.42,9250405,CHK
2013-11-19,25.38,25.53,25.06,25.3,12390113,CHK
2013-11-20,25.5,25.85,25.46,25.55,7659767,CHK
2013-11-21,25.7,26.55,25.68,26.33,9787421,CHK
2013-11-22,26.32,26.61,25.91,26.3,6600175,CHK
2013-11-25,26.33,26.45,25.78,26.27,7007008,CHK
2013-11-26,26.18,26.48,26.05,26.31,4886306,CHK
2013-11-27,26.2,26.76,26.02,26.65,13446297,CHK
2013-11-29,26.63,27.02,26.37,26.87,4862121,CHK
2013-12-02,26.99,27.22,26.68,26.78,10244236,CHK
2013-12-03,26.63,27.06,26.48,27.01,7670422,CHK
2013-12-04,27.0,27.26,26.92,27.1,7835261,CHK
2013-12-05,27.07,27.17,26.87,27.05,9053607,CHK
2013-12-06,27.23,27.34,26.29,26.48,10424391,CHK
2013-12-09,26.54,26.6,26.27,26.38,7544130,CHK
2013-12-10,26.41,27.1,26.41,26.81,7833219,CHK
2013-12-11,26.81,26.85,26.35,26.44,6410647,CHK
2013-12-12,26.52,26.87,26.485,26.73,5480447,CHK
2013-12-13,26.65,27.05,26.46,27.0,5612600,CHK
2013-12-16,27.01,27.19,26.6799,26.77,6316678,CHK
2013-12-17,26.75,27.005,26.29,26.36,10607209,CHK
2013-12-18,26.66,26.73,26.22,26.64,11162897,CHK
2013-12-19,26.57,27.32,26.55,27.21,9256545,CHK
2013-12-20,27.29,27.39,27.08,27.11,8468020,CHK
2013-12-23,27.28,27.7,27.25,27.43,6025688,CHK
2013-12-24,27.34,27.69,27.225,27.61,2025729,CHK
2013-12-26,27.58,27.72,27.2,27.72,5960237,CHK
2013-12-27,27.71,27.73,27.41,27.49,3888080,CHK
2013-12-30,27.55,27.82,27.01,27.05,6551641,CHK
2013-12-31,27.08,27.26,26.8,27.14,6110635,CHK
2014-01-02,27.07,27.22,26.45,26.62,7040026,CHK
2014-01-03,26.65,26.72,26.12,26.42,7871684,CHK
2014-01-06,26.51,26.53,25.97,26.2,7812851,CHK
2014-01-07,25.92,26.535,25.86,26.31,8935397,CHK
2014-01-08,26.19,26.19,25.62,25.85,9907627,CHK
2014-01-09,25.9,26.13,25.46,25.61,9880470,CHK
2014-01-10,25.65,25.78,25.41,25.71,5692172,CHK
2014-01-13,25.61,25.97,25.04,25.15,12743112,CHK
2014-01-14,25.28,25.7,25.26,25.63,6989012,CHK
2014-01-15,25.68,25.79,25.37,25.46,9484374,CHK
2014-01-16,25.54,26.05,25.54,25.94,8606301,CHK
2014-01-17,25.94,25.99,25.41,25.45,8229900,CHK
2014-01-21,25.9,26.49,25.85,26.45,9579752,CHK
2014-01-22,26.84,27.22,26.81,27.13,9095966,CHK
2014-01-23,27.11,27.3,26.7,26.9,10134011,CHK
2014-01-24,26.65,27.04,26.379,26.88,10397182,CHK
2014-01-27,26.84,26.84,25.75,26.01,9863640,CHK
2014-01-28,26.15,26.85,26.11,26.76,6895510,CHK
2014-01-29,26.62,27.545,26.35,27.17,11422991,CHK
2014-01-30,27.18,27.38,26.88,26.98,6121526,CHK
2014-01-31,26.8,27.31,26.54,26.91,7829573,CHK
2014-02-03,26.85,27.0,25.83,25.99,10180938,CHK
2014-02-04,26.36,27.09,26.33,26.54,13458255,CHK
2014-02-05,26.65,26.68,25.84,26.21,10755853,CHK
2014-02-06,25.58,25.58,24.05,24.41,36134779,CHK
2014-02-07,24.39,24.59,23.92,24.59,15600060,CHK
2014-02-10,24.51,25.07,24.07,24.68,17017201,CHK
2014-02-11,24.72,25.18,24.65,24.82,9382176,CHK
2014-02-12,24.94,25.1,24.68,24.75,7465714,CHK
2014-02-13,24.65,25.11,24.47,24.95,8514958,CHK
2014-02-14,25.02,25.32,24.87,25.14,7373085,CHK
2014-02-18,25.28,26.0425,25.18,25.83,14197904,CHK
2014-02-19,25.85,26.69,25.8,26.4,12530063,CHK
2014-02-20,26.37,26.78,26.3,26.65,7626383,CHK
2014-02-21,26.75,26.93,26.475,26.57,6752282,CHK
2014-02-24,26.78,27.46,26.78,27.29,11677845,CHK
2014-02-25,27.2,27.24,26.72,26.94,10360679,CHK
2014-02-26,26.1,26.1,24.75,25.61,27763668,CHK
2014-02-27,25.58,25.99,25.365,25.9,9888801,CHK
2014-02-28,25.84,26.285,25.76,25.91,11320804,CHK
2014-03-03,25.71,26.23,25.51,25.6,10144402,CHK
2014-03-04,25.83,25.85,25.36,25.67,9628785,CHK
2014-03-05,25.72,25.88,25.38,25.5,11571545,CHK
2014-03-06,25.49,25.63,25.33,25.52,6955773,CHK
2014-03-07,25.65,25.88,25.52,25.85,6003575,CHK
2014-03-10,25.8,25.83,25.52,25.63,7081704,CHK
2014-03-11,25.68,25.73,25.14,25.26,6901271,CHK
2014-03-12,25.08,25.25,24.91,25.14,6065554,CHK
2014-03-13,25.11,25.46,24.96,25.21,15356773,CHK
2014-03-14,25.15,25.31,24.95,25.03,6303693,CHK
2014-03-17,25.26,25.45,24.62,24.69,10224958,CHK
2014-03-18,24.74,24.995,24.635,24.95,5996873,CHK
2014-03-19,25.01,25.08,24.6,24.67,5236778,CHK
2014-03-20,24.55,24.71,24.24,24.69,7461962,CHK
2014-03-21,24.83,25.0,24.59,24.67,7601038,CHK
2014-03-24,24.74,25.08,24.64,24.71,8483863,CHK
2014-03-25,24.87,25.26,24.815,25.23,8470290,CHK
2014-03-26,25.29,25.45,24.81,24.82,7616607,CHK
2014-03-27,24.85,25.84,24.8,25.81,13606299,CHK
2014-03-28,25.91,25.98,25.45,25.67,6610125,CHK
2014-03-31,25.72,25.72,25.13,25.62,7066353,CHK
2014-04-01,25.71,26.16,25.66,26.13,7180843,CHK
2014-04-02,26.15,26.75,26.09,26.45,8370500,CHK
2014-04-03,26.42,26.96,26.42,26.62,9765026,CHK
2014-04-04,26.72,26.95,26.32,26.59,8200779,CHK
2014-04-07,26.57,26.57,25.76,25.97,9541899,CHK
2014-04-08,26.01,26.355,25.97,26.13,8274712,CHK
2014-04-09,26.14,26.38,25.93,26.37,8967035,CHK
2014-04-10,26.24,26.839,25.95,26.45,10416626,CHK
2014-04-11,26.29,26.43,26.05,26.16,7285893,CHK
2014-04-14,26.37,26.89,26.24,26.72,8004142,CHK
2014-04-15,26.64,27.31,26.59,27.17,9372508,CHK
2014-04-16,27.35,27.5,27.1,27.49,6671613,CHK
2014-04-17,27.5,28.37,27.34,28.17,9680027,CHK
2014-04-21,28.05,28.585,28.03,28.52,7308787,CHK
2014-04-22,28.5,28.72,28.1,28.46,6202197,CHK
2014-04-23,28.46,29.25,28.38,29.02,9635508,CHK
2014-04-24,29.1,29.48,28.88,29.22,10237384,CHK
2014-04-25,29.14,29.2,28.71,28.8,5371662,CHK
2014-04-28,29.03,29.04,28.405,28.76,7939286,CHK
2014-04-29,28.94,29.43,28.9,29.08,5393206,CHK
2014-04-30,28.93,28.96,28.57,28.75,6225460,CHK
2014-05-01,28.81,28.98,28.39,28.42,5735351,CHK
2014-05-02,28.42,28.72,28.13,28.28,9395823,CHK
2014-05-05,28.06,28.44,28.05,28.31,6914095,CHK
2014-05-06,28.36,28.67,28.24,28.35,11311615,CHK
2014-05-07,29.5,29.84,28.1,29.61,18256645,CHK
2014-05-08,29.46,29.9,29.05,29.14,11774763,CHK
2014-05-09,29.07,29.86,29.01,29.81,10136956,CHK
2014-05-12,29.88,30.36,29.73,30.33,11741026,CHK
2014-05-13,30.34,30.48,29.93,30.04,7584796,CHK
2014-05-14,30.12,30.12,29.16,29.23,12099641,CHK
2014-05-15,29.22,29.25,28.22,28.99,11866346,CHK
2014-05-16,28.35,28.37,27.3,27.64,20533369,CHK
2014-05-19,27.96,28.08,27.55,27.96,9773431,CHK
2014-05-20,28.0,28.63,27.92,28.02,9038544,CHK
2014-05-21,28.1901,28.4,28.1,28.17,7088917,CHK
2014-05-22,28.18,28.3,27.88,27.95,8743259,CHK
2014-05-23,28.0,28.09,27.61,27.68,8589010,CHK
2014-05-27,27.79,28.35,27.7,28.32,9396405,CHK
2014-05-28,28.35,28.47,28.06,28.41,8707964,CHK
2014-05-29,28.38,28.9,28.17,28.89,8779458,CHK
2014-05-30,28.7,28.84,28.33,28.72,7043647,CHK
2014-06-02,28.76,29.41,28.66,29.31,8911527,CHK
2014-06-03,29.34,29.48,29.17,29.25,6963932,CHK
2014-06-04,29.23,29.44,29.02,29.29,5893921,CHK
2014-06-05,29.33,29.91,29.05,29.87,12664329,CHK
2014-06-06,29.9,29.91,29.615,29.72,4684178,CHK
2014-06-09,29.99,30.0,29.53,29.58,5818643,CHK
2014-06-10,29.49,29.58,29.2,29.22,6209198,CHK
2014-06-11,29.18,30.12,29.15,30.03,8122262,CHK
2014-06-12,30.11,30.8,30.06,30.49,10503499,CHK
2014-06-13,30.55,30.57,30.16,30.47,5360914,CHK
2014-06-16,30.59,30.66,30.39,30.45,6914678,CHK
2014-06-17,30.37,30.6,30.26,30.55,5029338,CHK
2014-06-18,30.53,30.76,30.35,30.7,5596842,CHK
2014-06-19,30.67,30.84,30.47,30.72,6026213,CHK
2014-06-20,30.83,31.21,30.69,30.89,10568675,CHK
2014-06-23,30.9,31.43,30.77,31.3,8186210,CHK
2014-06-24,31.29,31.49,30.22,30.27,10726134,CHK
2014-06-25,30.46,31.03,30.42,31.02,8205739,CHK
2014-06-26,31.05,31.06,30.45,30.52,7249149,CHK
2014-06-27,30.32,30.5799,30.2,30.4,10839291,CHK
2014-06-30,30.43,31.1,30.37,29.39,8132836,CHK
2014-07-01,29.7,29.92,28.93,29.24,9808771,CHK
2014-07-02,29.31,29.44,29.05,29.25,6665120,CHK
2014-07-03,29.28,29.53,29.11,29.5,3204281,CHK
2014-07-07,29.36,29.4,27.96,28.14,12494212,CHK
2014-07-08,28.02,28.65,27.61,28.61,11763084,CHK
2014-07-09,28.57,29.33,28.53,29.31,8702555,CHK
2014-07-10,29.08,29.245,28.7,29.02,7078745,CHK
2014-07-11,28.99,29.09,28.14,28.18,7521750,CHK
2014-07-14,28.26,28.57,28.19,28.26,6440560,CHK
2014-07-15,28.19,28.36,27.22,27.46,8135234,CHK
2014-07-16,27.68,27.96,27.54,27.84,5578150,CHK
2014-07-17,27.69,27.965,26.78,26.82,8663153,CHK
2014-07-18,26.96,27.18,26.84,27.0,5938998,CHK
2014-07-21,26.99,26.99,26.5401,26.76,6349019,CHK
2014-07-22,26.72,27.0,26.61,26.85,7459285,CHK
2014-07-23,26.94,27.1,26.6349,27.08,6341113,CHK
2014-07-24,27.09,27.58,26.87,27.3,8843717,CHK
2014-07-25,27.15,27.27,26.89,27.01,6967094,CHK
2014-07-28,27.06,27.24,26.7,26.84,8105869,CHK
2014-07-29,26.57,27.27,26.35,27.06,10541392,CHK
2014-07-30,26.96,27.18,26.74,27.01,9507934,CHK
2014-07-31,26.86,26.91,26.37,26.37,8820961,CHK
2014-08-01,26.35,26.42,25.9,26.07,6492844,CHK
2014-08-04,26.19,26.895,25.96,26.83,9431255,CHK
2014-08-05,26.59,26.68,25.83,26.06,12333212,CHK
2014-08-06,25.54,26.41,25.49,26.19,13289400,CHK
2014-08-07,26.53,26.66,25.75,25.93,8447121,CHK
2014-08-08,26.02,26.67,25.75,26.59,6623995,CHK
2014-08-11,26.82,26.82,26.37,26.41,5122762,CHK
2014-08-12,26.4,26.4,25.67,25.86,6588477,CHK
2014-08-13,25.86,26.09,25.67,25.75,5989395,CHK
2014-08-14,25.87,25.98,25.41,25.65,6054654,CHK
2014-08-15,25.64,25.84,25.49,25.55,8566271,CHK
2014-08-18,25.72,25.74,25.38,25.46,5812329,CHK
2014-08-19,25.6,26.16,25.58,26.15,9090409,CHK
2014-08-20,25.9,26.37,25.8,26.33,5907113,CHK
2014-08-21,26.28,26.51,25.92,26.46,5245928,CHK
2014-08-22,26.31,26.45,26.0,26.02,4858961,CHK
2014-08-25,26.25,26.8,26.16,26.74,4901371,CHK
2014-08-26,26.76,26.91,26.41,26.46,5424853,CHK
2014-08-27,26.41,26.7225,26.36,26.43,4796646,CHK
2014-08-28,26.43,27.14,26.288,26.98,7550133,CHK
2014-08-29,27.02,27.24,26.71,27.2,5180312,CHK
2014-09-02,27.1,27.15,26.71,26.8,6701450,CHK
2014-09-03,26.91,27.08,26.44,26.49,5757591,CHK
2014-09-04,26.58,26.81,25.94,26.03,6389630,CHK
2014-09-05,26.0,26.18,25.86,26.17,5120304,CHK
2014-09-08,26.07,26.07,25.32,25.58,6978176,CHK
2014-09-09,25.73,26.165,25.3801,25.59,8100599,CHK
2014-09-10,25.52,25.59,24.92,25.53,9022449,CHK
2014-09-11,25.25,25.37,24.7844,25.35,7490318,CHK
2014-09-12,25.28,25.3,24.82,24.91,6495956,CHK
2014-09-15,24.91,25.22,24.71,25.05,5331878,CHK
2014-09-16,25.02,25.46,24.94,25.36,5406724,CHK
2014-09-17,25.31,25.64,25.27,25.35,5304202,CHK
2014-09-18,25.39,25.42,24.62,24.77,5588620,CHK
2014-09-19,24.84,25.0,24.62,24.67,6101762,CHK
2014-09-22,24.67,24.7,24.21,24.31,5959288,CHK
2014-09-23,24.26,24.52,24.19,24.26,5708601,CHK
2014-09-24,24.23,24.25,23.64,23.93,9998947,CHK
2014-09-25,23.93,24.0,23.21,23.34,9525547,CHK
2014-09-26,23.27,23.65,23.06,23.5,5562505,CHK
2014-09-29,23.16,23.73,22.96,23.64,10228315,CHK
2014-09-30,23.6,23.65,22.77,22.99,8149560,CHK
2014-10-01,23.02,23.205,22.3,22.43,7161849,CHK
2014-10-02,22.27,22.36,21.43,22.23,13222766,CHK
2014-10-03,22.29,22.3,21.48,21.75,14443335,CHK
2014-10-06,21.69,21.8799,21.27,21.33,13937710,CHK
2014-10-07,21.21,21.42,20.88,20.93,10313816,CHK
2014-10-08,20.82,20.8863,20.12,20.63,21215585,CHK
2014-10-09,20.42,20.485,19.13,19.18,23463977,CHK
2014-10-10,19.03,19.615,18.42,18.97,23196785,CHK
2014-10-13,18.9,19.22,17.8,17.83,18289765,CHK
2014-10-14,18.03,18.32,17.39,17.49,17327764,CHK
2014-10-15,16.96,17.9,16.69,17.77,23732055,CHK
2014-10-16,19.55,21.0,19.19,20.79,38748897,CHK
2014-10-17,20.99,21.21,19.99,20.16,20883980,CHK
2014-10-20,20.16,20.75,20.05,20.64,10405035,CHK
2014-10-21,20.78,21.73,20.73,21.66,16580318,CHK
2014-10-22,22.08,22.58,21.55,21.57,25914223,CHK
2014-10-23,21.88,22.275,21.74,21.79,13924848,CHK
2014-10-24,21.63,21.74,21.26,21.6,10028769,CHK
2014-10-27,21.02,21.09,20.3549,20.79,11017194,CHK
2014-10-28,20.94,21.65,20.75,21.6,7330759,CHK
2014-10-29,21.8,22.19,21.32,21.59,7609159,CHK
2014-10-30,23.14,23.59,22.96,23.41,11261625,CHK
2014-10-31,21.57,22.22,21.22,22.18,9481353,CHK
2014-11-03,22.44,22.84,21.75,21.79,14202921,CHK
2014-11-04,21.46,21.62,20.95,21.29,10429937,CHK
2014-11-05,22.42,23.15,22.05,22.76,15950574,CHK
2014-11-06,22.41,22.86,21.705,22.76,13362685,CHK
2014-11-07,22.73,24.105,22.73,23.41,17391496,CHK
2014-11-10,23.81,24.22,22.62,22.9,10941013,CHK
2014-11-11,22.9,23.72,22.77,23.43,11120552,CHK
2014-11-12,23.14,23.59,22.96,23.41,11261625,CHK
2014-11-13,23.17,23.17,22.39,22.71,14330550,CHK
2014-11-14,22.83,23.3,22.45,23.21,11699040,CHK
2014-11-17,23.46,23.72,22.81,23.38,13842889,CHK
2014-11-18,23.43,23.48,22.7307,23.06,9034337,CHK
2014-11-19,23.34,23.43,22.86,23.05,11028577,CHK
2014-11-20,23.02,24.13,23.02,23.95,9864674,CHK
2014-11-21,24.4,24.43,23.82,24.16,13412011,CHK
2014-11-24,23.92,24.22,23.73,24.06,8262599,CHK
2014-11-25,24.1,24.3,23.4,23.7,9998477,CHK
2014-11-26,23.52,23.55,22.895,23.04,10399280,CHK
2014-11-28,21.76,21.78,20.24,20.26,14288323,CHK
2014-12-01,19.99,20.3,19.49,20.07,20059229,CHK
2014-12-02,19.8,20.2878,19.49,19.85,11521039,CHK
2014-12-03,19.96,20.28,19.67,19.9,14483103,CHK
2014-12-04,19.63,19.88,19.28,19.5,8941790,CHK
2014-12-05,19.34,19.665,19.135,19.29,10935892,CHK
2014-12-08,18.98,18.98,18.0,18.02,18139015,CHK
2014-12-09,18.02,18.515,17.89,18.35,11350327,CHK
2014-12-10,17.96,17.97,16.9,17.14,19994949,CHK
2014-12-11,17.26,17.62,16.63,16.71,13263943,CHK
2014-12-12,16.54,17.68,16.41,17.24,22560331,CHK
2014-12-15,17.45,17.82,17.1,17.22,22699558,CHK
2014-12-16,17.01,18.31,16.9,17.45,15311995,CHK
2014-12-17,17.61,19.08,17.49,18.68,24269446,CHK
2014-12-18,19.81,19.92,18.48,19.14,17944005,CHK
2014-12-19,19.28,19.89,18.645,19.86,23481131,CHK
2014-12-22,19.0,19.2,18.3,18.42,20323722,CHK
2014-12-23,19.43,20.35,19.2,20.29,21976485,CHK
2014-12-24,20.19,20.29,19.6,19.84,7504364,CHK
2014-12-26,20.0,20.18,19.5,19.71,7752323,CHK
2014-12-29,20.0,20.16,19.8,20.01,9109867,CHK
2014-12-30,19.8,20.08,19.51,19.64,9890587,CHK
2014-12-31,19.46,19.99,19.23,19.57,10680488,CHK
2015-01-02,19.42,19.895,19.04,19.76,13561169,CHK
2015-01-05,19.33,19.34,18.42,18.49,13404721,CHK
2015-01-06,18.0,18.73,17.77,17.99,15602159,CHK
2015-01-07,18.19,18.3,17.77,17.93,9675318,CHK
2015-01-08,17.96,18.7,17.56,18.41,15190915,CHK
2015-01-09,18.58,18.694,18.02,18.37,7982805,CHK
2015-01-12,18.23,18.29,17.63,17.69,14880055,CHK
2015-01-13,17.71,18.03,17.53,17.85,15322647,CHK
2015-01-14,17.48,18.84,17.42,18.76,24634039,CHK
2015-01-15,18.85,19.05,18.07,18.33,17393859,CHK
2015-01-16,18.51,19.14,18.4,19.03,14035477,CHK
2015-01-20,18.44,19.45,18.14,19.08,21904126,CHK
2015-01-21,19.27,19.91,19.18,19.87,11800492,CHK
2015-01-22,19.95,20.05,18.9,19.62,13635396,CHK
2015-01-23,19.71,20.16,19.52,19.66,10778136,CHK
2015-01-26,19.62,20.26,19.56,20.14,9409782,CHK
2015-01-27,20.01,20.375,19.89,20.25,9854673,CHK
2015-01-28,20.05,20.07,19.11,19.13,12798787,CHK
2015-01-29,19.38,19.49,18.63,19.21,10816098,CHK
2015-01-30,19.0,19.48,18.755,19.18,15389895,CHK
2015-02-02,19.56,20.6,19.455,20.52,16254009,CHK
2015-02-03,20.78,21.49,20.63,21.01,16716096,CHK
2015-02-04,20.59,20.8945,20.2,20.52,18481819,CHK
2015-02-05,20.81,21.12,20.55,20.85,9484464,CHK
2015-02-06,21.08,21.22,20.73,20.79,14353173,CHK
2015-02-09,20.96,21.24,20.43,20.49,9488365,CHK
2015-02-10,20.54,20.545,19.88,20.23,13097806,CHK
2015-02-11,20.04,20.1,19.61,20.06,11543459,CHK
2015-02-12,20.44,20.7,20.38,20.5,7554363,CHK
2015-02-13,20.86,21.24,20.73,21.08,8157485,CHK
2015-02-17,20.93,21.29,20.765,21.26,10238008,CHK
2015-02-18,20.94,21.17,20.74,20.75,13217642,CHK
2015-02-19,20.16,20.58,20.07,20.4,13516272,CHK
2015-02-20,20.41,20.65,20.13,20.3,12580256,CHK
2015-02-23,19.95,20.04,19.59,19.71,13512614,CHK
2015-02-24,19.96,20.05,19.63,19.88,13101473,CHK
2015-02-25,18.47,18.55,17.54,17.98,55061037,CHK
2015-02-26,17.72,17.98,17.11,17.2,38380233,CHK
2015-02-27,17.29,17.3,16.63,16.68,31112498,CHK
2015-03-02,16.71,16.71,16.23,16.6,27736089,CHK
2015-03-03,16.6,16.739,16.18,16.2,25203988,CHK
2015-03-04,16.26,16.34,15.32,15.49,38182019,CHK
2015-03-05,15.395,15.98,15.07,15.92,27400999,CHK
2015-03-06,15.81,16.17,15.07,15.17,40038671,CHK
2015-03-09,15.07,15.12,14.22,14.24,32218906,CHK
2015-03-10,14.26,14.32,13.68,13.84,29754478,CHK
2015-03-11,14.02,14.43,13.94,14.29,31401470,CHK
2015-03-12,14.29,14.36,13.9,13.92,20944565,CHK
2015-03-13,13.78,13.91,13.475,13.8,21039539,CHK
2015-03-16,13.6,13.99,13.47,13.96,17314788,CHK
2015-03-17,13.73,13.935,13.67,13.81,14446284,CHK
2015-03-18,13.66,14.24,13.55,14.13,27449180,CHK
2015-03-19,13.56,13.8,13.38,13.5,31063927,CHK
2015-03-20,13.68,13.77,13.6,13.61,27555585,CHK
2015-03-23,13.65,14.16,13.63,14.11,27331639,CHK
2015-03-24,14.75,14.88,14.155,14.26,43433928,CHK
2015-03-25,14.3,14.43,14.15,14.34,20375764,CHK
2015-03-26,14.64,14.71,14.13,14.22,24486358,CHK
2015-03-27,14.14,14.19,13.81,14.03,21465879,CHK
2015-03-30,14.18,14.22,13.71,13.97,17454633,CHK
2015-03-31,13.88,14.27,13.81,14.16,15440168,CHK
2015-04-01,14.45,14.57,14.27,14.35,21191748,CHK
2015-04-02,14.22,14.689,14.2,14.59,32121976,CHK
2015-04-06,14.77,15.25,14.7,15.15,20884499,CHK
2015-04-07,15.22,15.49,15.02,15.35,17773242,CHK
2015-04-08,15.5,15.54,15.06,15.1,17931546,CHK
2015-04-09,15.16,15.26,14.939,15.23,19092350,CHK
2015-04-10,15.26,15.31,14.9,14.93,13760393,CHK
2015-04-13,15.01,15.016,14.56,14.77,14108663,CHK
2015-04-14,14.92,15.34,14.92,15.25,15595937,CHK
2015-04-15,15.38,16.16,15.16,16.02,29538959,CHK
2015-04-16,16.04,16.04,15.42,15.87,24023683,CHK
2015-04-17,15.65,15.69,15.36,15.45,17486205,CHK
2015-04-20,15.47,15.65,15.29,15.3,16506951,CHK
2015-04-21,15.32,15.39,14.53,14.57,26231888,CHK
2015-04-22,14.67,14.71,14.29,14.41,24287354,CHK
2015-04-23,14.47,14.68,14.44,14.54,15650566,CHK
2015-04-24,14.48,14.7,14.43,14.54,14903265,CHK
2015-04-27,14.58,14.69,14.34,14.39,14078925,CHK
2015-04-28,14.43,14.65,14.38,14.55,16752816,CHK
2015-04-29,14.54,15.11,14.45,15.1,22722197,CHK
2015-04-30,15.17,15.84,14.75,15.77,35049931,CHK
2015-05-01,15.79,16.755,15.53,16.54,38309583,CHK
2015-05-04,16.58,16.98,16.13,16.39,26189628,CHK
2015-05-05,16.68,16.7,15.82,15.86,26524871,CHK
2015-05-06,16.38,16.54,14.58,14.72,48498937,CHK
2015-05-07,14.6,14.61,14.16,14.5,29892897,CHK
2015-05-08,14.72,15.29,14.36,15.28,28358783,CHK
2015-05-11,15.29,15.4,15.0,15.18,18424236,CHK
2015-05-12,15.3,15.755,15.2,15.45,19999427,CHK
2015-05-13,15.61,15.66,15.11,15.23,19258066,CHK
2015-05-14,15.28,15.57,15.03,15.09,20685433,CHK
2015-05-15,15.0,15.041,14.5877,15.0,21667488,CHK
2015-05-18,14.85,14.92,14.55,14.89,15669142,CHK
2015-05-19,14.8,14.93,14.42,14.57,16912948,CHK
2015-05-20,14.64,14.91,14.425,14.75,15748349,CHK
2015-05-21,14.85,15.33,14.8199,15.31,14987242,CHK
2015-05-22,15.13,15.365,15.03,15.06,10244433,CHK
2015-05-26,14.91,14.96,14.72,14.92,14320118,CHK
2015-05-27,14.87,15.039,14.68,14.76,14438739,CHK
2015-05-28,14.72,14.74,14.0,14.05,24884077,CHK
2015-05-29,14.09,14.27,13.92,14.11,24784000,CHK
2015-06-01,14.11,14.14,13.86,13.86,17904418,CHK
2015-06-02,13.91,14.1,13.85,14.05,20554359,CHK
2015-06-03,13.93,13.98,13.44,13.56,34225932,CHK
2015-06-04,13.42,13.47,12.98,13.04,33066393,CHK
2015-06-05,13.01,13.26,12.89,13.15,26258921,CHK
2015-06-08,13.15,13.26,12.92,13.16,21610952,CHK
2015-06-09,13.32,13.43,13.19,13.22,15609054,CHK
2015-06-10,13.35,13.45,13.0,13.06,24468656,CHK
2015-06-11,12.9,12.95,12.45,12.5,40325434,CHK
2015-06-12,12.44,12.48,12.1,12.25,20365540,CHK
2015-06-15,12.16,12.53,12.12,12.21,21215714,CHK
2015-06-16,12.19,12.55,12.11,12.53,18377115,CHK
2015-06-17,12.61,12.68,12.01,12.09,22290242,CHK
2015-06-18,12.15,12.23,11.86,11.88,23783637,CHK
2015-06-19,11.86,11.95,11.55,11.79,32844910,CHK
2015-06-22,11.77,11.99,11.57,11.89,11966859,CHK
2015-06-23,11.87,12.06,11.78,11.78,16762006,CHK
2015-06-24,11.74,11.925,11.55,11.55,15346760,CHK
2015-06-25,11.38,11.49,11.0,11.11,28001004,CHK
2015-06-26,11.06,11.17,11.0,11.16,21700106,CHK
2015-06-29,11.29,11.42,10.9375,11.03,24389870,CHK
2015-06-30,11.15,11.306,10.97,11.17,18448806,CHK
2015-07-01,11.2,11.21,10.5,10.55,21918305,CHK
2015-07-02,10.69,10.81,10.61,10.77,15908629,CHK
2015-07-06,10.51,10.78,10.3,10.42,18473109,CHK
2015-07-07,10.42,11.9,9.94,11.46,42086930,CHK
2015-07-08,11.22,11.51,10.84,11.31,27221395,CHK
2015-07-09,11.77,11.88,11.59,11.68,21616099,CHK
2015-07-10,11.75,11.88,11.27,11.37,17587663,CHK
2015-07-13,11.28,11.32,10.86,10.9,18576679,CHK
2015-07-14,10.92,11.39,10.86,11.38,12840365,CHK
2015-07-15,11.38,11.48,10.935,11.29,13301250,CHK
2015-07-16,11.4,11.69,11.15,11.58,14035448,CHK
2015-07-17,11.59,11.59,10.8,10.94,19303269,CHK
2015-07-20,10.89,10.92,10.23,10.27,13542271,CHK
2015-07-21,10.07,10.14,9.24,9.29,47720581,CHK
2015-07-22,9.25,9.49,9.0,9.05,20136374,CHK
2015-07-23,9.02,9.2266,8.4,8.71,39528969,CHK
2015-07-24,8.7,8.745,8.2,8.28,25538681,CHK
2015-07-27,8.28,8.6,8.11,8.37,28063532,CHK
2015-07-28,8.49,9.09,8.4,9.0,31642320,CHK
2015-07-29,8.92,9.36,8.82,9.15,21560804,CHK
2015-07-30,9.09,9.29,8.92,8.97,18371004,CHK
2015-07-31,8.88,9.005,8.62,8.66,15693896,CHK
2015-08-03,8.56,8.65,8.08,8.15,24318563,CHK
2015-08-04,8.28,8.43,7.96,8.0,23458146,CHK
2015-08-05,8.25,8.36,6.85,7.03,56650508,CHK
2015-08-06,7.15,8.44,7.01,8.19,44852964,CHK
2015-08-07,8.11,9.08,8.11,8.32,38472597,CHK
2015-08-10,8.4,8.9271,8.21,8.63,16344141,CHK
2015-08-11,8.2,8.41,8.045,8.21,28316448,CHK
2015-08-12,8.1,8.32,7.99,8.02,28102270,CHK
2015-08-13,7.83,7.89,7.48,7.5,17839735,CHK
2015-08-14,7.5,7.65,7.27,7.49,18486139,CHK
2015-08-17,7.4,7.71,7.37,7.57,9707831,CHK
2015-08-18,7.54,8.05,7.5,7.76,15904595,CHK
2015-08-19,7.77,7.81,7.22,7.34,22035658,CHK
2015-08-20,7.35,7.5,7.15,7.15,13374926,CHK
2015-08-21,7.09,7.24,6.87,6.87,21635154,CHK
2015-08-24,6.11,7.04,6.07,6.61,25294233,CHK
2015-08-25,6.97,6.97,6.01,6.03,23882524,CHK
2015-08-26,6.24,6.35,6.03,6.34,18547873,CHK
2015-08-27,6.55,7.13,6.53,7.02,26898071,CHK
2015-08-28,7.13,7.73,7.02,7.39,24391341,CHK
2015-08-31,7.25,7.84,7.02,7.81,23148312,CHK
2015-09-01,7.585,8.05,7.45,7.57,26549136,CHK
2015-09-02,7.65,7.68,7.06,7.38,16521689,CHK
2015-09-03,7.4,7.65,7.26,7.44,11712476,CHK
2015-09-04,7.25,7.41,7.2,7.27,10115943,CHK
2015-09-08,7.8,7.9299,7.44,7.67,19431708,CHK
2015-09-09,7.75,7.98,7.53,7.63,18844514,CHK
2015-09-10,7.73,7.8367,7.51,7.59,9685156,CHK
2015-09-11,7.49,7.61,7.365,7.57,8242727,CHK
2015-09-14,7.57,8.02,7.45,7.92,28107293,CHK
2015-09-15,7.95,8.23,7.82,7.89,17093544,CHK
2015-09-16,8.04,9.0,8.03,9.0,20371917,CHK
2015-09-17,8.83,8.98,8.54,8.61,21446359,CHK
2015-09-18,8.46,8.96,8.2266,8.96,20452533,CHK
2015-09-21,8.73,8.84,8.49,8.58,13475069,CHK
2015-09-22,8.41,8.48,7.96,8.0,16240801,CHK
2015-09-23,8.01,8.08,7.56,7.58,15289650,CHK
2015-09-24,7.44,7.8,7.2,7.76,16003280,CHK
2015-09-25,7.83,7.87,7.155,7.39,17107956,CHK
2015-09-28,7.2,7.35,6.57,6.71,22274259,CHK
2015-09-29,6.82,7.0,6.69,6.79,15135444,CHK
2015-09-30,6.88,7.33,6.84,7.33,18241501,CHK
2015-10-01,7.27,7.5902,6.95,7.21,21176832,CHK
2015-10-02,7.15,7.89,7.02,7.89,19196664,CHK
2015-10-05,7.98,8.53,7.96,8.42,21710551,CHK
2015-10-06,8.47,9.0,8.325,8.98,23835725,CHK
2015-10-07,9.11,9.435,8.47,9.15,34175954,CHK
2015-10-08,9.05,9.38,8.67,9.34,23848618,CHK
2015-10-09,9.38,9.55,8.79,8.88,21607776,CHK
2015-10-12,8.87,8.87,8.14,8.24,15707007,CHK
2015-10-13,8.13,8.46,7.92,7.99,14002558,CHK
2015-10-14,8.01,8.295,7.95,8.22,10272534,CHK
2015-10-15,8.17,8.37,7.99,8.35,13328747,CHK
2015-10-16,8.45,8.49,8.06,8.4,12991116,CHK
2015-10-19,8.2,8.32,7.94,8.09,9524089,CHK
2015-10-20,8.1,8.33,7.84,8.19,12145470,CHK
2015-10-21,8.14,8.14,7.8,7.87,10484573,CHK
2015-10-22,7.89,8.01,7.65,7.8,13300353,CHK
2015-10-23,7.71,8.05,7.5,7.83,17780235,CHK
2015-10-26,7.63,7.6832,7.11,7.13,25435074,CHK
2015-10-27,7.03,7.03,6.5,6.72,23709825,CHK
2015-10-28,6.75,7.37,6.67,6.97,22093571,CHK
2015-10-29,7.04,7.28,6.86,6.94,15598824,CHK
2015-10-30,7.0,7.1899,6.76,7.13,15165460,CHK
2015-11-02,6.94,7.6,6.91,7.45,20632675,CHK
2015-11-03,7.39,8.0,7.37,7.61,21712355,CHK
2015-11-04,7.29,7.64,6.955,7.46,45437419,CHK
2015-11-05,7.34,7.9,7.13,7.52,24559891,CHK
2015-11-06,7.37,7.68,7.26,7.34,15928673,CHK
2015-11-09,7.345,7.51,7.25,7.27,12355524,CHK
2015-11-10,7.26,7.28,7.0,7.06,14725264,CHK
2015-11-11,7.04,7.065,6.5,6.54,21338440,CHK
2015-11-12,6.46,6.52,6.25,6.32,19560918,CHK
2015-11-13,6.37,6.38,6.03,6.1,28536111,CHK
2015-11-16,6.11,6.36,6.0,6.34,18473390,CHK
2015-11-17,6.19,6.25,5.8,5.87,25800956,CHK
2015-11-18,5.96,6.18,5.8,6.0,22797661,CHK
2015-11-19,5.5,5.635,5.28,5.4,51186237,CHK
2015-11-20,5.41,5.42,5.06,5.08,31741860,CHK
2015-11-23,5.05,5.39,5.04,5.14,19405435,CHK
2015-11-24,5.29,5.57,5.2,5.49,23248711,CHK
2015-11-25,5.37,5.55,5.25,5.41,10754792,CHK
2015-11-27,5.35,5.38,5.2,5.26,6087208,CHK
2015-11-30,5.3,5.39,5.11,5.27,18325821,CHK
2015-12-01,5.27,5.59,5.15,5.51,23343033,CHK
2015-12-02,5.43,5.71,5.34,5.52,32995642,CHK
2015-12-03,5.43,5.49,4.69,4.87,50297321,CHK
2015-12-04,4.85,4.85,4.47,4.55,32999264,CHK
2015-12-07,4.27,4.3,4.06,4.27,29591687,CHK
2015-12-08,4.05,4.45,4.03,4.4,17903901,CHK
2015-12-09,4.46,4.67,4.3,4.47,23809993,CHK
2015-12-10,4.39,4.67,4.34,4.56,12887611,CHK
2015-12-11,4.43,4.44,4.1,4.16,17909163,CHK
2015-12-14,4.05,4.13,3.89,4.0,22070974,CHK
2015-12-15,4.09,4.13,3.75,3.76,22494040,CHK
2015-12-16,3.78,3.97,3.57,3.9,27980946,CHK
2015-12-17,3.89,3.93,3.56,3.72,19055577,CHK
2015-12-18,3.76,4.05,3.65,4.05,40717834,CHK
2015-12-21,4.03,4.22,3.87,4.06,23029540,CHK
2015-12-22,4.06,4.09,3.93,3.98,14446620,CHK
2015-12-23,4.05,4.44,3.95,4.4,29148014,CHK
2015-12-24,4.49,4.6,4.35,4.45,16662796,CHK
2015-12-28,4.38,4.38,4.0,4.07,19267575,CHK
2015-12-29,4.21,4.58,4.12,4.58,28284381,CHK
2015-12-30,4.26,4.44,4.15,4.4,21711329,CHK
2015-12-31,4.38,4.55,4.3,4.5,20011934,CHK
2016-01-04,4.44,4.97,4.4,4.95,38476071,CHK
2016-01-05,4.89,5.09,4.84,5.01,23666881,CHK
2016-01-06,4.77,4.8755,4.6,4.68,24549155,CHK
2016-01-07,4.43,4.64,4.355,4.41,24150759,CHK
2016-01-08,4.44,4.53,4.261,4.44,28561982,CHK
2016-01-11,4.49,4.5,4.08,4.17,24234420,CHK
2016-01-12,4.27,4.28,3.75,4.05,26920006,CHK
2016-01-13,4.1,4.18,3.61,3.64,21532317,CHK
2016-01-14,3.61,3.82,3.56,3.71,28054197,CHK
2016-01-15,3.48,3.6,3.28,3.56,27331629,CHK
2016-01-19,3.58,3.61,2.95,3.08,26479430,CHK
2016-01-20,2.86,3.45,2.69,3.32,36875596,CHK
2016-01-21,3.25,3.66,3.17,3.55,24335380,CHK
2016-01-22,3.82,4.15,3.46,3.51,34642872,CHK
2016-01-25,3.27,3.6,2.95,2.95,26632159,CHK
2016-01-26,3.08,3.25,2.88,3.19,28367457,CHK
2016-01-27,3.22,3.63,3.17,3.28,28778383,CHK
2016-01-28,3.52,3.57,3.1,3.16,29659164,CHK
2016-01-29,3.19,3.46,3.16,3.39,25580337,CHK
2016-02-01,3.32,3.38,3.1,3.21,16936470,CHK
2016-02-02,3.12,3.14,2.99,2.99,17638088,CHK
2016-02-03,3.08,3.39,2.75,3.36,27600845,CHK
2016-02-04,3.4,3.65,3.19,3.26,39086179,CHK
2016-02-05,3.21,3.26,3.03,3.06,21391467,CHK
2016-02-08,2.56,2.59,1.5,2.04,121984560,CHK
2016-02-09,2.09,2.09,1.8,1.95,39361622,CHK
2016-02-10,1.99,2.005,1.63,1.7,32507974,CHK
2016-02-11,1.66,1.81,1.53,1.78,50804186,CHK
2016-02-12,1.86,1.89,1.56,1.59,49579181,CHK
2016-02-16,1.68,1.91,1.65,1.86,39305372,CHK
2016-02-17,1.94,1.99,1.85,1.88,35943973,CHK
2016-02-18,1.97,2.14,1.9,1.98,37277458,CHK
2016-02-19,1.94,2.03,1.9,2.0,20667994,CHK
2016-02-22,2.09,2.49,2.07,2.39,33909229,CHK
2016-02-23,2.53,2.71,2.16,2.19,49682202,CHK
2016-02-24,2.44,2.74,2.35,2.69,62165252,CHK
2016-02-25,2.64,2.9,2.5,2.56,39719390,CHK
2016-02-26,2.89,2.89,2.65,2.7,30763400,CHK
2016-02-29,2.82,2.82,2.53,2.61,44469261,CHK
2016-03-01,2.64,2.78,2.55,2.76,24109882,CHK
2016-03-02,2.62,3.75,2.6,3.4,76288029,CHK
2016-03-03,3.37,4.72,3.32,4.27,138475442,CHK
2016-03-04,4.59,5.43,4.3,5.08,188966428,CHK
2016-03-07,5.38,5.76,5.18,5.23,116687326,CHK
2016-03-08,5.05,5.055,4.1,4.3,65203186,CHK
2016-03-09,4.56,4.7,4.3,4.63,39907855,CHK
2016-03-10,4.62,4.74,4.35,4.61,42312655,CHK
2016-03-11,4.88,4.99,4.64,4.7,40438427,CHK
2016-03-14,4.42,4.5,4.27,4.38,39565990,CHK
2016-03-15,4.2,4.26,3.95,4.18,35940524,CHK
2016-03-16,4.3,4.59,4.26,4.39,46280409,CHK
2016-03-17,4.62,4.88,4.45,4.79,39946129,CHK
2016-03-18,5.08,5.3,4.77,4.91,86810490,CHK
2016-03-21,4.93,5.05,4.79,4.88,24781238,CHK
2016-03-22,4.78,4.94,4.66,4.82,17455592,CHK
2016-03-23,4.74,4.83,4.1,4.13,33995149,CHK
2016-03-24,3.86,4.45,3.78,4.25,30180696,CHK
2016-03-28,4.24,4.24,4.0,4.15,22442754,CHK
2016-03-29,3.99,4.085,3.835,4.04,28464345,CHK
2016-03-30,4.18,4.34,3.99,4.01,26639146,CHK
2016-03-31,3.97,4.16,3.95,4.12,15535590,CHK
2016-04-01,3.98,4.1,3.8,3.83,28693655,CHK
2016-04-04,3.86,3.9,3.63,3.72,23103268,CHK
2016-04-05,3.61,3.78,3.53,3.76,26995624,CHK
2016-04-06,3.87,3.92,3.65,3.73,29021046,CHK
2016-04-07,3.74,3.82,3.54,3.61,26226174,CHK
2016-04-08,3.79,3.85,3.68,3.76,25243497,CHK
2016-04-11,4.12,4.5,4.1,4.5,67074221,CHK
2016-04-12,4.84,6.15,4.83,6.05,183964109,CHK
2016-04-13,6.11,6.56,5.92,6.06,104115365,CHK
2016-04-14,6.13,6.19,5.74,6.01,52986831,CHK
2016-04-15,5.76,6.18,5.71,6.03,59950438,CHK
2016-04-18,5.49,6.07,5.49,5.96,40292397,CHK
2016-04-19,6.19,6.37,6.07,6.12,39685644,CHK
2016-04-20,6.05,6.53,6.01,6.42,40822447,CHK
2016-04-21,6.64,6.73,6.16,6.19,37722080,CHK
2016-04-22,6.29,6.585,6.24,6.55,26733234,CHK
2016-04-25,6.59,6.71,6.3,6.4,28026397,CHK
2016-04-26,6.48,6.6,6.37,6.6,27568359,CHK
2016-04-27,6.78,7.15,6.73,7.14,39699687,CHK
2016-04-28,7.1,7.59,6.78,6.78,57819247,CHK
2016-04-29,6.975,7.148,6.6,6.87,36823104,CHK
2016-05-02,6.83,6.85,6.4,6.59,28265511,CHK
2016-05-03,6.38,6.42,5.73,5.8,40165258,CHK
2016-05-04,6.09,6.18,5.62,5.65,26750022,CHK
2016-05-05,6.3,6.47,5.7,5.71,61068992,CHK
2016-05-06,5.52,5.83,4.545,4.59,70168865,CHK
2016-05-09,4.72,4.9,4.03,4.1,48668669,CHK
2016-05-10,4.23,4.36,3.93,4.3,69669264,CHK
2016-05-11,4.25,4.82,4.12,4.36,53033209,CHK
2016-05-12,4.59,4.63,4.08,4.17,42197769,CHK
2016-05-13,3.98,4.25,3.98,4.06,28025687,CHK
2016-05-16,4.19,4.325,3.85,3.9,41098054,CHK
2016-05-17,3.99,4.25,3.87,3.93,54752005,CHK
2016-05-18,3.96,4.06,3.81,3.85,27082227,CHK
2016-05-19,3.78,3.89,3.59,3.86,31395461,CHK
2016-05-20,3.92,3.95,3.69,3.72,39436646,CHK
2016-05-23,3.69,3.78,3.56,3.67,34190537,CHK
2016-05-24,3.68,4.07,3.637,4.05,37706137,CHK
2016-05-25,4.23,4.49,4.19,4.35,46463206,CHK
2016-05-26,4.63,4.74,4.11,4.23,45853763,CHK
2016-05-27,4.16,4.21,4.04,4.16,24622771,CHK
2016-05-31,4.23,4.45,4.23,4.29,39265665,CHK
2016-06-01,4.21,4.39,4.09,4.37,32385365,CHK
2016-06-02,4.3,4.44,4.22,4.25,30100734,CHK
2016-06-03,4.26,4.3,4.07,4.09,25173674,CHK
2016-06-06,4.24,4.59,4.17,4.57,39899753,CHK
2016-06-07,4.67,4.86,4.55,4.67,44641770,CHK
2016-06-08,4.89,5.14,4.83,4.97,46179150,CHK
2016-06-09,4.75,4.92,4.52,4.88,56623966,CHK
2016-06-10,4.67,4.73,4.37,4.42,38196014,CHK
2016-06-13,4.37,4.6,4.17,4.33,35505356,CHK
2016-06-14,4.24,4.45,4.1,4.28,32907877,CHK
2016-06-15,4.27,4.5,4.23,4.28,31947278,CHK
2016-06-16,4.21,4.35,4.03,4.24,38943015,CHK
2016-06-17,4.39,4.65,4.35,4.51,53537481,CHK
2016-06-20,4.81,4.82,4.54,4.66,40741477,CHK
2016-06-21,4.54,4.65,4.48,4.62,33027938,CHK
2016-06-22,4.72,4.72,4.5,4.51,23789793,CHK
2016-06-23,4.57,4.65,4.52,4.64,19077255,CHK
2016-06-24,4.26,4.47,4.17,4.37,29431529,CHK
2016-06-27,4.25,4.2899,3.93,4.06,31227343,CHK
2016-06-28,4.28,4.32,4.18,4.28,24753324,CHK
2016-06-29,4.45,4.5,4.33,4.42,29723482,CHK
2016-06-30,4.39,4.4025,4.15,4.28,35427895,CHK
2016-07-01,4.25,4.63,4.21,4.59,33140122,CHK
2016-07-05,4.39,4.425,4.13,4.3,31805177,CHK
2016-07-06,4.26,4.35,4.22,4.35,24467420,CHK
2016-07-07,4.45,4.57,4.22,4.23,35198769,CHK
2016-07-08,4.35,4.37,4.19,4.24,25568228,CHK
2016-07-11,4.31,4.34,4.17,4.18,22733502,CHK
2016-07-12,4.33,4.59,4.28,4.58,38693688,CHK
2016-07-13,4.5,4.57,4.27,4.35,28952769,CHK
2016-07-14,4.43,4.58,4.37,4.5,40486223,CHK
2016-07-15,4.54,4.66,4.41,4.42,27001606,CHK
2016-07-18,4.44,4.6,4.3,4.6,22479149,CHK
2016-07-19,4.53,4.59,4.43,4.5,27669163,CHK
2016-07-20,4.41,4.83,4.36,4.74,36837781,CHK
2016-07-21,4.92,5.25,4.88,4.97,65635260,CHK
2016-07-22,5.14,5.5,5.01,5.39,65448401,CHK
2016-07-25,5.37,5.385,5.005,5.14,54782592,CHK
2016-07-26,5.03,5.37,5.0,5.35,43936387,CHK
2016-07-27,5.59,5.6,5.1,5.19,51557166,CHK
2016-07-28,5.18,5.32,5.13,5.19,33250111,CHK
2016-07-29,5.15,5.46,5.15,5.42,46527786,CHK
2016-08-01,5.33,5.35,5.06,5.09,36137813,CHK
2016-08-02,5.2,5.24,4.75,4.9,43539044,CHK
2016-08-03,4.95,5.3,4.82,5.29,49753715,CHK
2016-08-04,5.04,5.28,4.95,5.13,71244043,CHK
2016-08-05,5.18,5.19,4.86,4.89,50875815,CHK
2016-08-08,4.95,5.15,4.9,5.01,41031615,CHK
2016-08-09,5.07,5.08,4.77,4.81,44431142,CHK
2016-08-10,4.86,4.93,4.77,4.8,36236061,CHK
2016-08-11,5.09,5.1,4.82,5.03,70380561,CHK
2016-08-12,5.06,5.09,4.92,5.02,32240562,CHK
2016-08-15,5.15,5.53,5.07,5.5,75369493,CHK
2016-08-16,5.6,5.94,5.42,5.91,77068556,CHK
2016-08-17,5.91,5.93,5.5,5.68,65679026,CHK
2016-08-18,5.75,6.25,5.75,6.2,80389544,CHK
2016-08-19,6.14,6.22,5.93,6.09,43153204,CHK
2016-08-22,5.84,6.09,5.82,6.09,38955244,CHK
2016-08-23,6.04,6.58,6.03,6.46,64579212,CHK
2016-08-24,6.56,6.6,6.24,6.26,44841437,CHK
2016-08-25,6.25,6.44,6.2,6.33,32317994,CHK
2016-08-26,6.37,6.54,6.345,6.4,34761665,CHK
2016-08-29,6.36,6.49,6.25,6.44,22176381,CHK
2016-08-30,6.51,6.65,6.4,6.51,28894840,CHK
2016-08-31,6.44,6.51,6.18,6.35,34652284,CHK
2016-09-01,6.23,6.35,6.15,6.25,28084797,CHK
2016-09-02,6.31,6.7,6.3,6.6,45992365,CHK
2016-09-06,6.7,6.9,6.66,6.8,36792166,CHK
2016-09-07,6.94,6.95,6.76,6.81,28037524,CHK
2016-09-08,6.93,7.81,6.87,7.74,112945421,CHK
2016-09-09,7.65,7.8,7.43,7.62,57567732,CHK
2016-09-12,7.73,8.145,7.53,8.05,66278311,CHK
2016-09-13,7.76,7.7825,7.155,7.38,70479230,CHK
2016-09-14,7.35,7.41,7.01,7.17,45542629,CHK
2016-09-15,7.2,7.38,7.1,7.25,39629509,CHK
2016-09-16,7.09,7.37,7.06,7.35,46617667,CHK
2016-09-19,7.41,7.47,6.81,6.81,115971630,CHK
2016-09-20,6.79,6.96,6.51,6.56,68417421,CHK
2016-09-21,6.74,6.82,6.6,6.74,40894268,CHK
2016-09-22,6.9,6.99,6.75,6.87,37605696,CHK
2016-09-23,6.78,6.94,6.5,6.63,30559871,CHK
2016-09-26,6.71,6.84,6.56,6.62,25744184,CHK
2016-09-27,6.5,6.51,5.97,6.23,83665778,CHK
2016-09-28,6.29,6.8,6.21,6.75,56762639,CHK
2016-09-29,6.41,6.53,6.06,6.12,133902349,CHK
2016-09-30,6.13,6.3,6.03,6.27,72778374,CHK
2016-10-03,6.34,6.445,6.18,6.4,31537496,CHK
2016-10-04,6.46,6.55,6.36,6.37,35208242,CHK
2016-10-05,6.45,6.9,6.45,6.8,59530968,CHK
2016-10-06,6.91,6.97,6.6,6.65,43953877,CHK
2016-10-07,6.68,6.73,6.34,6.35,42945666,CHK
2016-10-10,6.45,6.62,6.41,6.44,28227134,CHK
2016-10-11,6.38,6.46,6.105,6.28,41996173,CHK
2016-10-12,6.25,6.3,6.1,6.29,23018098,CHK
2016-10-13,6.2,6.55,6.04,6.43,49014274,CHK
2016-10-14,6.45,6.695,6.45,6.56,49857770,CHK
2016-10-17,6.54,6.68,6.28,6.35,37285572,CHK
2016-10-18,6.51,6.6,6.32,6.52,38422998,CHK
2016-10-19,6.63,6.85,6.6,6.72,65746667,CHK
2016-10-20,6.55,6.95,6.355,6.91,107053967,CHK
2016-10-21,6.96,7.11,6.59,6.68,88101772,CHK
2016-10-24,6.65,6.72,6.29,6.36,60169049,CHK
2016-10-25,6.38,6.5,6.095,6.11,68273335,CHK
2016-10-26,5.88,6.19,5.71,6.0,67359122,CHK
2016-10-27,5.96,6.19,5.9287,6.08,45439393,CHK
2016-10-28,6.03,6.06,5.76,5.79,44587664,CHK
2016-10-31,5.74,5.8,5.49,5.51,41118158,CHK
2016-11-01,5.53,5.64,5.18,5.36,49784341,CHK
2016-11-02,5.18,5.43,5.14,5.31,57596299,CHK
2016-11-03,5.75,5.8,5.33,5.4,60750268,CHK
2016-11-04,5.26,5.5,5.25,5.29,46717930,CHK
2016-11-07,5.45,5.55,5.38,5.45,42701122,CHK
2016-11-08,5.29,5.4592,5.22,5.31,39277088,CHK
2016-11-09,5.27,5.82,5.26,5.77,55352163,CHK
2016-11-10,5.99,6.09,5.68,5.7,75536201,CHK
2016-11-11,5.62,5.69,5.35,5.43,47004601,CHK
2016-11-14,5.52,5.6,5.28,5.47,50915081,CHK
2016-11-15,5.65,6.13,5.64,6.05,66041198,CHK
2016-11-16,5.99,6.12,5.81,5.91,48672356,CHK
2016-11-17,6.0,6.1064,5.84,5.89,44789298,CHK
2016-11-18,5.96,6.04,5.8929,5.94,36507259,CHK
2016-11-21,6.21,6.4,6.17,6.36,52822235,CHK
2016-11-22,6.46,6.48,6.23,6.44,42597013,CHK
2016-11-23,6.34,6.64,6.32,6.64,43547457,CHK
2016-11-25,6.57,6.65,6.52,6.59,20863084,CHK
2016-11-28,6.74,6.75,6.32,6.34,46765907,CHK
2016-11-29,6.17,6.42,6.03,6.37,51143212,CHK
2016-11-30,6.93,7.11,6.74,7.0,122299523,CHK
2016-12-01,7.26,7.35,6.97,7.05,108877650,CHK
2016-12-02,7.03,7.3,7.0,7.23,51162112,CHK
2016-12-05,7.58,7.65,7.42,7.48,59778541,CHK
2016-12-06,7.44,7.75,7.34,7.58,58871591,CHK
2016-12-07,7.77,7.94,7.48,7.58,76003036,CHK
2016-12-08,7.71,7.75,7.42,7.6,72009796,CHK
2016-12-09,7.74,7.8,7.63,7.72,44636985,CHK
2016-12-12,8.1,8.2,7.32,7.35,87986244,CHK
2016-12-13,7.5,7.52,7.06,7.37,66389814,CHK
2016-12-14,7.2,7.44,7.05,7.08,67651966,CHK
2016-12-15,7.0,7.19,6.85,7.03,59725809,CHK
2016-12-16,7.12,7.23,7.03,7.18,59307794,CHK
2016-12-19,7.13,7.36,7.09,7.31,40455865,CHK
2016-12-20,7.31,7.43,7.26,7.29,40054587,CHK
2016-12-21,7.39,7.59,7.34,7.43,38914935,CHK
2016-12-22,7.42,7.57,7.3,7.34,30818204,CHK
2016-12-23,7.36,7.49,7.33,7.44,27258669,CHK
2016-12-27,7.48,7.65,7.43,7.59,44681657,CHK
2016-12-28,7.61,7.62,7.16,7.23,69491582,CHK
2016-12-29,7.22,7.29,7.07,7.16,35444824,CHK
2016-12-30,7.15,7.21,7.0,7.02,46054539,CHK
2017-01-03,7.2,7.32,6.78,6.92,55800763,CHK
2017-01-04,7.0,7.07,6.85,7.0,48230387,CHK
2017-01-05,7.06,7.19,6.89,7.18,54284160,CHK
2017-01-06,7.25,7.28,6.99,7.01,39765906,CHK
2017-01-09,6.91,6.94,6.78,6.87,40637764,CHK
2017-01-10,6.96,7.01,6.87,6.92,28675833,CHK
2017-01-11,6.94,7.01,6.85,6.92,31826672,CHK
2017-01-12,6.99,7.075,6.87,6.93,30604286,CHK
2017-01-13,6.91,6.94,6.86,6.92,21300691,CHK
2017-01-17,6.94,7.1,6.88,7.01,39564101,CHK
2017-01-18,6.95,7.04,6.92,6.98,29507181,CHK
2017-01-19,6.92,6.97,6.55,6.62,62163919,CHK
2017-01-20,6.69,6.87,6.63,6.69,32988681,CHK
2017-01-23,6.66,6.81,6.52,6.68,28938032,CHK
2017-01-24,6.72,7.0,6.67,6.91,36073268,CHK
2017-01-25,7.05,7.26,7.01,7.13,48529826,CHK
2017-01-26,7.2,7.29,7.07,7.12,31722562,CHK
2017-01-27,7.02,7.095,6.86,6.92,30469929,CHK
2017-01-30,6.83,6.86,6.41,6.46,56830461,CHK
2017-01-31,6.43,6.485,6.33,6.45,29214458,CHK
2017-02-01,6.51,6.59,6.31,6.4,33985935,CHK
2017-02-02,6.37,6.52,6.26,6.45,34243824,CHK
2017-02-03,6.4,6.59,6.38,6.57,28006634,CHK
2017-02-06,6.6,6.65,6.37,6.38,27847693,CHK
2017-02-07,6.3803,6.41,6.08,6.17,40323031,CHK
2017-02-08,6.08,6.22,5.92,6.12,38273720,CHK
2017-02-09,6.15,6.39,6.15,6.31,31648527,CHK
2017-02-10,6.41,6.5,6.33,6.38,29295535,CHK
2017-02-13,6.35,6.43,6.28,6.33,24553842,CHK
2017-02-14,6.41,6.45,6.34,6.44,22101451,CHK
2017-02-15,6.43,6.45,6.3,6.32,24481847,CHK
2017-02-16,6.34,6.4,6.065,6.08,37658822,CHK
2017-02-17,6.04,6.16,6.02,6.1,21037853,CHK
2017-02-21,6.14,6.18,6.0,6.08,36603579,CHK
2017-02-22,6.03,6.09,5.9,5.92,45479679,CHK
2017-02-23,6.07,6.08,5.38,5.75,98640096,CHK
2017-02-24,5.69,5.89,5.6,5.66,58786984,CHK
2017-02-27,5.68,5.76,5.51,5.62,46686169,CHK
2017-02-28,5.57,5.63,5.43,5.45,38204325,CHK
2017-03-01,5.5,5.65,5.49,5.57,35531563,CHK
2017-03-02,5.49,5.53,5.26,5.36,47735556,CHK
2017-03-03,5.39,5.51,5.3,5.32,32818254,CHK
2017-03-06,5.3,5.42,5.27,5.35,34035188,CHK
2017-03-07,5.38,5.4,5.26,5.26,28972776,CHK
2017-03-08,5.26,5.3,4.92,4.94,65553219,CHK
2017-03-09,4.91,5.15,4.88,5.13,51048378,CHK
2017-03-10,5.17,5.22,5.01,5.15,38059110,CHK
2017-03-13,5.17,5.36,5.17,5.33,30986911,CHK
2017-03-14,5.22,5.27,5.02,5.24,36130856,CHK
2017-03-15,5.35,5.49,5.225,5.45,36035054,CHK
2017-03-16,5.5,5.52,5.34,5.45,29209334,CHK
2017-03-17,5.46,5.535,5.26,5.29,42125829,CHK
2017-03-20,5.21,5.29,5.11,5.18,24882403,CHK
2017-03-21,5.21,5.23,5.02,5.07,28774222,CHK
2017-03-22,5.02,5.11,4.95,5.0,27661723,CHK
2017-03-23,5.07,5.2,5.0,5.09,40379987,CHK
2017-03-24,5.17,5.3,5.11,5.22,30847098,CHK
2017-03-27,5.15,5.25,5.06,5.16,30975198,CHK
2017-03-28,5.19,5.42,5.14,5.39,41414693,CHK
2017-03-29,5.42,5.95,5.41,5.81,65130575,CHK
2017-03-30,5.9,6.0,5.73,5.85,53223237,CHK
2017-03-31,5.83,5.95,5.81,5.94,28779954,CHK
2017-04-03,6.01,6.05,5.72,5.92,33308892,CHK
2017-04-04,5.9,6.33,5.83,6.32,73281665,CHK
2017-04-05,6.41,6.59,6.01,6.11,81982952,CHK
2017-04-06,6.19,6.4,6.16,6.28,53003587,CHK
2017-04-07,6.28,6.3164,6.16,6.2,32882704,CHK
2017-04-10,6.25,6.295,6.19,6.23,29375831,CHK
2017-04-11,6.2,6.21,6.05,6.18,33847679,CHK
2017-04-12,6.18,6.39,6.12,6.15,43048572,CHK
2017-04-13,6.17,6.18,5.88,5.89,37748604,CHK
2017-04-17,5.87,5.91,5.61,5.69,49922457,CHK
2017-04-18,5.62,5.79,5.55,5.66,30798398,CHK
2017-04-19,5.66,5.7299,5.48,5.5,40026097,CHK
2017-04-20,5.54,5.7,5.51,5.56,28167064,CHK
2017-04-21,5.56,5.6395,5.45,5.52,33414829,CHK
2017-04-24,5.555,5.58,5.32,5.38,43445984,CHK
2017-04-25,5.355,5.53,5.25,5.51,40844426,CHK
2017-04-26,5.44,5.66,5.42,5.47,37512488,CHK
2017-04-27,5.4,5.4,5.15,5.29,53273443,CHK
2017-04-28,5.345,5.36,5.2,5.26,31087531,CHK
2017-05-01,5.25,5.34,5.22,5.31,17798560,CHK
2017-05-02,5.36,5.44,5.25,5.32,29086735,CHK
2017-05-03,5.3,5.62,5.2,5.54,63346378,CHK
2017-05-04,5.39,5.4,5.0,5.13,100793528,CHK
2017-05-05,5.155,5.46,5.14,5.46,61975660,CHK
2017-05-08,5.43,5.59,5.37,5.55,39486713,CHK
2017-05-09,5.53,5.55,5.39,5.4,39320321,CHK
2017-05-10,5.49,5.8,5.47,5.75,47558114,CHK
2017-05-11,5.78,5.83,5.63,5.72,36158697,CHK
2017-05-12,5.705,5.76,5.595,5.63,19899477,CHK
2017-05-15,5.81,5.86,5.52,5.57,38092486,CHK
2017-05-16,5.6,5.7,5.5,5.54,30139585,CHK
2017-05-17,5.51,5.66,5.4,5.49,31125606,CHK
2017-05-18,5.425,5.6,5.39,5.57,26534842,CHK
2017-05-19,5.67,5.82,5.645,5.78,34930272,CHK
2017-05-22,5.87,5.87,5.6701,5.73,26167870,CHK
2017-05-23,5.69,5.76,5.65,5.67,19832486,CHK
2017-05-24,5.67,5.81,5.51,5.55,32332696,CHK
2017-05-25,5.51,5.68,5.13,5.18,57248391,CHK
2017-05-26,5.24,5.3,5.15,5.29,28725779,CHK
2017-05-30,5.2,5.26,5.04,5.1,38677696,CHK
2017-05-31,5.06,5.09,4.9,5.06,64470354,CHK
2017-06-01,5.1,5.22,5.02,5.1,35471026,CHK
2017-06-02,5.03,5.04,4.9,4.96,46905638,CHK
2017-06-05,4.92,5.0,4.88,4.89,30179505,CHK
2017-06-06,4.91,5.07,4.79,5.04,51189399,CHK
2017-06-07,4.97,5.08,4.74,4.8,56357308,CHK
2017-06-08,4.79,4.84,4.7,4.74,36849405,CHK
2017-06-09,4.78,5.05,4.77,4.97,46558083,CHK
2017-06-12,5.05,5.17,5.03,5.06,40751654,CHK
2017-06-13,5.07,5.29,5.03,5.28,36800404,CHK
2017-06-14,5.19,5.19,4.97,5.02,44579813,CHK
2017-06-15,4.94,5.11,4.92,5.0,31425815,CHK
2017-06-16,5.05,5.15,5.0,5.1,33825402,CHK
2017-06-19,5.09,5.18,4.98,4.99,35120200,CHK
2017-06-20,4.92,4.95,4.77,4.91,38750283,CHK
2017-06-21,4.84,4.85,4.38,4.52,80216485,CHK
2017-06-22,4.58,4.63,4.49,4.5,30156806,CHK
2017-06-23,4.55,4.59,4.46,4.57,41695657,CHK
2017-06-26,4.59,4.79,4.55,4.67,29021288,CHK
2017-06-27,4.77,4.86,4.68,4.8,34458348,CHK
2017-06-28,4.8,4.94,4.75,4.86,26542698,CHK
2017-06-29,4.92,5.08,4.88,4.96,35486842,CHK
2017-06-30,5.0,5.05,4.91,4.97,27992640,CHK
2017-07-03,5.01,5.14,5.0,5.12,15382015,CHK
2017-07-05,5.03,5.03,4.72,4.78,40366763,CHK
2017-07-06,4.82,4.87,4.65,4.66,36888019,CHK
2017-07-07,4.64,4.65,4.4199,4.54,33521344,CHK
2017-07-10,4.51,4.73,4.49,4.66,27442704,CHK
2017-07-11,4.66,4.77,4.57,4.72,21152457,CHK
2017-07-12,4.79,4.85,4.62,4.67,32985586,CHK
2017-07-13,4.65,4.78,4.64,4.78,22449467,CHK
2017-07-14,4.81,4.9,4.8,4.87,22050110,CHK
2017-07-17,4.88,4.94,4.81,4.85,14738544,CHK
2017-07-18,4.9,4.9,4.7,4.76,24522228,CHK
2017-07-19,4.76,4.96,4.74,4.96,24291230,CHK
2017-07-20,4.98,5.02,4.84,4.84,24845769,CHK
2017-07-21,4.83,4.87,4.66,4.69,31575791,CHK
2017-07-24,4.73,4.76,4.65,4.66,23228328,CHK
2017-07-25,4.76,4.94,4.75,4.85,39389214,CHK
2017-07-26,4.9,4.95,4.78,4.84,27471541,CHK
2017-07-27,4.85,5.07,4.77,5.06,43607132,CHK
2017-07-28,5.05,5.2,4.97,5.06,41607527,CHK
2017-07-31,5.04,5.05,4.84,4.96,31715847,CHK
2017-08-01,4.49,4.51,4.32,4.34,36516760,CHK
2017-08-02,4.83,4.83,4.61,4.62,44713481,CHK
2017-08-03,4.78,4.78,4.5,4.5,65455824,CHK
2017-08-04,4.53,4.59,4.47,4.53,32156347,CHK
2017-08-07,4.49,4.51,4.32,4.35,37259228,CHK
2017-08-08,4.35,4.48,4.34,4.4,27681015,CHK
2017-08-09,4.43,4.48,4.31,4.37,26118390,CHK
2017-08-10,4.38,4.44,4.13,4.14,46998898,CHK
2017-08-11,4.11,4.17,4.05,4.14,32318168,CHK
2017-08-14,4.14,4.175,4.06,4.07,19439256,CHK
2017-08-15,4.1,4.1,3.92,3.98,40024900,CHK
2017-08-16,4.0,4.03,3.9,4.0,32408233,CHK
2017-08-17,3.96,4.04,3.81,3.88,36156104,CHK
2017-08-18,3.85,4.01,3.82,3.96,35126024,CHK
2017-08-21,3.93,3.94,3.76,3.82,25778721,CHK
2017-08-22,3.83,3.88,3.81,3.85,21671340,CHK
2017-08-23,3.83,3.96,3.79,3.89,28390521,CHK
2017-08-24,3.88,3.96,3.82,3.86,31721854,CHK
2017-08-25,3.89,3.89,3.79,3.79,44981414,CHK
2017-08-28,3.79,3.83,3.59,3.65,40486003,CHK
2017-08-29,3.59,3.66,3.55,3.64,27107447,CHK
2017-08-30,3.61,3.68,3.56,3.61,23431511,CHK
2017-08-31,3.64,3.72,3.615,3.64,28194087,CHK
2017-09-01,3.65,3.79,3.62,3.76,21945851,CHK
2017-09-05,3.78,3.83,3.68,3.7,31375075,CHK
2017-09-06,3.74,3.82,3.71,3.76,23116098,CHK
2017-09-07,3.75,3.9,3.75,3.87,22866837,CHK
2017-09-08,3.83,3.86,3.56,3.64,39759451,CHK
2017-09-11,3.66,3.7,3.61,3.63,22935559,CHK
2017-09-12,3.66,3.85,3.65,3.74,32623828,CHK
2017-09-13,3.82,4.04,3.81,3.94,49795156,CHK
2017-09-14,4.04,4.18,4.02,4.1,45013966,CHK
2017-09-15,4.1,4.11,3.95,4.0,66705048,CHK
2017-09-18,4.03,4.12,3.95,4.05,29305683,CHK
2017-09-19,4.08,4.1,3.98,4.04,19210027,CHK
2017-09-20,4.05,4.25,4.04,4.19,38906590,CHK
2017-09-21,4.15,4.185,4.08,4.17,21429908,CHK
2017-09-22,4.16,4.25,4.14,4.22,18635374,CHK
2017-09-25,4.27,4.39,4.265,4.37,29207365,CHK
2017-09-26,4.33,4.44,4.29,4.37,29942642,CHK
2017-09-27,4.38,4.449,4.301,4.42,30789260,CHK
2017-09-28,4.47,4.49,4.25,4.35,33342182,CHK
2017-09-29,4.34,4.38,4.28,4.3,22861830,CHK
2017-10-02,4.15,4.38,4.08,4.35,24796091,CHK
2017-10-03,4.31,4.34,4.26,4.29,19862709,CHK
2017-10-04,4.28,4.32,4.23,4.27,17211386,CHK
2017-10-05,4.27,4.33,4.26,4.3,21187428,CHK
2017-10-06,4.26,4.269,4.12,4.2,20705077,CHK
2017-10-09,4.2,4.2158,4.13,4.19,11002815,CHK
2017-10-10,4.22,4.2311,3.91,3.91,43149084,CHK
2017-10-11,3.92,3.975,3.76,3.95,32016106,CHK
2017-10-12,3.9,3.93,3.78,3.85,26757645,CHK
2017-10-13,3.9,3.93,3.85,3.88,15964755,CHK
2017-10-16,3.92,3.95,3.82,3.82,14188848,CHK
2017-10-17,3.86,3.87,3.73,3.78,19314251,CHK
2017-10-18,3.8,3.88,3.73,3.77,19537408,CHK
2017-10-19,3.7,3.88,3.7,3.84,23884525,CHK
2017-10-20,3.84,3.86,3.77,3.8,15424083,CHK
2017-10-23,3.8,3.83,3.6,3.61,21182761,CHK
2017-10-24,3.65,3.69,3.6,3.65,21309763,CHK
2017-10-25,3.61,3.64,3.45,3.55,27647277,CHK
2017-10-26,3.54,3.56,3.41,3.53,23565273,CHK
2017-10-27,3.49,3.78,3.465,3.77,35035555,CHK
2017-10-30,3.75,3.99,3.73,3.84,28783510,CHK
2017-10-31,3.8,3.94,3.76,3.9,21515061,CHK
2017-11-01,3.98,4.07,3.96,3.96,31426523,CHK
2017-11-02,3.78,3.81,3.65,3.66,43448846,CHK
2017-11-03,3.65,3.79,3.62,3.74,29063947,CHK
2017-11-06,3.78,4.18,3.78,4.18,49869316,CHK
2017-11-07,4.15,4.22,4.08,4.18,25229113,CHK
2017-11-08,4.16,4.17,3.97,3.97,29635741,CHK
2017-11-09,4.0,4.195,3.97,4.11,28473751,CHK
2017-11-10,4.13,4.19,4.04,4.14,23563453,CHK
2017-11-13,4.11,4.27,4.07,4.15,26970256,CHK
2017-11-14,4.12,4.16,3.94,3.94,29924676,CHK
2017-11-15,3.92,3.98,3.85,3.85,21536251,CHK
2017-11-16,3.865,3.935,3.83,3.85,18918031,CHK
2017-11-17,3.9,4.05,3.89,4.02,21898004,CHK
2017-11-20,3.94,4.05,3.85,3.87,24073368,CHK
2017-11-21,3.9,3.94,3.8,3.81,20470505,CHK
2017-11-22,3.87,3.98,3.85,3.97,19226598,CHK
2017-11-24,4.0,4.05,3.9,3.92,13097662,CHK
2017-11-27,3.92,3.93,3.8,3.81,18732926,CHK
2017-11-28,3.83,3.9,3.77,3.87,12737254,CHK
2017-11-29,3.89,4.07,3.87,4.05,33393753,CHK
2017-11-30,4.05,4.25,4.04,4.07,40997505,CHK
2017-12-01,4.1,4.24,4.07,4.09,26800608,CHK
2017-12-04,4.08,4.14,3.91,3.95,20600622,CHK
2017-12-05,3.98,4.04,3.92,3.92,21784126,CHK
2017-12-06,3.92,3.94,3.76,3.77,27758296,CHK
2017-12-07,3.81,3.81,3.69,3.7,28232726,CHK
2017-12-08,3.75,3.8,3.66,3.68,29977293,CHK
2017-12-11,3.71,3.88,3.71,3.83,24553572,CHK
2017-12-12,3.89,3.9,3.754,3.81,24526125,CHK
2017-12-13,3.83,3.8587,3.71,3.72,16893913,CHK
2017-12-14,3.73,3.81,3.64,3.64,25477452,CHK
2017-12-15,3.655,3.69,3.5,3.51,42186755,CHK
2017-12-18,3.58,3.7,3.52,3.69,29966540,CHK
2017-12-19,3.685,3.74,3.61,3.61,19471783,CHK
2017-12-20,3.65,3.8,3.6,3.78,24255770,CHK
2017-12-21,3.72,3.88,3.71,3.84,24149630,CHK
2017-12-22,3.82,3.95,3.82,3.85,20203975,CHK
2017-12-26,3.89,4.0,3.88,4.0,18600567,CHK
2017-12-27,4.01,4.05,3.88,3.88,19576399,CHK
2017-12-28,3.96,4.09,3.91,4.04,30521171,CHK
2017-12-29,4.08,4.13,3.96,3.96,24078402,CHK
2018-01-02,4.05,4.17,4.0,4.1,35227973,CHK
2018-01-03,4.14,4.16,4.03,4.07,30351079,CHK
2018-01-04,4.12,4.12,4.0,4.05,33915375,CHK
2018-01-05,4.02,4.02,3.93,3.99,33664202,CHK
2018-01-08,4.0,4.0001,3.88,3.97,20873143,CHK
2018-01-09,4.0,4.1,3.98,4.05,28577272,CHK
2018-01-10,4.08,4.1,4.0,4.0,51016470,CHK
2018-01-11,4.04,4.26,4.01,4.19,55791513,CHK
2018-01-12,4.22,4.335,4.18,4.28,33197075,CHK
2018-01-16,4.3,4.3,4.12,4.14,32862603,CHK
2018-01-17,4.17,4.18,4.02,4.09,33307850,CHK
2018-01-18,4.07,4.08,3.97,3.99,23808943,CHK
2018-01-19,4.0,4.0,3.91,3.95,22388586,CHK
2018-01-22,3.97,3.99,3.9,3.97,28296542,CHK
2018-01-23,4.05,4.11,3.97,4.07,29459882,CHK
2018-01-24,4.09,4.18,4.07,4.08,29132060,CHK
2018-01-25,4.14,4.18,3.92,3.96,32781941,CHK
2018-01-26,4.0,4.01,3.94,4.0,20907786,CHK
2018-01-29,3.95,3.99,3.86,3.88,26759540,CHK
2018-01-30,3.85,3.85,3.62,3.63,58594743,CHK
2018-01-31,3.68,3.69,3.5,3.5,42937414,CHK
2018-02-01,3.49,3.5,3.3,3.46,50696229,CHK
2018-02-02,3.43,3.44,3.3,3.33,42975946,CHK
2018-02-05,3.3,3.37,3.0,3.09,51894368,CHK
2018-02-06,3.01,3.19,2.98,3.13,46965963,CHK
2018-02-07,3.12,3.16,2.8,2.89,71174880,CHK
2013-02-08,390.4551,393.7283,390.1698,393.0777,6031199,GOOGL
2013-02-11,389.5892,391.8915,387.2619,391.6012,4330781,GOOGL
2013-02-12,391.2659,394.344,390.0747,390.7403,3714176,GOOGL
2013-02-13,390.4551,393.0677,390.375,391.8214,2393946,GOOGL
2013-02-14,390.2549,394.7644,389.2739,394.3039,3466971,GOOGL
2013-02-15,394.0937,397.0266,393.9285,396.8414,5453980,GOOGL
2013-02-19,398.393,403.9035,398.0376,403.8284,5857528,GOOGL
2013-02-20,403.0527,404.8895,396.2929,396.6262,5522500,GOOGL
2013-02-21,399.399,403.1277,396.0056,398.1628,7008464,GOOGL
2013-02-22,400.0296,401.0256,397.2969,400.2549,4103315,GOOGL
2013-02-25,401.5512,404.6092,395.6402,395.7804,4602925,GOOGL
2013-02-26,397.8975,398.3729,392.5922,395.4601,4399988,GOOGL
2013-02-27,397.7974,402.7774,395.9506,400.2899,4047784,GOOGL
2013-02-28,400.9506,403.8985,400.9155,401.0006,4526218,GOOGL
2013-03-01,399.2989,403.9736,398.4731,403.4981,4346304,GOOGL
2013-03-04,403.0527,411.8314,402.9025,411.1628,5545624,GOOGL
2013-03-05,414.8795,420.495,414.8644,419.7213,8079065,GOOGL
2013-03-06,420.933,422.422,414.8194,416.1057,5739956,GOOGL
2013-03-07,417.447,418.7283,415.2048,416.7143,4101301,GOOGL
2013-03-08,417.6673,417.8774,412.9375,416.1758,5817848,GOOGL
2013-03-11,416.2608,420.2699,416.1658,417.8274,3186118,GOOGL
2013-03-12,415.7704,416.3609,412.2468,414.2188,4012146,GOOGL
2013-03-13,414.3639,415.7603,411.5662,413.0677,3279147,GOOGL
2013-03-14,413.9085,413.9085,409.1037,411.1808,3298723,GOOGL
2013-03-15,409.6592,410.5602,407.0767,407.5582,6191734,GOOGL
2013-03-18,402.9025,406.7864,401.1357,404.2989,3672831,GOOGL
2013-03-19,406.0256,410.0346,403.6282,406.0657,4191219,GOOGL
2013-03-20,408.8234,409.1638,406.1257,407.7614,2924120,GOOGL
2013-03-21,406.0506,408.8671,405.3299,406.0356,2930649,GOOGL
2013-03-22,407.7774,408.0276,405.2248,405.5602,2973343,GOOGL
2013-03-25,406.6112,410.0246,403.8134,405.2248,3410398,GOOGL
2013-03-26,407.1567,407.4069,404.2989,406.6162,2381243,GOOGL
2013-03-27,403.7433,403.9035,401.0657,401.7313,4322068,GOOGL
2013-03-28,402.397,403.0877,397.0466,397.4911,4570853,GOOGL
2013-04-01,397.9025,401.5261,397.0216,400.9956,3610549,GOOGL
2013-04-02,402.6723,407.8224,402.402,406.9265,4078671,GOOGL
2013-04-03,407.1367,407.5071,400.7343,403.5041,3473233,GOOGL
2013-04-04,402.5271,403.2779,396.0457,397.9325,4889914,GOOGL
2013-04-05,393.423,393.8885,388.5882,391.9165,6860927,GOOGL
2013-04-08,389.7644,390.1648,384.5842,387.8124,5658378,GOOGL
2013-04-09,388.1377,392.2669,386.9416,389.2138,4310166,GOOGL
2013-04-10,391.8515,396.5712,388.388,395.4851,3953171,GOOGL
2013-04-11,396.8364,396.9466,392.422,395.5902,4053279,GOOGL
2013-04-12,396.391,396.4471,391.8565,395.42,3269389,GOOGL
2013-04-15,393.368,398.8985,388.8985,391.356,4900346,GOOGL
2013-04-16,393.6883,398.398,392.352,397.0817,3480468,GOOGL
2013-04-17,393.7684,395.8179,389.4391,391.6713,4069487,GOOGL
2013-04-18,393.0677,393.2929,381.0107,383.34,6601455,GOOGL
2013-04-19,384.9646,402.1217,383.5131,400.3349,11593628,GOOGL
2013-04-22,400.7003,402.381,387.8875,400.4571,5760454,GOOGL
2013-04-23,400.9005,408.1578,400.5802,404.3539,4579994,GOOGL
2013-04-24,404.4591,409.409,404.404,407.1337,3654448,GOOGL
2013-04-25,408.5331,408.6432,404.2188,404.9545,3980422,GOOGL
2013-04-26,404.2038,404.2739,398.6883,401.1107,4970304,GOOGL
2013-04-29,402.0266,411.7613,401.9015,409.9395,4595912,GOOGL
2013-04-30,409.9095,414.2338,409.2488,412.6973,4608663,GOOGL
2013-05-01,412.0416,412.7724,408.5882,410.6252,2906961,GOOGL
2013-05-02,410.4601,417.6923,409.9345,415.2198,4032460,GOOGL
2013-05-03,418.8985,423.8234,418.418,423.2829,5019702,GOOGL
2013-05-06,424.5541,431.3559,424.5541,431.2058,4278140,GOOGL
2013-05-07,431.9365,432.3669,425.7603,429.0436,3914058,GOOGL
2013-05-08,428.9285,437.3769,426.8815,437.2518,4930476,GOOGL
2013-05-09,435.8554,440.2698,434.5491,436.1757,4396519,GOOGL
2013-05-10,438.0927,440.7103,436.5161,440.5551,3791566,GOOGL
2013-05-13,439.8844,441.6762,437.1272,439.2038,2893167,GOOGL
2013-05-14,439.1888,444.7893,439.0086,443.9936,3154697,GOOGL
2013-05-15,448.1978,458.6482,447.457,458.4029,7962426,GOOGL
2013-05-16,459.9595,460.4499,451.456,452.3869,6410573,GOOGL
2013-05-17,455.465,457.2012,450.7103,455.0446,5578028,GOOGL
2013-05-20,452.9525,460.7603,452.9525,454.7193,4540849,GOOGL
2013-05-21,454.464,456.2858,449.2538,453.9385,3961409,GOOGL
2013-05-22,451.7313,455.1097,443.8834,445.1547,5116072,GOOGL
2013-05-23,438.9385,445.425,437.437,441.8364,4545347,GOOGL
2013-05-24,438.0676,439.8494,435.9405,437.0967,4588931,GOOGL
2013-05-28,442.1918,446.5161,440.6402,441.0756,4510310,GOOGL
2013-05-29,438.2929,439.434,432.5771,434.5892,4022272,GOOGL
2013-05-30,435.395,439.8895,433.6382,435.8154,4237137,GOOGL
2013-05-31,434.4941,438.9385,434.1938,436.0446,3934779,GOOGL
2013-06-03,436.9365,437.4219,427.9375,434.2488,4946046,GOOGL
2013-06-04,434.3589,435.7303,427.462,429.9796,3733157,GOOGL
2013-06-05,431.6863,435.1597,428.9936,430.2799,4208973,GOOGL
2013-06-06,432.5822,433.5982,424.0336,432.7523,5152857,GOOGL
2013-06-07,435.6452,440.44,433.0927,440.3049,5342795,GOOGL
2013-06-10,441.491,445.9455,440.4851,445.5551,4670835,GOOGL
2013-06-11,442.427,443.9435,440.1998,440.3449,3511453,GOOGL
2013-06-12,443.1727,443.443,435.2598,436.426,4405093,GOOGL
2013-06-13,434.9245,440.2698,433.1827,438.9385,4135093,GOOGL
2013-06-14,440.49,442.7923,437.5021,437.9575,4485457,GOOGL
2013-06-17,440.0546,445.1597,439.5791,443.5681,4287768,GOOGL
2013-06-18,444.7693,450.9505,444.6192,450.7603,4329191,GOOGL
2013-06-19,451.1357,455.8754,449.1988,450.7903,5825958,GOOGL
2013-06-20,447.442,450.9505,442.0967,442.8124,6737253,GOOGL
2013-06-21,444.6142,445.3849,436.9715,440.9055,7956472,GOOGL
2013-06-24,436.3759,438.5982,432.0566,435.3299,6027497,GOOGL
2013-06-25,439.0686,440.2798,432.6873,433.5331,5101271,GOOGL
2013-06-26,437.3119,439.439,435.7203,437.2618,3658997,GOOGL
2013-06-27,439.8394,442.7873,438.7633,438.9735,3849059,GOOGL
2013-06-28,437.8875,441.3609,437.5326,440.6252,4693361,GOOGL
2013-07-01,443.6682,446.486,442.9425,444.3839,3443061,GOOGL
2013-07-02,445.5451,445.9455,439.0736,441.5962,3779117,GOOGL
2013-07-03,440.45,445.0296,439.6893,443.6582,2095161,GOOGL
2013-07-05,445.45,448.1527,444.1137,447.1917,3400260,GOOGL
2013-07-08,450.0546,453.5881,448.9905,452.9975,3934965,GOOGL
2013-07-09,455.9555,456.9315,449.439,453.0726,3923293,GOOGL
2013-07-10,452.1767,456.0231,450.6402,453.448,3411271,GOOGL
2013-07-11,456.9565,460.8654,454.7143,460.5801,5162480,GOOGL
2013-07-12,460.46,461.9615,458.0776,461.9615,5131083,GOOGL
2013-07-15,462.6121,464.464,458.6382,462.8073,3916715,GOOGL
2013-07-16,464.0286,464.449,457.4069,460.2638,3961942,GOOGL
2013-07-17,460.9605,463.8934,458.6082,459.7343,3008727,GOOGL
2013-07-18,459.9545,460.46,452.0466,455.7953,7211592,GOOGL
2013-07-19,443.7483,451.9265,438.2428,448.7473,14703570,GOOGL
2013-07-22,451.451,456.7913,448.9485,455.8053,5800599,GOOGL
2013-07-23,455.8053,456.9565,450.2348,452.3519,4086567,GOOGL
2013-07-24,454.0836,455.6051,450.8003,451.9015,4151405,GOOGL
2013-07-25,447.3819,448.8734,443.483,444.2939,5995870,GOOGL
2013-07-26,443.9385,445.44,441.441,443.1177,3551790,GOOGL
2013-07-29,442.8924,447.8574,440.8854,441.5761,3780304,GOOGL
2013-07-30,443.1727,448.2528,440.8754,445.9055,3508124,GOOGL
2013-07-31,446.9415,448.7028,443.5331,444.3189,4341642,GOOGL
2013-08-01,447.9475,452.7273,447.9475,452.5621,4267479,GOOGL
2013-08-02,452.1717,453.9535,450.8604,453.7383,3424306,GOOGL
2013-08-05,453.1477,453.2153,450.0496,452.9525,2616825,GOOGL
2013-08-06,452.7973,455.3094,448.3129,448.7333,3009141,GOOGL
2013-08-07,447.9675,449.6742,444.9895,445.7703,2756731,GOOGL
2013-08-08,448.1927,448.3679,443.0901,446.7763,2973117,GOOGL
2013-08-09,445.7253,448.2078,445.445,445.6502,2644677,GOOGL
2013-08-12,443.8934,443.9435,441.2658,443.1978,2751317,GOOGL
2013-08-13,443.8584,444.6943,438.5381,441.0656,2837087,GOOGL
2013-08-14,439.6242,440.5551,434.0136,435.3399,4160234,GOOGL
2013-08-15,432.6522,432.8925,429.429,430.2598,3737686,GOOGL
2013-08-16,431.0706,431.6512,428.6983,428.8825,3346827,GOOGL
2013-08-19,429.2839,436.436,429.1537,433.2578,3618232,GOOGL
2013-08-20,434.6092,436.4911,432.2018,433.1427,2470048,GOOGL
2013-08-21,435.7603,438.893,433.6832,435.0997,3511155,GOOGL
2013-08-22,436.7864,437.8124,435.5601,437.2919,1738084,GOOGL
2013-08-23,439.3539,439.439,435.3099,435.5401,2151834,GOOGL
2013-08-26,435.435,437.8875,433.458,433.6282,2110258,GOOGL
2013-08-27,430.2398,432.2969,424.3739,425.5001,3460148,GOOGL
2013-08-28,425.5501,428.1327,424.3089,424.6993,2657159,GOOGL
2013-08-29,424.9595,430.6202,424.7193,428.1427,2739876,GOOGL
2013-08-30,428.3079,429.449,423.2028,423.8734,3719495,GOOGL
2013-09-03,427.6072,433.5281,427.402,430.6202,4091181,GOOGL
2013-09-04,430.6052,437.1868,428.0126,436.2528,4078388,GOOGL
2013-09-05,437.1868,440.3799,436.2408,440.2198,2582619,GOOGL
2013-09-06,441.6612,442.3319,437.3069,440.2298,3120390,GOOGL
2013-09-09,442.3069,445.3199,441.6512,444.471,2466701,GOOGL
2013-09-10,445.455,446.446,442.4421,444.7793,2572899,GOOGL
2013-09-11,444.7143,448.9335,443.483,448.5431,3218136,GOOGL
2013-09-12,449.1487,449.399,445.45,446.9785,2188741,GOOGL
2013-09-13,447.6972,448.2878,442.8624,444.9785,2649123,GOOGL
2013-09-16,448.5481,448.9485,442.8774,444.3239,2679542,GOOGL
2013-09-17,444.1487,444.6417,440.9405,443.4981,2516547,GOOGL
2013-09-18,443.6182,452.437,441.9766,452.1117,3866699,GOOGL
2013-09-19,453.448,453.448,448.1477,449.6442,3192527,GOOGL
2013-09-20,449.6442,452.5171,448.2578,452.0066,8683934,GOOGL
2013-09-23,448.5231,451.2458,443.0426,443.6932,3551333,GOOGL
2013-09-24,443.6932,445.495,441.1407,443.8634,2937129,GOOGL
2013-09-25,443.7183,443.7183,438.2378,439.0536,3299275,GOOGL
2013-09-26,439.5892,441.8164,437.9375,439.5241,2517297,GOOGL
2013-09-27,437.8474,439.1988,436.0907,438.6332,2515129,GOOGL
2013-09-30,434.9745,440.8604,434.5892,438.393,3443163,GOOGL
2013-10-01,440.5651,444.2788,440.465,443.9455,3366200,GOOGL
2013-10-02,441.8064,445.1222,439.3489,444.439,2987680,GOOGL
2013-10-03,444.444,447.4971,436.486,438.483,4232991,GOOGL
2013-10-04,437.9375,439.1937,435.435,436.6112,2713297,GOOGL
2013-10-07,434.1587,437.432,432.4871,433.3029,2585249,GOOGL
2013-10-08,433.0927,433.423,426.2408,427.2618,3894014,GOOGL
2013-10-09,428.5681,431.7563,421.9115,428.3579,5297349,GOOGL
2013-10-10,432.3519,434.8494,430.5351,434.5541,4513349,GOOGL
2013-10-11,433.448,437.1767,433.0827,436.431,2815009,GOOGL
2013-10-14,433.7633,438.5631,433.1277,438.4931,2484861,GOOGL
2013-10-15,438.3179,443.2578,437.437,441.446,3186368,GOOGL
2013-10-16,443.3779,449.6142,442.447,449.4635,4019552,GOOGL
2013-10-17,446.9415,448.8985,443.3079,444.8414,8504739,GOOGL
2013-10-18,488.7783,508.2378,487.487,506.2097,23145371,GOOGL
2013-10-21,506.2357,510.0095,500.2748,502.1517,7259073,GOOGL
2013-10-22,503.0025,507.0065,498.3934,504.0035,4418539,GOOGL
2013-10-23,501.0005,517.8923,500.8153,516.2192,5329842,GOOGL
2013-10-24,516.4509,520.8053,512.9124,513.2878,4182126,GOOGL
2013-10-25,514.9244,514.9244,505.8754,508.1076,4057618,GOOGL
2013-10-28,508.1076,512.2267,506.999,508.0075,2330470,GOOGL
2013-10-29,510.0596,518.9885,507.2568,518.6381,3213379,GOOGL
2013-10-30,519.2337,519.2738,513.513,515.7252,2651548,GOOGL
2013-10-31,514.9795,521.2827,512.497,515.8053,3276793,GOOGL
2013-11-01,516.4109,518.5179,513.0625,514.0335,2565311,GOOGL
2013-11-04,516.2658,516.7012,511.526,513.5661,2276094,GOOGL
2013-11-05,510.6852,516.3408,509.2187,511.2708,2360615,GOOGL
2013-11-06,513.3128,514.0135,508.1927,511.8864,1827421,GOOGL
2013-11-07,511.8163,512.477,504.3238,504.479,3356785,GOOGL
2013-11-08,504.8794,509.7593,504.7543,508.523,2586430,GOOGL
2013-11-11,505.2598,508.473,504.504,505.8003,2223333,GOOGL
2013-11-12,504.3539,509.2888,503.0025,506.3959,2435485,GOOGL
2013-11-13,503.8784,516.9414,503.7532,516.7512,3164843,GOOGL
2013-11-14,517.477,520.3949,515.6902,518.1326,2334603,GOOGL
2013-11-15,517.9524,519.519,515.6707,517.2968,2552991,GOOGL
2013-11-18,518.3929,524.8944,515.1358,516.2908,3516981,GOOGL
2013-11-19,516.3759,517.8924,512.0365,513.1146,2260977,GOOGL
2013-11-20,515.49,517.1967,510.6902,511.6662,1929141,GOOGL
2013-11-21,514.0135,519.6742,513.513,517.552,2182811,GOOGL
2013-11-22,517.2267,518.6031,515.1259,516.4609,2506114,GOOGL
2013-11-25,519.0986,527.1216,518.0288,523.488,3222795,GOOGL
2013-11-26,524.8243,531.2808,521.989,529.7342,4569794,GOOGL
2013-11-27,531.546,534.534,530.53,532.0866,2244873,GOOGL
2013-11-29,531.6111,533.8433,530.2547,530.3248,2383163,GOOGL
2013-12-02,532.2868,533.7082,525.9054,527.7672,2747720,GOOGL
2013-12-03,526.0005,532.2517,525.0345,527.1566,3352755,GOOGL
2013-12-04,526.2107,532.522,525.525,529.6191,2381896,GOOGL
2013-12-05,529.1286,530.3598,526.0705,529.1987,2267570,GOOGL
2013-12-06,535.4299,535.535,530.57,535.4699,2859610,GOOGL
2013-12-09,536.0305,541.6962,534.544,539.6091,2965241,GOOGL
2013-12-10,538.6131,546.7012,538.3628,542.8723,3708515,GOOGL
2013-12-11,544.2437,546.2057,538.1226,539.1836,3420250,GOOGL
2013-12-12,540.3248,542.0115,535.0345,535.515,3189806,GOOGL
2013-12-13,538.2377,538.6831,529.4714,530.9254,4325193,GOOGL
2013-12-16,532.532,537.8823,531.536,537.0265,3209141,GOOGL
2013-12-17,536.9464,540.9204,534.7242,535.4649,3076757,GOOGL
2013-12-18,536.4609,543.0175,530.0495,542.9174,4420671,GOOGL
2013-12-19,540.9241,546.541,540.0795,543.6531,3328683,GOOGL
2013-12-20,544.6942,551.1356,544.544,550.8603,6528306,GOOGL
2013-12-23,554.4739,558.4578,553.1126,558.1075,3443417,GOOGL
2013-12-24,558.0425,558.1776,554.6041,556.4759,1466873,GOOGL
2013-12-26,557.562,560.0595,554.8993,559.2887,2674340,GOOGL
2013-12-27,560.56,560.7001,557.0265,559.7592,3137143,GOOGL
2013-12-30,560.7302,560.8102,555.0645,555.2847,2470947,GOOGL
2013-12-31,556.6761,561.0605,553.6831,560.9154,2713886,GOOGL
2014-01-02,558.2877,559.4339,554.6842,557.1166,3641796,GOOGL
2014-01-03,558.0575,559.0235,553.0175,553.0525,3335123,GOOGL
2014-01-06,557.0615,559.9894,553.7732,559.2187,3538026,GOOGL
2014-01-07,563.0625,570.4148,561.1406,569.9982,5102895,GOOGL
2014-01-08,573.573,574.2337,567.2116,571.1856,4482406,GOOGL
2014-01-09,572.2917,572.6821,563.3428,565.6851,4166963,GOOGL
2014-01-10,570.1095,570.1095,561.6861,565.6551,4286833,GOOGL
2014-01-13,563.7982,574.0284,559.1436,562.0515,4846384,GOOGL
2014-01-14,569.544,576.0755,564.609,575.2747,4964064,GOOGL
2014-01-15,577.0715,578.0775,572.4669,574.8843,3898126,GOOGL
2014-01-16,575.1245,579.5435,574.574,578.6881,3368030,GOOGL
2014-01-17,579.0034,580.8953,572.6721,575.8403,5526753,GOOGL
2014-01-21,581.0455,582.582,576.2256,582.4319,3958240,GOOGL
2014-01-22,583.8883,584.5289,580.0094,583.0925,3144547,GOOGL
2014-01-23,580.58,581.8262,577.7622,580.63,3899387,GOOGL
2014-01-24,576.0805,577.3493,562.0615,562.4769,7844849,GOOGL
2014-01-27,563.6131,563.8133,541.6761,551.1656,8717239,GOOGL
2014-01-28,555.7152,563.4374,555.525,562.0665,4431015,GOOGL
2014-01-29,560.1196,561.4359,550.2597,554.0135,4818464,GOOGL
2014-01-30,573.0725,576.8212,564.1886,568.2647,10271942,GOOGL
2014-01-31,586.2607,593.8633,576.1406,591.0755,11128460,GOOGL
2014-02-03,590.1896,591.4519,566.5685,567.2817,9142062,GOOGL
2014-02-04,569.564,578.0775,569.0735,569.6491,5625848,GOOGL
2014-02-05,572.2617,575.9604,564.574,572.1716,4796442,GOOGL
2014-02-06,576.1406,580.6601,574.3488,580.56,3892615,GOOGL
2014-02-07,584.3988,589.5389,580.8608,589.3087,5369247,GOOGL
2014-02-10,586.4859,591.7912,585.0945,587.0515,3887391,GOOGL
2014-02-11,590.6751,596.529,586.6911,595.6851,4101524,GOOGL
2014-02-12,595.0945,595.595,591.2807,593.9383,3447898,GOOGL
2014-02-13,590.9654,600.5499,590.4198,600.5499,3670172,GOOGL
2014-02-14,598.4028,602.7972,596.9964,602.0014,4384276,GOOGL
2014-02-18,601.3057,607.0414,600.6,606.0454,4217243,GOOGL
2014-02-19,603.2527,605.2146,599.3498,601.7712,4207187,GOOGL
2014-02-20,602.1716,604.0459,600.7101,602.6571,3400388,GOOGL
2014-02-21,604.5089,605.5399,602.0189,602.4969,3722587,GOOGL
2014-02-24,603.2827,610.6901,603.1526,606.8613,3347574,GOOGL
2014-02-25,608.578,612.8623,605.8169,610.61,2885475,GOOGL
2014-02-26,612.612,615.0544,607.4869,610.6951,3963644,GOOGL
2014-02-27,609.8042,612.7296,609.114,610.2146,2519069,GOOGL
2014-02-28,610.7802,612.7071,603.7131,608.4328,4624567,GOOGL
2014-03-03,603.9784,604.5239,596.6661,601.9463,4204777,GOOGL
2014-03-04,608.1075,608.608,605.3547,608.0625,2939123,GOOGL
2014-03-05,608.1325,612.1515,606.3087,609.7391,2469910,GOOGL
2014-03-06,611.7511,613.6856,609.9093,610.4148,2536645,GOOGL
2014-03-07,614.0134,614.1061,606.3247,608.0024,3027992,GOOGL
2014-03-10,608.4528,609.4263,602.6471,606.3908,2428458,GOOGL
2014-03-11,607.4919,607.7671,598.9183,600.595,3427419,GOOGL
2014-03-12,598.7982,604.5289,592.6871,604.2536,3929924,GOOGL
2014-03-13,604.579,605.8552,592.9724,595.1245,4686593,GOOGL
2014-03-14,591.586,596.0304,586.8513,586.9864,4598973,GOOGL
2014-03-17,590.2146,599.1335,589.6441,596.646,4328765,GOOGL
2014-03-18,597.9323,606.3708,597.1265,606.2356,3639572,GOOGL
2014-03-19,606.5059,606.601,597.8022,600.2246,3222579,GOOGL
2014-03-20,600.575,605.4098,598.2777,599.1786,3366583,GOOGL
2014-03-21,603.7582,605.4198,591.8162,592.1115,6414897,GOOGL
2014-03-24,592.6871,593.0425,573.548,579.544,6072230,GOOGL
2014-03-25,583.583,585.5049,574.0735,579.9394,4821269,GOOGL
2014-03-26,581.586,586.3708,566.3157,566.551,5154891,GOOGL
2014-03-27,565.9904,566.536,551.601,557.6971,7645706,GOOGL
2014-03-28,560.0595,567.1616,559.4439,560.6351,4513323,GOOGL
2014-03-31,565.7652,568.0675,556.9814,557.8123,3880673,GOOGL
2014-04-01,560.6951,569.3188,559.559,568.0124,4360891,GOOGL
2014-04-02,571.5209,572.9724,562.5621,568.1176,4167353,GOOGL
2014-04-03,573.39,588.3,566.01,571.5,4019626,GOOGL
2014-04-04,578.55,579.7173,544.494,545.25,5366972,GOOGL
2014-04-07,544.79,549.85,530.53,540.63,3961552,GOOGL
2014-04-08,545.05,559.88,544.7,557.51,3488768,GOOGL
2014-04-09,565.84,567.8,555.38,567.04,3033589,GOOGL
2014-04-10,568.0,568.21,545.5,546.69,3296996,GOOGL
2014-04-11,537.94,547.59,533.4,537.76,3175460,GOOGL
2014-04-14,543.66,553.02,540.52,545.2,2541398,GOOGL
2014-04-15,551.0,552.89,530.64,548.7,3999843,GOOGL
2014-04-16,557.7,564.0,553.1,563.9,4588541,GOOGL
2014-04-17,556.32,557.0,539.4,543.34,5616862,GOOGL
2014-04-21,544.0,544.0,534.0,539.37,2425207,GOOGL
2014-04-22,536.0,547.995,536.0,545.5,2331121,GOOGL
2014-04-23,543.67,544.8,528.1277,537.51,1959330,GOOGL
2014-04-24,541.69,542.5,531.0,534.44,2069559,GOOGL
2014-04-25,532.26,533.86,522.5,523.1,2372604,GOOGL
2014-04-28,525.8,525.9,511.0,522.98,3752779,GOOGL
2014-04-29,523.89,537.76,523.0,536.33,2535967,GOOGL
2014-04-30,535.12,536.34,529.09,534.88,2038658,GOOGL
2014-05-01,534.25,539.91,532.86,538.53,2004375,GOOGL
2014-05-02,541.44,542.4,533.27,533.87,1781595,GOOGL
2014-05-05,530.24,535.72,527.58,535.33,1228797,GOOGL
2014-05-06,533.41,534.548,522.2601,522.57,1835318,GOOGL
2014-05-07,523.25,524.43,511.09,518.0,3074346,GOOGL
2014-05-08,515.72,527.35,514.46,520.17,2452197,GOOGL
2014-05-09,518.65,527.35,514.28,526.62,2261447,GOOGL
2014-05-12,531.84,538.75,527.51,538.43,1949291,GOOGL
2014-05-13,539.58,543.99,537.9,541.54,2011963,GOOGL
2014-05-14,541.82,541.82,533.11,534.41,1281148,GOOGL
2014-05-15,533.14,533.9999,525.31,529.12,1833044,GOOGL
2014-05-16,529.6,530.84,523.57,528.3,1907733,GOOGL
2014-05-19,528.88,539.35,525.66,538.83,1977885,GOOGL
2014-05-20,540.0,546.35,536.57,540.39,2425292,GOOGL
2014-05-21,542.9,549.75,542.11,549.7,1564854,GOOGL
2014-05-22,552.2,557.96,551.0,555.45,2149757,GOOGL
2014-05-23,558.13,565.0,554.17,563.8,2672674,GOOGL
2014-05-27,567.78,574.87,564.15,574.87,2191828,GOOGL
2014-05-28,574.57,577.66,569.952,570.45,1581576,GOOGL
2014-05-29,573.39,573.48,568.4525,570.56,1411296,GOOGL
2014-05-30,571.64,572.58,565.79,571.65,1871737,GOOGL
2014-06-02,569.75,570.41,556.7,564.34,1663640,GOOGL
2014-06-03,560.9,562.4,552.5275,554.51,2031647,GOOGL
2014-06-04,551.52,558.58,548.56,553.76,1729192,GOOGL
2014-06-05,557.11,565.0,555.05,564.93,1796370,GOOGL
2014-06-06,568.16,568.7999,559.58,566.03,1740934,GOOGL
2014-06-09,566.75,572.0,565.22,570.73,1529959,GOOGL
2014-06-10,568.78,572.0,566.13,568.3,1485115,GOOGL
2014-06-11,565.92,568.97,563.68,567.5,1129173,GOOGL
2014-06-12,567.0,567.0,557.15,559.5,1549487,GOOGL
2014-06-13,560.08,560.65,553.72,560.35,1353343,GOOGL
2014-06-16,557.25,557.99,550.0,552.3,1971842,GOOGL
2014-06-17,552.36,553.74,547.47,550.615,1481669,GOOGL
2014-06-18,552.8,561.4,551.58,560.66,2060681,GOOGL
2014-06-19,561.15,565.0,556.6679,564.99,2630539,GOOGL
2014-06-20,566.45,566.77,559.37,566.52,3162147,GOOGL
2014-06-23,564.35,574.44,563.5,574.29,1724098,GOOGL
2014-06-24,574.22,582.25,569.16,572.54,2844325,GOOGL
2014-06-25,573.55,587.3,573.26,585.93,2114743,GOOGL
2014-06-26,589.3,589.6,579.6,584.77,2012360,GOOGL
2014-06-27,585.45,587.88,582.62,585.69,2022118,GOOGL
2014-06-30,586.76,587.71,583.29,584.67,1479411,GOOGL
2014-07-01,587.65,593.66,586.29,591.49,1644628,GOOGL
2014-07-02,592.26,594.15,589.11,590.78,1197005,GOOGL
2014-07-03,591.7,594.25,589.0,593.08,898852,GOOGL
2014-07-07,593.51,595.645,587.94,590.76,1337088,GOOGL
2014-07-08,586.365,587.97,574.0,578.4,2129924,GOOGL
2014-07-09,578.95,584.1,577.0,583.36,1373056,GOOGL
2014-07-10,573.0,585.25,572.1001,580.04,1436326,GOOGL
2014-07-11,581.0,588.23,580.575,586.65,1514265,GOOGL
2014-07-14,590.6,594.86,586.693,594.26,1954612,GOOGL
2014-07-15,595.15,595.2999,585.31,593.06,1673979,GOOGL
2014-07-16,596.89,597.0,590.25,590.62,1442211,GOOGL
2014-07-17,588.97,589.5,576.85,580.82,2941648,GOOGL
2014-07-18,603.01,606.7,590.92,605.11,4874260,GOOGL
2014-07-21,601.35,604.16,594.45,598.44,2240111,GOOGL
2014-07-22,599.7,608.89,599.2576,603.57,1881665,GOOGL
2014-07-23,602.05,607.05,601.35,605.19,1106136,GOOGL
2014-07-24,605.53,608.91,601.0,603.01,1355974,GOOGL
2014-07-25,599.25,601.0,595.75,598.08,1361911,GOOGL
2014-07-28,597.75,601.098,592.59,599.02,1358071,GOOGL
2014-07-29,597.7,598.49,592.17,593.95,1366729,GOOGL
2014-07-30,595.81,598.45,592.7,595.44,1215576,GOOGL
2014-07-31,588.96,591.9899,577.68,579.55,2310471,GOOGL
2014-08-01,578.555,583.43,570.3,573.6,2213790,GOOGL
2014-08-04,576.51,583.82,572.26,582.27,1524818,GOOGL
2014-08-05,579.38,580.2,570.31,573.14,1651342,GOOGL
2014-08-06,569.5,578.644,567.45,574.49,1322878,GOOGL
2014-08-07,576.05,578.31,569.43,571.81,1163027,GOOGL
2014-08-08,572.02,579.5639,569.02,577.94,1495022,GOOGL
2014-08-11,579.0,579.69,575.298,577.25,1203357,GOOGL
2014-08-12,575.0,575.9,569.91,572.12,1394939,GOOGL
2014-08-13,576.45,586.125,575.2,584.56,1898206,GOOGL
2014-08-14,586.69,587.8,580.92,584.65,1272879,GOOGL
2014-08-15,587.5,589.47,580.76,583.71,1725358,GOOGL
2014-08-18,587.1,595.05,586.55,592.7,1470756,GOOGL
2014-08-19,595.59,597.81,594.44,597.11,1045258,GOOGL
2014-08-20,596.95,596.99,593.001,595.41,968617,GOOGL
2014-08-21,594.9,595.25,591.101,592.42,1133593,GOOGL
2014-08-22,593.27,594.99,589.8,592.54,877464,GOOGL
2014-08-25,594.77,595.58,589.26,590.57,1298049,GOOGL
2014-08-26,592.0,592.05,587.45,588.12,1471953,GOOGL
2014-08-27,587.81,589.37,580.9,583.0,1368766,GOOGL
2014-08-28,580.02,584.71,577.88,580.32,1405950,GOOGL
2014-08-29,582.35,582.8999,578.24,582.36,1206884,GOOGL
2014-09-02,582.95,589.3,582.4,588.63,1585277,GOOGL
2014-09-03,591.73,594.49,586.5,589.52,1579779,GOOGL
2014-09-04,592.13,598.0,590.6,593.14,1634585,GOOGL
2014-09-05,595.13,598.5,593.55,597.78,1799855,GOOGL
2014-09-08,599.14,603.52,598.0231,601.63,1601244,GOOGL
2014-09-09,600.27,600.6,590.48,591.97,1574573,GOOGL
2014-09-10,591.74,593.72,587.14,593.42,1160291,GOOGL
2014-09-11,590.0,591.945,586.04,591.11,1501451,GOOGL
2014-09-12,590.39,591.48,583.28,584.9,1852271,GOOGL
2014-09-15,582.24,583.92,577.01,581.64,1550110,GOOGL
2014-09-16,580.95,590.15,580.95,588.78,1581589,GOOGL
2014-09-17,589.51,596.07,587.12,593.29,1720921,GOOGL
2014-09-18,595.05,597.56,593.02,597.27,1494467,GOOGL
2014-09-19,599.49,605.4,597.76,605.4,4194630,GOOGL
2014-09-22,602.5,603.8,593.12,597.27,1785101,GOOGL
2014-09-23,595.0,596.65,590.24,591.18,1405078,GOOGL
2014-09-24,591.57,600.11,590.3,598.42,1760953,GOOGL
2014-09-25,596.99,598.07,584.74,585.25,1676485,GOOGL
2014-09-26,585.93,589.5739,585.0,587.9,1289090,GOOGL
2014-09-29,581.83,589.31,581.57,587.81,1144982,GOOGL
2014-09-30,587.49,591.0,584.5,588.41,1571688,GOOGL
2014-10-01,586.8,588.72,578.02,579.63,1449686,GOOGL
2014-10-02,578.0,583.24,574.05,580.88,1536935,GOOGL
2014-10-03,584.1,588.29,583.5,586.25,1214593,GOOGL
2014-10-06,589.95,592.4,585.4,587.78,1286130,GOOGL
2014-10-07,584.9,585.85,574.1,574.1,1546228,GOOGL
2014-10-08,574.79,584.69,567.64,583.74,2210360,GOOGL
2014-10-09,581.61,582.53,569.03,570.81,2413453,GOOGL
2014-10-10,567.47,575.23,555.01,555.19,2979673,GOOGL
2014-10-13,555.13,560.875,544.43,544.75,2756508,GOOGL
2014-10-14,550.14,558.63,544.5,548.69,2610033,GOOGL
2014-10-15,542.08,543.915,528.422,540.73,3836222,GOOGL
2014-10-16,527.0,540.99,524.95,536.92,3805046,GOOGL
2014-10-17,540.45,543.45,518.41,522.97,5998740,GOOGL
2014-10-20,520.45,533.16,519.14,532.38,2749830,GOOGL
2014-10-21,537.27,538.77,530.2,538.03,2460140,GOOGL
2014-10-22,541.05,550.76,540.23,542.69,2974550,GOOGL
2014-10-23,548.28,557.4,545.5,553.65,2153678,GOOGL
2014-10-24,554.98,555.0,545.16,548.9,2175767,GOOGL
2014-10-27,547.76,554.0,547.2,549.88,1598409,GOOGL
2014-10-28,551.71,559.2,550.43,558.94,1739666,GOOGL
2014-10-29,560.85,564.97,555.98,558.45,2053355,GOOGL
2014-10-30,558.25,562.5,552.13,560.27,1612469,GOOGL
2014-10-31,568.3,568.73,564.81,567.87,2341539,GOOGL
2014-11-03,563.53,567.15,561.63,563.77,1544338,GOOGL
2014-11-04,561.16,564.79,558.3,564.19,1386509,GOOGL
2014-11-05,566.79,566.9,554.15,555.95,1645264,GOOGL
2014-11-06,555.5,556.799,550.58,551.69,1650721,GOOGL
2014-11-07,555.6,555.6,549.35,551.82,1589131,GOOGL
2014-11-10,552.4,560.63,551.62,558.23,1304481,GOOGL
2014-11-11,558.52,562.5,556.2419,561.29,1100179,GOOGL
2014-11-12,561.15,561.25,555.5,558.25,1094114,GOOGL
2014-11-13,560.81,560.8199,554.09,556.44,1510989,GOOGL
2014-11-14,558.0,558.0,552.51,555.19,1425060,GOOGL
2014-11-17,555.19,555.19,544.44,546.64,1680621,GOOGL
2014-11-18,547.93,552.79,543.8,544.51,1822166,GOOGL
2014-11-19,544.75,548.22,539.19,547.2,1517286,GOOGL
2014-11-20,542.09,545.38,541.5,543.76,1750758,GOOGL
2014-11-21,551.04,551.04,545.0,545.89,2505988,GOOGL
2014-11-24,546.57,551.19,544.15,547.48,1653773,GOOGL
2014-11-25,547.21,552.5,546.91,549.23,1903589,GOOGL
2014-11-26,549.23,549.88,545.23,547.73,1480294,GOOGL
2014-11-28,547.0,549.6,544.4801,549.08,1210061,GOOGL
2014-12-01,545.09,548.79,538.62,539.65,1994399,GOOGL
2014-12-02,539.45,541.85,534.657,538.59,2073974,GOOGL
2014-12-03,537.5,541.405,535.21,536.97,1623977,GOOGL
2014-12-04,537.64,542.69,534.89,542.58,1633688,GOOGL
2014-12-05,536.7,538.2,527.26,528.08,3070118,GOOGL
2014-12-08,529.22,533.815,527.0,530.73,3231818,GOOGL
2014-12-09,525.875,536.65,523.41,536.11,2168813,GOOGL
2014-12-10,535.9,539.36,527.49,528.04,2316204,GOOGL
2014-12-11,530.01,537.04,529.16,532.11,2073290,GOOGL
2014-12-12,527.44,532.24,521.46,521.51,2371543,GOOGL
2014-12-15,523.76,525.37,515.397,515.84,2621977,GOOGL
2014-12-16,513.6,515.58,497.19,498.16,4349882,GOOGL
2014-12-17,499.86,509.07,499.11,506.45,3639437,GOOGL
2014-12-18,515.99,516.25,506.56,514.62,3876732,GOOGL
2014-12-19,516.99,520.81,508.86,520.04,4872059,GOOGL
2014-12-22,520.61,532.97,520.59,532.3,3319461,GOOGL
2014-12-23,534.51,542.3,533.72,538.77,2877222,GOOGL
2014-12-24,538.82,540.29,535.1,536.93,737848,GOOGL
2014-12-26,536.93,543.25,535.49,541.52,1113464,GOOGL
2014-12-29,540.5,543.93,537.16,537.31,2218632,GOOGL
2014-12-30,534.96,537.84,533.61,535.28,1048631,GOOGL
2014-12-31,537.74,538.4,530.2,530.66,1236445,GOOGL
2015-01-02,532.6,535.8,527.88,529.55,1327870,GOOGL
2015-01-05,527.15,527.9899,517.75,519.46,2059119,GOOGL
2015-01-06,520.5,521.21,505.55,506.64,2731813,GOOGL
2015-01-07,510.95,511.49,503.65,505.15,2345875,GOOGL
2015-01-08,501.51,507.5,495.02,506.91,3662224,GOOGL
2015-01-09,508.18,508.6,498.65,500.72,2100024,GOOGL
2015-01-12,499.24,500.28,490.91,497.06,2856938,GOOGL
2015-01-13,502.57,508.6,497.26,501.8,3050295,GOOGL
2015-01-14,500.42,508.26,498.16,505.93,2639959,GOOGL
2015-01-15,508.89,509.75,502.01,504.01,2556682,GOOGL
2015-01-16,503.15,510.85,503.09,510.455,2482858,GOOGL
2015-01-20,512.77,515.61,509.37,509.94,2343612,GOOGL
2015-01-21,510.84,521.851,509.59,520.39,2317789,GOOGL
2015-01-22,523.0,538.84,521.91,537.3,2803401,GOOGL
2015-01-23,538.03,545.41,535.7508,541.95,2298290,GOOGL
2015-01-26,541.5,541.5,532.07,536.72,1546563,GOOGL
2015-01-27,531.4,532.78,520.8612,521.19,1957440,GOOGL
2015-01-28,525.0,525.69,512.35,512.43,1791077,GOOGL
2015-01-29,512.9,515.19,503.48,513.23,3950857,GOOGL
2015-01-30,519.0,543.1,518.18,537.55,6055445,GOOGL
2015-02-02,534.32,536.5,521.72,532.2,3768861,GOOGL
2015-02-03,529.94,537.45,526.81,533.3,2353096,GOOGL
2015-02-04,533.14,536.746,525.03,526.1,1694832,GOOGL
2015-02-05,527.93,530.69,525.64,529.83,1658751,GOOGL
2015-02-06,531.01,540.215,528.65,533.875,2146922,GOOGL
2015-02-09,531.06,533.88,527.55,529.28,1515687,GOOGL
2015-02-10,532.15,541.0,529.1725,540.16,2371468,GOOGL
2015-02-11,539.73,541.95,536.0,538.0,1915336,GOOGL
2015-02-12,539.66,548.34,537.0,546.01,2429520,GOOGL
2015-02-13,547.51,552.54,546.6,551.16,2369115,GOOGL
2015-02-17,551.16,553.0,543.26,545.01,1958679,GOOGL
2015-02-18,543.82,547.55,539.55,542.65,1558153,GOOGL
2015-02-19,542.47,546.86,540.75,546.45,1541669,GOOGL
2015-02-20,547.58,547.58,538.1,541.8,1911732,GOOGL
2015-02-23,539.0,539.3,532.0,535.0,1645276,GOOGL
2015-02-24,531.55,539.4,531.0,538.65,1421373,GOOGL
2015-02-25,538.44,549.57,538.01,547.33,2041827,GOOGL
2015-02-26,545.74,560.1299,545.09,559.29,2701584,GOOGL
2015-02-27,558.15,569.42,557.03,562.63,3416445,GOOGL
2015-03-02,567.0,575.99,563.15,575.02,2520304,GOOGL
2015-03-03,576.35,580.85,570.5,578.795,2526280,GOOGL
2015-03-04,576.97,581.63,572.52,578.33,1898150,GOOGL
2015-03-05,579.62,583.2,578.23,581.435,1795889,GOOGL
2015-03-06,582.0,582.78,572.06,572.9,1879619,GOOGL
2015-03-09,570.92,575.45,569.05,574.1,1174244,GOOGL
2015-03-10,568.475,569.762,559.82,559.85,2004024,GOOGL
2015-03-11,559.8,564.18,555.41,555.69,2026158,GOOGL
2015-03-12,558.48,561.84,555.53,561.17,1780057,GOOGL
2015-03-13,559.23,564.36,550.33,553.0,1771354,GOOGL
2015-03-16,556.93,563.75,551.32,561.64,1842754,GOOGL
2015-03-17,558.29,560.64,554.41,557.61,1444560,GOOGL
2015-03-18,557.73,566.51,553.5,566.16,1766221,GOOGL
2015-03-19,564.52,566.96,562.12,563.67,1232969,GOOGL
2015-03-20,566.71,567.1,564.48,564.95,2216038,GOOGL
2015-03-23,566.0,569.6399,563.06,565.37,1511686,GOOGL
2015-03-24,568.54,581.88,568.09,577.54,3957844,GOOGL
2015-03-25,577.57,580.07,567.0,567.0,2653451,GOOGL
2015-03-26,564.65,567.19,558.31,563.64,2492141,GOOGL
2015-03-27,561.83,564.066,556.93,557.55,1727629,GOOGL
2015-03-30,560.25,562.16,556.79,561.135,1239350,GOOGL
2015-03-31,557.94,562.45,554.67,554.7,1746622,GOOGL
2015-04-01,554.83,558.5,546.03,549.49,1945090,GOOGL
2015-04-02,547.41,548.0,540.44,541.31,2388019,GOOGL
2015-04-06,538.84,545.54,535.7,543.95,1685894,GOOGL
2015-04-07,544.99,550.16,543.585,544.86,1365916,GOOGL
2015-04-08,546.0,551.5,546.0,548.84,1419316,GOOGL
2015-04-09,549.21,549.37,541.951,548.02,1618299,GOOGL
2015-04-10,549.57,549.85,544.98,548.54,1305219,GOOGL
2015-04-13,547.05,553.27,546.3,548.64,1466277,GOOGL
2015-04-14,546.57,546.57,535.74,539.78,2360329,GOOGL
2015-04-15,537.96,543.19,532.37,541.04,2348087,GOOGL
2015-04-16,538.35,545.229,538.1,543.52,1586088,GOOGL
2015-04-17,537.31,539.8,529.0,532.74,2461698,GOOGL
2015-04-20,533.75,545.8,533.35,544.53,1926064,GOOGL
2015-04-21,546.31,547.7745,542.21,542.925,1456387,GOOGL
2015-04-22,543.06,551.0,541.32,549.18,1590320,GOOGL
2015-04-23,550.41,561.17,550.08,557.46,3909155,GOOGL
2015-04-24,580.05,584.7,568.35,573.66,4608403,GOOGL
2015-04-27,572.77,575.52,562.3,566.12,2403105,GOOGL
2015-04-28,564.32,567.83,560.96,564.37,1859787,GOOGL
2015-04-29,560.51,565.84,559.0,561.39,1681064,GOOGL
2015-04-30,558.56,561.11,546.72,548.77,2362024,GOOGL
2015-05-01,550.51,551.22,543.85,551.16,1828566,GOOGL
2015-05-04,550.99,556.69,547.39,552.84,1762952,GOOGL
2015-05-05,550.16,552.61,542.37,543.045,1426417,GOOGL
2015-05-06,542.64,543.93,532.235,535.08,1951728,GOOGL
2015-05-07,535.9,545.2,533.45,542.04,1592220,GOOGL
2015-05-08,548.87,552.8,548.03,548.95,1411264,GOOGL
2015-05-11,548.49,553.3699,545.6,545.78,1092923,GOOGL
2015-05-12,542.81,542.961,535.0,538.73,1764123,GOOGL
2015-05-13,540.47,543.84,538.98,539.49,1211920,GOOGL
2015-05-14,543.97,549.69,542.5,549.2,1586833,GOOGL
2015-05-15,550.39,550.6,542.5,546.49,1671977,GOOGL
2015-05-18,543.82,548.34,542.25,546.67,1335256,GOOGL
2015-05-19,548.0,553.4,547.12,549.28,2356274,GOOGL
2015-05-20,550.92,556.065,545.1,552.51,1541962,GOOGL
2015-05-21,550.2,557.61,549.301,556.81,1708512,GOOGL
2015-05-22,554.46,558.24,553.62,554.52,1213288,GOOGL
2015-05-26,552.58,553.3305,542.97,547.19,1873709,GOOGL
2015-05-27,548.68,555.29,546.5813,554.25,1742237,GOOGL
2015-05-28,553.79,555.76,550.8,554.18,1177318,GOOGL
2015-05-29,553.2,553.94,545.04,545.32,2172282,GOOGL
2015-06-01,548.73,550.57,543.58,549.21,1660500,GOOGL
2015-06-02,547.43,558.79,546.55,553.95,1592828,GOOGL
2015-06-03,555.1,557.99,552.15,555.29,1335479,GOOGL
2015-06-04,552.18,555.96,549.12,551.69,1343317,GOOGL
2015-06-05,552.0,553.33,547.384,549.53,1219841,GOOGL
2015-06-08,549.61,549.87,542.95,543.48,1366816,GOOGL
2015-06-09,543.42,544.84,538.8506,542.16,1500846,GOOGL
2015-06-10,545.7,554.78,545.11,552.6,1515805,GOOGL
2015-06-11,554.49,554.83,549.17,550.04,1293560,GOOGL
2015-06-12,547.15,548.85,545.63,547.47,1273383,GOOGL
2015-06-15,542.73,544.05,539.21,543.0,1357481,GOOGL
2015-06-16,544.48,546.69,541.5724,544.87,1626349,GOOGL
2015-06-17,545.42,548.36,541.81,546.6,1222049,GOOGL
2015-06-18,548.0,557.25,548.0,556.18,2059603,GOOGL
2015-06-19,556.52,557.91,552.258,557.52,2964489,GOOGL
2015-06-22,559.41,565.61,558.91,559.68,1737569,GOOGL
2015-06-23,559.79,564.9,557.15,563.39,1569808,GOOGL
2015-06-24,562.48,562.64,556.81,558.57,1446156,GOOGL
2015-06-25,560.3,563.14,557.455,557.95,1335270,GOOGL
2015-06-26,559.71,560.0,551.85,553.06,2183753,GOOGL
2015-06-29,546.75,550.9,540.24,541.25,1887816,GOOGL
2015-06-30,545.09,545.9,539.54,540.04,1725464,GOOGL
2015-07-01,543.66,545.81,539.76,543.3,1537973,GOOGL
2015-07-02,544.74,548.0,543.57,547.34,1406213,GOOGL
2015-07-06,542.25,548.58,542.095,545.62,1280687,GOOGL
2015-07-07,547.43,551.0,539.85,550.03,1679759,GOOGL
2015-07-08,545.6,548.28,541.2,541.7,1383065,GOOGL
2015-07-09,548.65,548.88,544.62,544.65,1488324,GOOGL
2015-07-10,553.71,559.29,552.0,556.11,2171750,GOOGL
2015-07-13,559.51,572.85,558.7,571.73,2089641,GOOGL
2015-07-14,574.5,589.7087,574.17,584.18,3741583,GOOGL
2015-07-15,583.74,588.69,580.21,583.96,2073330,GOOGL
2015-07-16,589.5,604.5,587.92,601.78,5632054,GOOGL
2015-07-17,680.0,703.0,678.0,699.62,12858136,GOOGL
2015-07-20,688.98,697.8,681.77,692.84,5121752,GOOGL
2015-07-21,684.88,705.6,684.15,695.35,3780230,GOOGL
2015-07-22,694.02,713.33,691.62,695.1,4154987,GOOGL
2015-07-23,691.85,696.07,671.59,674.73,3811598,GOOGL
2015-07-24,676.77,677.79,653.18,654.77,4131137,GOOGL
2015-07-27,651.57,667.07,651.55,658.27,2919110,GOOGL
2015-07-28,661.76,664.1,653.41,659.66,1718193,GOOGL
2015-07-29,662.26,663.33,652.84,661.43,1837805,GOOGL
2015-07-30,657.44,668.05,651.69,664.56,1980345,GOOGL
2015-07-31,664.7,664.9999,657.2,657.5,1746094,GOOGL
2015-08-03,657.66,666.67,657.66,664.72,1567407,GOOGL
2015-08-04,664.34,668.0,660.51,661.28,1309410,GOOGL
2015-08-05,665.75,679.91,665.5827,673.29,1822387,GOOGL
2015-08-06,673.99,674.75,660.73,670.15,2032984,GOOGL
2015-08-07,667.78,668.795,658.87,664.39,1377152,GOOGL
2015-08-10,667.09,671.62,660.23,663.14,1722915,GOOGL
2015-08-11,699.58,704.0,684.32,690.3,5494011,GOOGL
2015-08-12,694.49,696.0,680.51,691.47,2932328,GOOGL
2015-08-13,689.2,694.03,682.18,686.51,1817748,GOOGL
2015-08-14,684.04,692.26,682.9,689.37,1379855,GOOGL
2015-08-17,688.04,694.74,683.06,694.11,1233951,GOOGL
2015-08-18,691.07,695.7568,685.32,688.73,1385544,GOOGL
2015-08-19,690.11,700.2,686.8,694.04,2509697,GOOGL
2015-08-20,689.1,696.16,675.2801,679.48,2889877,GOOGL
2015-08-21,671.04,672.89,643.104,644.03,4593970,GOOGL
2015-08-24,600.6,644.33,593.09,618.11,6489430,GOOGL
2015-08-25,646.4675,647.0,611.67,612.47,3571469,GOOGL
2015-08-26,643.1,662.48,630.37,659.74,4386985,GOOGL
2015-08-27,672.0,673.9799,651.1,667.96,2948736,GOOGL
2015-08-28,665.11,667.0,653.75,659.69,1941833,GOOGL
2015-08-31,656.26,664.41,646.35,647.82,1946844,GOOGL
2015-09-01,633.66,644.44,625.06,629.56,2572884,GOOGL
2015-09-02,638.64,645.057,630.64,644.91,1881489,GOOGL
2015-09-03,647.93,651.25,633.8073,637.05,1728562,GOOGL
2015-09-04,629.7,634.5,626.5,628.96,2024990,GOOGL
2015-09-08,641.0,645.04,632.9,643.88,1954648,GOOGL
2015-09-09,651.88,657.36,640.9,643.41,2048908,GOOGL
2015-09-10,643.9,654.9,641.7,651.08,1392481,GOOGL
2015-09-11,650.21,655.31,647.41,655.3,1744615,GOOGL
2015-09-14,655.63,655.92,649.501,652.47,1497627,GOOGL
2015-09-15,656.71,668.85,653.34,665.07,1777320,GOOGL
2015-09-16,665.55,668.0699,662.2,665.52,1312598,GOOGL
2015-09-17,667.49,681.99,665.0,671.67,2387605,GOOGL
2015-09-18,665.06,669.84,660.03,660.92,3627210,GOOGL
2015-09-21,665.51,669.0,658.0,666.98,1954667,GOOGL
2015-09-22,657.47,658.82,645.03,653.2,2718081,GOOGL
2015-09-23,652.9,660.28,650.7301,653.29,1457995,GOOGL
2015-09-24,648.97,656.7699,642.165,654.91,1934639,GOOGL
2015-09-25,658.58,658.58,639.655,640.15,2423992,GOOGL
2015-09-28,639.05,642.85,617.84,624.25,2382300,GOOGL
2015-09-29,625.5,634.68,618.03,622.61,2106466,GOOGL
2015-09-30,631.83,639.31,629.15,638.37,2647655,GOOGL
2015-10-01,637.94,643.84,631.115,642.0,2125315,GOOGL
2015-10-02,638.01,658.2555,633.5,656.99,2439435,GOOGL
2015-10-05,661.6,673.0275,655.87,671.68,1898012,GOOGL
2015-10-06,669.35,678.8,663.0823,671.64,2157409,GOOGL
2015-10-07,677.4,678.74,658.11,670.0,2217672,GOOGL
2015-10-08,669.45,671.89,654.49,667.0,1965397,GOOGL
2015-10-09,667.49,674.085,662.36,671.24,1606178,GOOGL
2015-10-12,669.19,677.98,667.24,676.43,1334225,GOOGL
2015-10-13,674.26,688.46,673.108,683.17,2122338,GOOGL
2015-10-14,683.73,690.04,678.9,680.41,1564582,GOOGL
2015-10-15,685.25,694.16,684.39,693.02,2357829,GOOGL
2015-10-16,695.4,696.22,689.1,695.32,1815759,GOOGL
2015-10-19,694.0,700.2397,692.21,699.95,1508585,GOOGL
2015-10-20,697.89,698.0,673.68,680.0,2621719,GOOGL
2015-10-21,683.21,684.9,670.7,671.8,1608436,GOOGL
2015-10-22,675.44,688.0499,671.7,681.14,4431595,GOOGL
2015-10-23,750.06,752.5,717.94,719.33,6336319,GOOGL
2015-10-26,720.02,734.95,720.02,731.12,2438847,GOOGL
2015-10-27,726.57,735.9642,724.135,732.82,1938916,GOOGL
2015-10-28,733.0,737.37,727.27,736.92,1980154,GOOGL
2015-10-29,736.63,746.79,735.16,744.85,1825957,GOOGL
2015-10-30,745.56,746.31,736.53,737.39,1999161,GOOGL
2015-11-02,737.88,748.18,731.45,747.74,1995708,GOOGL
2015-11-03,745.43,751.698,741.16,748.82,1815300,GOOGL
2015-11-04,749.9,759.9,749.2,755.31,2091999,GOOGL
2015-11-05,758.81,766.35,757.47,760.67,2274314,GOOGL
2015-11-06,759.39,763.022,755.03,761.6,1677199,GOOGL
2015-11-09,758.52,763.3,749.11,754.77,1776861,GOOGL
2015-11-10,753.48,760.6,748.41,758.26,1489929,GOOGL
2015-11-11,762.38,769.08,759.75,765.25,2095922,GOOGL
2015-11-12,760.18,765.799,755.86,756.53,1772555,GOOGL
2015-11-13,754.04,755.33,739.47,740.07,2409363,GOOGL
2015-11-16,740.21,751.71,734.33,750.42,2535198,GOOGL
2015-11-17,752.47,754.95,744.05,745.98,1943156,GOOGL
2015-11-18,749.57,761.1,747.39,760.01,1813336,GOOGL
2015-11-19,759.78,763.23,757.23,759.94,1403913,GOOGL
2015-11-20,769.3,779.318,764.1,777.0,2773944,GOOGL
2015-11-23,777.47,782.9,773.51,776.7,1732400,GOOGL
2015-11-24,772.96,775.99,758.11,769.63,2394010,GOOGL
2015-11-25,771.69,773.0,766.53,769.26,1180643,GOOGL
2015-11-27,769.16,774.0,767.0001,771.97,722320,GOOGL
2015-11-30,771.87,775.03,761.12,762.85,1679349,GOOGL
2015-12-01,766.94,785.0,765.95,783.79,2019864,GOOGL
2015-12-02,785.25,793.0475,776.43,777.85,2343841,GOOGL
2015-12-03,780.56,784.48,762.45,768.2,2097494,GOOGL
2015-12-04,769.71,782.42,765.51,779.21,2489998,GOOGL
2015-12-07,780.06,781.0,766.72,772.99,1831287,GOOGL
2015-12-08,764.5,778.65,762.52,775.14,1554121,GOOGL
2015-12-09,771.1,776.0926,752.0066,762.55,2327471,GOOGL
2015-12-10,763.59,766.0655,755.0,760.04,1622940,GOOGL
2015-12-11,749.0,757.44,748.65,750.42,2159164,GOOGL
2015-12-14,751.26,764.15,736.26,762.54,2708520,GOOGL
2015-12-15,767.79,774.75,758.0,760.09,2469319,GOOGL
2015-12-16,766.57,781.5,757.045,776.59,2656010,GOOGL
2015-12-17,781.16,781.59,769.3,769.83,1825538,GOOGL
2015-12-18,767.23,774.14,756.59,756.85,3389702,GOOGL
2015-12-21,763.05,766.35,754.15,760.8,1742368,GOOGL
2015-12-22,764.27,770.34,761.2,767.13,1816935,GOOGL
2015-12-23,770.69,771.9,757.65,768.51,1529742,GOOGL
2015-12-24,768.52,769.2,764.39,765.84,521141,GOOGL
2015-12-28,770.0,782.815,767.73,782.24,1557755,GOOGL
2015-12-29,786.99,798.69,786.202,793.96,1921480,GOOGL
2015-12-30,793.96,796.455,787.2,790.3,1428280,GOOGL
2015-12-31,787.82,788.33,777.32,778.01,1637561,GOOGL
2016-01-04,762.2,762.2,747.54,759.44,3369068,GOOGL
2016-01-05,764.1,769.2,755.65,761.53,2260795,GOOGL
2016-01-06,750.37,765.73,748.0,759.33,2410301,GOOGL
2016-01-07,746.49,755.31,735.28,741.0,3156563,GOOGL
2016-01-08,747.8,750.12,728.9201,730.91,2375348,GOOGL
2016-01-11,731.95,735.08,719.56,733.07,2544806,GOOGL
2016-01-12,740.75,748.34,736.43,745.34,2340753,GOOGL
2016-01-13,749.34,753.0,716.78,719.57,2586395,GOOGL
2016-01-14,724.44,739.89,705.0,731.39,2777868,GOOGL
2016-01-15,709.99,724.158,701.51,710.49,3833751,GOOGL
2016-01-19,720.15,725.35,709.85,719.08,2436220,GOOGL
2016-01-20,705.9,726.95,687.78,718.56,4122010,GOOGL
2016-01-21,720.17,737.67,711.11,726.67,2596916,GOOGL
2016-01-22,742.0,748.56,740.5,745.46,2357315,GOOGL
2016-01-25,743.84,752.46,732.501,733.62,2267031,GOOGL
2016-01-26,735.21,739.46,726.97,733.79,1547049,GOOGL
2016-01-27,735.89,735.89,713.45,717.58,2121434,GOOGL
2016-01-28,738.19,751.16,730.6,748.3,3105222,GOOGL
2016-01-29,748.96,765.105,744.2,761.35,3790395,GOOGL
2016-02-01,771.26,777.59,761.38,770.77,5576089,GOOGL
2016-02-02,800.5,810.35,780.6,780.91,6792331,GOOGL
2016-02-03,786.28,791.43,736.26,749.38,6555731,GOOGL
2016-02-04,744.59,745.24,722.6001,730.03,5246123,GOOGL
2016-02-05,725.5,726.72,700.14,703.76,5477821,GOOGL
2016-02-08,687.68,704.52,682.01,704.16,4470514,GOOGL
2016-02-09,692.95,720.96,688.5,701.02,4214950,GOOGL
2016-02-10,711.79,723.22,705.39,706.85,3015733,GOOGL
2016-02-11,696.34,712.315,691.19,706.36,3250206,GOOGL
2016-02-12,712.21,716.0,701.58,706.89,2326889,GOOGL
2016-02-16,718.65,722.8789,710.18,717.64,2172213,GOOGL
2016-02-17,727.0,733.76,716.61,731.97,2457715,GOOGL
2016-02-18,733.96,736.0,715.55,717.51,2363846,GOOGL
2016-02-19,715.9,724.03,713.12,722.11,1745940,GOOGL
2016-02-22,729.51,734.845,723.45,729.05,1875824,GOOGL
2016-02-23,726.1,730.9,715.67,717.29,2066566,GOOGL
2016-02-24,710.61,721.22,702.02,720.9,1854612,GOOGL
2016-02-25,722.93,729.51,713.23,729.12,1807258,GOOGL
2016-02-26,733.6,736.16,721.9392,724.86,2123690,GOOGL
2016-02-29,721.0,730.6,716.84,717.22,2253426,GOOGL
2016-03-01,721.3,742.33,718.64,742.17,3005553,GOOGL
2016-03-02,742.87,743.121,733.25,739.48,1814643,GOOGL
2016-03-03,739.48,741.0,729.63,731.59,2026700,GOOGL
2016-03-04,734.8,735.0,725.62,730.22,2425750,GOOGL
2016-03-07,725.15,727.21,705.14,712.8,3088278,GOOGL
2016-03-08,708.39,722.25,704.0,713.53,2626495,GOOGL
2016-03-09,715.165,726.24,712.66,725.41,1977169,GOOGL
2016-03-10,727.79,736.54,723.29,732.17,2230811,GOOGL
2016-03-11,739.95,744.9,736.7,744.87,1768995,GOOGL
2016-03-14,744.97,754.26,743.6625,750.24,1641189,GOOGL
2016-03-15,746.02,753.01,742.84,750.57,1491578,GOOGL
2016-03-16,749.05,759.0,746.5,757.36,1465285,GOOGL
2016-03-17,757.65,765.34,757.36,758.48,2228244,GOOGL
2016-03-18,761.63,762.14,751.82,755.41,2811518,GOOGL
2016-03-21,753.91,763.34,751.27,762.16,1438658,GOOGL
2016-03-22,758.44,765.0,757.875,760.05,1104784,GOOGL
2016-03-23,763.35,765.39,756.03,757.56,1233854,GOOGL
2016-03-24,751.2,757.555,750.5,754.84,1555844,GOOGL
2016-03-28,756.17,758.3,752.04,753.28,1083823,GOOGL
2016-03-29,753.68,767.18,748.29,765.89,2003061,GOOGL
2016-03-30,768.21,777.31,767.58,768.34,2019755,GOOGL
2016-03-31,768.34,769.0842,758.25,762.9,1627669,GOOGL
2016-04-01,757.16,770.04,755.2,769.67,1583698,GOOGL
2016-04-04,769.51,772.44,761.785,765.12,1346424,GOOGL
2016-04-05,758.13,762.87,755.6,758.57,1223905,GOOGL
2016-04-06,757.84,768.42,756.3,768.07,1265577,GOOGL
2016-04-07,765.32,769.36,757.5,760.12,1274852,GOOGL
2016-04-08,765.87,767.13,755.77,759.47,1171867,GOOGL
2016-04-11,765.45,767.22,757.34,757.54,1588692,GOOGL
2016-04-12,758.43,764.92,751.565,764.32,1369358,GOOGL
2016-04-13,770.31,775.75,764.5908,771.91,1771308,GOOGL
2016-04-14,775.36,779.61,773.22,775.39,1349610,GOOGL
2016-04-15,775.5,780.93,774.9301,780.0,1585584,GOOGL
2016-04-18,780.19,788.55,777.61,787.68,1677015,GOOGL
2016-04-19,790.5,790.95,770.27,776.25,2197615,GOOGL
2016-04-20,779.16,779.66,771.27,774.92,1713088,GOOGL
2016-04-21,777.31,781.6799,771.55,780.0,3881420,GOOGL
2016-04-22,743.91,753.92,730.37,737.77,7039948,GOOGL
2016-04-25,735.35,744.88,735.1,742.21,2472061,GOOGL
2016-04-26,744.42,745.59,720.32,725.37,2793210,GOOGL
2016-04-27,725.32,727.15,709.08,721.46,3313137,GOOGL
2016-04-28,723.29,729.26,703.2,705.06,3129502,GOOGL
2016-04-29,704.12,712.11,703.78,707.88,2913898,GOOGL
2016-05-02,711.92,715.41,706.36,714.41,1673820,GOOGL
2016-05-03,712.5,713.37,707.33,708.44,1931040,GOOGL
2016-05-04,706.77,715.05,704.05,711.37,1708609,GOOGL
2016-05-05,715.0,717.55,709.4501,714.71,1483357,GOOGL
2016-05-06,712.2,725.99,711.95,725.18,1997628,GOOGL
2016-05-09,726.7,734.29,723.5,729.13,1903689,GOOGL
2016-05-10,734.96,740.0,731.61,739.38,1631714,GOOGL
2016-05-11,740.52,740.8,727.9025,730.55,1491746,GOOGL
2016-05-12,732.0,735.37,724.27,728.07,1354717,GOOGL
2016-05-13,726.62,731.29,723.51,724.83,1262161,GOOGL
2016-05-16,724.32,732.68,720.0,730.3,1126862,GOOGL
2016-05-17,731.06,735.85,718.0,720.19,1670176,GOOGL
2016-05-18,718.5,725.57,715.02,721.78,1626800,GOOGL
2016-05-19,718.3,720.5,710.305,715.31,1529910,GOOGL
2016-05-20,716.46,727.7,715.01,721.71,1739895,GOOGL
2016-05-23,719.98,723.4999,716.94,717.25,1240826,GOOGL
2016-05-24,719.85,734.2,719.645,733.03,1894161,GOOGL
2016-05-25,735.0,739.89,732.6,738.1,1616624,GOOGL
2016-05-26,736.0,741.1,733.0,736.93,1360119,GOOGL
2016-05-27,737.51,747.91,737.01,747.6,1740130,GOOGL
2016-05-31,748.76,753.48,745.57,748.85,2124248,GOOGL
2016-06-01,748.47,751.37,744.34,748.46,1039847,GOOGL
2016-06-02,746.1,747.3,737.0,744.27,1695824,GOOGL
2016-06-03,741.49,741.49,733.91,735.86,1230376,GOOGL
2016-06-06,738.5,738.5,728.29,730.06,1499648,GOOGL
2016-06-07,733.27,736.71,730.8,731.09,1215741,GOOGL
2016-06-08,739.5,743.81,735.765,742.93,1615727,GOOGL
2016-06-09,737.07,743.93,736.5,742.52,958963,GOOGL
2016-06-10,735.95,739.64,730.51,733.19,1452456,GOOGL
2016-06-13,729.82,739.0,729.82,731.88,1167736,GOOGL
2016-06-14,729.31,736.0,726.5,733.25,1329176,GOOGL
2016-06-15,734.92,737.15,731.31,732.19,1161701,GOOGL
2016-06-16,727.96,730.39,715.54,724.25,2250083,GOOGL
2016-06-17,721.39,721.39,701.12,704.25,4113085,GOOGL
2016-06-20,710.31,715.87,705.41,706.13,2282725,GOOGL
2016-06-21,710.05,715.38,704.66,708.88,1515918,GOOGL
2016-06-22,714.05,714.21,705.88,710.47,1452884,GOOGL
2016-06-23,710.55,714.88,700.25,714.87,2125028,GOOGL
2016-06-24,690.17,705.0,684.91,685.2,4771780,GOOGL
2016-06-27,682.49,683.325,672.66,681.14,2919486,GOOGL
2016-06-28,691.37,692.7399,684.85,691.26,1912280,GOOGL
2016-06-29,694.26,699.5,692.6834,695.19,2156218,GOOGL
2016-06-30,697.65,703.77,694.9015,703.53,2112513,GOOGL
2016-07-01,705.1,712.53,703.73,710.25,1549160,GOOGL
2016-07-05,705.01,708.12,699.13,704.89,1422028,GOOGL
2016-07-06,699.84,713.0,699.0,708.97,1445126,GOOGL
2016-07-07,710.11,710.17,700.67,707.26,1058698,GOOGL
2016-07-08,710.56,717.9,708.11,717.78,1497323,GOOGL
2016-07-11,719.42,728.9289,718.865,727.2,1441113,GOOGL
2016-07-12,731.92,735.6,727.5,732.51,1328680,GOOGL
2016-07-13,735.52,735.52,729.02,729.48,1021827,GOOGL
2016-07-14,733.94,736.14,730.59,735.8,1070351,GOOGL
2016-07-15,741.0,741.0,734.64,735.63,1617087,GOOGL
2016-07-18,737.91,755.1369,736.51,753.2,1934900,GOOGL
2016-07-19,749.87,756.59,748.489,753.41,1521795,GOOGL
2016-07-20,754.05,760.64,754.05,757.08,1125117,GOOGL
2016-07-21,757.0,758.15,751.52,754.41,953053,GOOGL
2016-07-22,757.32,759.45,752.655,759.28,1046024,GOOGL
2016-07-25,757.68,759.8249,754.07,757.52,1073310,GOOGL
2016-07-26,757.52,759.26,752.7503,757.65,1189573,GOOGL
2016-07-27,758.97,764.45,755.93,761.97,1608589,GOOGL
2016-07-28,768.84,768.97,759.09,765.84,3673221,GOOGL
2016-07-29,797.71,803.94,790.0,791.34,5090527,GOOGL
2016-08-01,786.67,807.49,785.04,800.94,3029658,GOOGL
2016-08-02,797.33,802.32,794.53,800.12,1996354,GOOGL
2016-08-03,796.47,799.54,793.02,798.92,1461025,GOOGL
2016-08-04,798.24,800.2,793.92,797.25,1076031,GOOGL
2016-08-05,800.11,807.22,797.81,806.93,1807271,GOOGL
2016-08-08,806.0,807.6,801.69,805.23,1221609,GOOGL
2016-08-09,804.49,813.33,804.06,807.48,1607685,GOOGL
2016-08-10,807.05,810.879,806.49,808.49,918514,GOOGL
2016-08-11,810.47,813.879,806.0,808.2,1282274,GOOGL
2016-08-12,805.09,807.19,803.64,807.05,897283,GOOGL
2016-08-15,807.21,811.36,804.03,805.96,930074,GOOGL
2016-08-16,803.5,804.26,797.0,801.19,1057897,GOOGL
2016-08-17,800.0,805.63,796.3,805.42,1066070,GOOGL
2016-08-18,805.36,808.0,801.63,802.75,865160,GOOGL
2016-08-19,799.79,801.23,796.88,799.65,1120763,GOOGL
2016-08-22,798.51,799.3,794.33,796.95,853365,GOOGL
2016-08-23,800.48,801.0,795.99,796.59,917513,GOOGL
2016-08-24,796.86,798.46,790.76,793.6,1284437,GOOGL
2016-08-25,792.0,794.72,787.23,791.3,1202680,GOOGL
2016-08-26,792.49,799.4,789.4069,793.22,1248881,GOOGL
2016-08-29,793.05,798.52,790.32,795.82,773698,GOOGL
2016-08-30,792.88,798.0,789.47,791.92,1167413,GOOGL
2016-08-31,789.6,791.57,787.2,789.85,1071420,GOOGL
2016-09-01,791.98,792.89,786.33,791.4,1303460,GOOGL
2016-09-02,795.27,797.1,793.26,796.87,1349896,GOOGL
2016-09-06,798.39,810.89,795.43,808.02,1989537,GOOGL
2016-09-07,807.93,810.6,803.72,807.99,1145724,GOOGL
2016-09-08,805.22,808.42,801.0101,802.84,1177660,GOOGL
2016-09-09,798.77,801.75,788.05,788.48,1887633,GOOGL
2016-09-12,784.52,800.17,783.5,798.82,1863737,GOOGL
2016-09-13,794.01,795.79,784.33,788.72,1809044,GOOGL
2016-09-14,787.53,796.33,787.53,790.46,1313912,GOOGL
2016-09-15,790.01,803.645,788.66,801.23,1566360,GOOGL
2016-09-16,799.02,799.02,793.62,797.97,2130571,GOOGL
2016-09-19,801.11,803.99,793.56,795.39,1149522,GOOGL
2016-09-20,800.0,802.75,798.26,799.78,1050041,GOOGL
2016-09-21,801.26,805.91,796.03,805.03,1348476,GOOGL
2016-09-22,810.0,819.06,807.71,815.95,1759290,GOOGL
2016-09-23,815.14,817.0,812.73,814.96,1411673,GOOGL
2016-09-26,809.82,810.08,800.45,802.65,1472732,GOOGL
2016-09-27,801.83,813.49,801.83,810.73,1367271,GOOGL
2016-09-28,804.08,810.25,802.7803,810.06,1470280,GOOGL
2016-09-29,807.23,813.91,800.855,802.64,1349974,GOOGL
2016-09-30,803.6,808.09,801.5,804.06,1660201,GOOGL
2016-10-03,802.55,803.54,796.23,800.38,1489212,GOOGL
2016-10-04,805.0,806.5,799.67,802.79,1258706,GOOGL
2016-10-05,806.0,808.5,800.71,801.23,1213820,GOOGL
2016-10-06,804.08,806.945,800.51,803.08,1099909,GOOGL
2016-10-07,805.93,805.94,796.82,800.71,1163899,GOOGL
2016-10-10,803.93,817.38,802.24,814.17,1496115,GOOGL
2016-10-11,814.17,819.86,807.37,809.57,1721575,GOOGL
2016-10-12,811.96,814.5,808.5545,811.77,907876,GOOGL
2016-10-13,806.07,806.56,798.62,804.08,1368981,GOOGL
2016-10-14,807.45,810.09,802.32,804.6,1111934,GOOGL
2016-10-17,805.99,813.49,803.83,806.84,1056367,GOOGL
2016-10-18,814.21,828.81,813.33,821.49,2289265,GOOGL
2016-10-19,824.52,829.81,823.205,827.09,1500142,GOOGL
2016-10-20,827.56,828.465,820.55,821.63,1393870,GOOGL
2016-10-21,820.0,824.29,818.31,824.06,1615814,GOOGL
2016-10-24,830.09,837.94,829.04,835.74,1447616,GOOGL
2016-10-25,838.5,838.5,825.3005,828.55,1890712,GOOGL
2016-10-26,827.12,827.71,816.35,822.1,1794868,GOOGL
2016-10-27,823.01,826.58,814.61,817.35,2973486,GOOGL
2016-10-28,829.94,839.0,817.0,819.56,4354884,GOOGL
2016-10-31,822.43,822.63,808.0,809.9,2242679,GOOGL
2016-11-01,810.87,813.96,798.26,805.48,2355890,GOOGL
2016-11-02,806.76,806.76,785.0,788.42,2350736,GOOGL
2016-11-03,784.5,790.0,778.63,782.19,2175216,GOOGL
2016-11-04,771.3,788.48,771.0043,781.1,1970603,GOOGL
2016-11-07,794.95,805.0,792.9,802.03,1992570,GOOGL
2016-11-08,802.03,816.04,799.62,811.98,1769069,GOOGL
2016-11-09,801.83,811.71,792.035,805.59,3098510,GOOGL
2016-11-10,810.0,810.06,768.23,780.29,5909609,GOOGL
2016-11-11,776.81,777.29,765.54,771.75,3592641,GOOGL
2016-11-14,771.76,771.78,743.59,753.22,3688274,GOOGL
2016-11-15,765.47,780.2376,765.22,775.16,2943889,GOOGL
2016-11-16,770.42,783.5,766.33,779.98,1798360,GOOGL
2016-11-17,782.5,788.9,779.85,786.16,1533679,GOOGL
2016-11-18,787.17,791.29,775.35,775.97,1806264,GOOGL
2016-11-21,778.1,786.55,776.3,784.8,1630835,GOOGL
2016-11-22,788.99,793.77,783.74,785.0,1394174,GOOGL
2016-11-23,789.52,789.52,772.65,779.0,1312981,GOOGL
2016-11-25,782.61,782.9,778.19,780.23,613549,GOOGL
2016-11-28,778.35,799.74,778.1,785.79,2575432,GOOGL
2016-11-29,788.38,796.44,785.34,789.44,1561981,GOOGL
2016-11-30,789.1,791.51,773.145,775.88,2279054,GOOGL
2016-12-01,778.55,778.6,753.36,764.33,2867074,GOOGL
2016-12-02,761.9,770.5,759.0,764.46,1718846,GOOGL
2016-12-05,770.0,780.0,766.9686,778.22,1688473,GOOGL
2016-12-06,780.19,785.28,773.32,776.18,1734099,GOOGL
2016-12-07,779.95,792.0,773.53,791.47,2029415,GOOGL
2016-12-08,792.95,799.0,787.905,795.17,1612531,GOOGL
2016-12-09,799.3,809.95,798.05,809.45,1904463,GOOGL
2016-12-12,804.82,811.35,804.5311,807.9,1628602,GOOGL
2016-12-13,812.39,824.3,811.94,815.34,2128210,GOOGL
2016-12-14,815.92,824.26,812.78,817.89,1799654,GOOGL
2016-12-15,817.36,823.0,812.0,815.65,1769719,GOOGL
2016-12-16,818.31,819.2,808.12,809.84,2598866,GOOGL
2016-12-19,809.28,816.22,804.5,812.5,1263581,GOOGL
2016-12-20,813.37,816.49,811.0,815.2,1271883,GOOGL
2016-12-21,815.72,815.72,805.1,812.2,1459628,GOOGL
2016-12-22,809.1,811.07,806.03,809.68,1132119,GOOGL
2016-12-23,808.01,810.9696,805.11,807.8,765537,GOOGL
2016-12-27,808.68,816.0,805.8,809.93,975962,GOOGL
2016-12-28,813.33,813.33,802.44,804.57,1214756,GOOGL
2016-12-29,802.33,805.75,798.144,802.88,1057392,GOOGL
2016-12-30,803.21,803.285,789.62,792.45,1735879,GOOGL
2017-01-03,800.62,811.435,796.89,808.01,1959033,GOOGL
2017-01-04,809.89,813.43,804.11,807.77,1515339,GOOGL
2017-01-05,807.5,813.74,805.92,813.02,1340535,GOOGL
2017-01-06,814.99,828.96,811.5,825.21,2017097,GOOGL
2017-01-09,826.37,830.43,821.62,827.18,1408924,GOOGL
2017-01-10,827.07,829.41,823.14,826.01,1197442,GOOGL
2017-01-11,826.62,829.9,821.47,829.86,1325394,GOOGL
2017-01-12,828.38,830.38,821.01,829.53,1350308,GOOGL
2017-01-13,831.0,834.65,829.52,830.94,1290182,GOOGL
2017-01-17,830.0,830.18,823.2001,827.46,1440905,GOOGL
2017-01-18,829.8,829.81,824.08,829.02,1027698,GOOGL
2017-01-19,829.0,832.9999,823.96,824.37,1070454,GOOGL
2017-01-20,829.09,829.24,824.6,828.17,1306183,GOOGL
2017-01-23,831.61,845.5428,828.7,844.43,2457377,GOOGL
2017-01-24,846.98,851.52,842.28,849.53,1688375,GOOGL
2017-01-25,853.55,858.7936,849.74,858.45,1662148,GOOGL
2017-01-26,859.05,861.0,850.5201,856.98,3493251,GOOGL
2017-01-27,859.0,867.0,841.9,845.03,3752497,GOOGL
2017-01-30,837.06,837.23,821.03,823.83,3516933,GOOGL
2017-01-31,819.5,823.07,813.4,820.19,2020180,GOOGL
2017-02-01,824.0,824.0,812.25,815.24,2251047,GOOGL
2017-02-02,815.0,824.56,812.051,818.26,1689179,GOOGL
2017-02-03,823.13,826.13,819.35,820.13,1528095,GOOGL
2017-02-06,820.92,822.39,814.29,821.62,1350875,GOOGL
2017-02-07,825.5,831.92,823.2926,829.23,1666605,GOOGL
2017-02-08,830.53,834.25,825.11,829.88,1302225,GOOGL
2017-02-09,831.73,831.98,826.5,830.06,1194238,GOOGL
2017-02-10,832.95,837.15,830.51,834.85,1415128,GOOGL
2017-02-13,837.7,841.735,836.246,838.96,1295708,GOOGL
2017-02-14,839.77,842.0,835.83,840.03,1363345,GOOGL
2017-02-15,838.81,841.7725,836.22,837.32,1357185,GOOGL
2017-02-16,838.5,842.69,837.26,842.17,1005084,GOOGL
2017-02-17,841.31,846.94,839.78,846.55,1461210,GOOGL
2017-02-21,847.99,852.2,846.55,849.27,1261062,GOOGL
2017-02-22,848.0,853.79,846.7101,851.36,1224889,GOOGL
2017-02-23,851.08,852.62,842.5,851.0,1386681,GOOGL
2017-02-24,847.65,848.36,842.9601,847.81,1346189,GOOGL
2017-02-27,844.95,850.67,843.01,849.67,1010333,GOOGL
2017-02-28,847.35,848.83,841.4422,844.93,1383119,GOOGL
2017-03-01,851.38,858.0,849.02,856.75,1818671,GOOGL
2017-03-02,856.31,856.49,848.72,849.85,1250938,GOOGL
2017-03-03,848.94,850.82,844.705,849.08,1006612,GOOGL
2017-03-06,846.86,848.94,841.17,847.27,1047872,GOOGL
2017-03-07,847.26,853.33,845.52,851.15,1038696,GOOGL
2017-03-08,853.12,856.93,851.25,853.64,1029834,GOOGL
2017-03-09,853.69,860.71,852.67,857.84,1347697,GOOGL
2017-03-10,862.7,864.229,857.61,861.405,1336585,GOOGL
2017-03-13,860.83,867.13,860.82,864.58,1166605,GOOGL
2017-03-14,863.75,867.58,860.13,865.91,1061692,GOOGL
2017-03-15,867.94,869.88,861.295,868.39,1332885,GOOGL
2017-03-16,870.53,872.71,867.52,870.0,1104452,GOOGL
2017-03-17,873.68,874.42,868.37,872.37,1868252,GOOGL
2017-03-20,869.48,870.34,864.665,867.91,1542199,GOOGL
2017-03-21,870.06,873.47,847.687,850.14,2537978,GOOGL
2017-03-22,849.48,855.35,847.0,849.8,1366749,GOOGL
2017-03-23,841.39,841.69,833.0,839.65,3287669,GOOGL
2017-03-24,842.0,844.0,829.1,835.14,2105682,GOOGL
2017-03-27,828.09,841.38,824.3,838.51,1935211,GOOGL
2017-03-28,839.69,845.4,832.265,840.63,1519202,GOOGL
2017-03-29,842.75,851.585,841.38,849.87,1457347,GOOGL
2017-03-30,851.98,852.0,846.77,849.48,949398,GOOGL
2017-03-31,846.83,849.56,845.2445,847.8,1440982,GOOGL
2017-04-03,848.75,859.0,847.5298,856.75,1969402,GOOGL
2017-04-04,848.0,853.0,847.505,852.57,1348494,GOOGL
2017-04-05,854.71,860.59,847.52,848.91,1855153,GOOGL
2017-04-06,849.5,853.59,844.0,845.095,1533564,GOOGL
2017-04-07,845.0,845.88,837.3,842.1,1110404,GOOGL
2017-04-10,841.54,846.7372,840.79,841.7,1046215,GOOGL
2017-04-11,841.7,844.63,834.6,839.88,974343,GOOGL
2017-04-12,838.46,843.72,837.59,841.46,1135775,GOOGL
2017-04-13,841.04,843.73,837.8503,840.18,1073650,GOOGL
2017-04-17,841.38,855.64,841.03,855.13,1049125,GOOGL
2017-04-18,852.54,857.39,851.25,853.99,936201,GOOGL
2017-04-19,857.385,860.2,853.5275,856.51,1080336,GOOGL
2017-04-20,859.74,863.93,857.5,860.08,1188843,GOOGL
2017-04-21,860.62,862.44,857.73,858.95,1172870,GOOGL
2017-04-24,868.44,879.96,866.11,878.93,1696483,GOOGL
2017-04-25,882.26,892.25,879.2801,888.84,2038032,GOOGL
2017-04-26,891.39,892.99,885.15,889.14,1323297,GOOGL
2017-04-27,890.0,893.3774,887.18,891.44,2342303,GOOGL
2017-04-28,929.0,935.9,923.22,924.52,3845857,GOOGL
2017-05-01,924.15,935.82,920.8,932.82,2327782,GOOGL
2017-05-02,933.27,942.985,931.0,937.09,1751292,GOOGL
2017-05-03,936.05,950.2,935.21,948.45,1824759,GOOGL
2017-05-04,950.29,959.14,947.37,954.72,1938260,GOOGL
2017-05-05,956.72,958.4395,948.0986,950.28,1615548,GOOGL
2017-05-08,947.45,960.99,947.395,958.69,1876690,GOOGL
2017-05-09,961.33,962.2,954.4,956.71,1687942,GOOGL
2017-05-10,956.22,956.71,949.84,954.84,1145969,GOOGL
2017-05-11,951.29,957.99,948.61,955.89,1031093,GOOGL
2017-05-12,957.85,957.98,952.06,955.14,1214851,GOOGL
2017-05-15,955.29,962.7,952.82,959.22,1337697,GOOGL
2017-05-16,963.55,965.8955,960.35,964.61,1101544,GOOGL
2017-05-17,959.7,960.99,940.06,942.17,2449058,GOOGL
2017-05-18,943.2,954.18,941.27,950.5,1800465,GOOGL
2017-05-19,952.82,959.56,952.0,954.65,1360299,GOOGL
2017-05-22,957.0,964.82,956.56,964.07,1387392,GOOGL
2017-05-23,969.96,974.51,964.5,970.55,1545421,GOOGL
2017-05-24,975.26,978.115,971.6299,977.61,1142488,GOOGL
2017-05-25,979.0,995.78,977.82,991.86,1954149,GOOGL
2017-05-26,992.0,996.39,987.36,993.27,1636416,GOOGL
2017-05-30,992.5,997.62,991.3601,996.17,1516685,GOOGL
2017-05-31,996.21,999.6,981.68,987.09,1724095,GOOGL
2017-06-01,990.96,993.14,981.29,988.29,1306384,GOOGL
2017-06-02,988.59,996.48,987.07,996.12,1735469,GOOGL
2017-06-05,997.89,1007.4,995.45,1003.88,1378916,GOOGL
2017-06-06,1003.31,1008.61,994.8,996.68,1552114,GOOGL
2017-06-07,998.82,1003.91,995.81,1001.59,1374097,GOOGL
2017-06-08,1004.23,1005.6,996.62,1004.28,1687925,GOOGL
2017-06-09,1005.49,1005.5,953.37,970.12,3647857,GOOGL
2017-06-12,958.72,968.0,936.795,961.81,4202109,GOOGL
2017-06-13,972.04,977.91,962.01,970.5,2005356,GOOGL
2017-06-14,975.5,979.7,959.5103,967.93,1505486,GOOGL
2017-06-15,948.02,960.6775,940.37,960.18,2427639,GOOGL
2017-06-16,957.91,959.95,948.7,958.62,2559207,GOOGL
2017-06-19,969.65,979.3,968.2,975.22,1468837,GOOGL
2017-06-20,975.31,980.79,968.2,968.99,1297287,GOOGL
2017-06-21,970.79,979.67,969.16,978.59,1161607,GOOGL
2017-06-22,976.87,980.5,973.3148,976.62,1009476,GOOGL
2017-06-23,975.5,986.62,974.46,986.09,1563985,GOOGL
2017-06-26,990.0,993.99,970.33,972.09,1517912,GOOGL
2017-06-27,961.6,967.22,947.09,948.09,2443602,GOOGL
2017-06-28,950.66,963.24,936.16,961.01,2745568,GOOGL
2017-06-29,951.35,951.66,929.6,937.82,3206674,GOOGL
2017-06-30,943.99,944.9995,929.61,929.68,2287662,GOOGL
2017-07-03,933.22,934.24,915.31,919.46,1694811,GOOGL
2017-07-05,924.2,936.29,918.6305,932.26,2094055,GOOGL
2017-07-06,925.0,936.14,919.85,927.69,2014855,GOOGL
2017-07-07,930.985,944.66,929.79,940.81,1663302,GOOGL
2017-07-10,941.95,953.13,941.95,951.0,1451460,GOOGL
2017-07-11,950.52,954.89,945.12,953.53,1461247,GOOGL
2017-07-12,960.86,969.63,957.04,967.66,1602115,GOOGL
2017-07-13,970.8,978.7,964.8,968.85,1524571,GOOGL
2017-07-14,974.0,977.54,970.15,976.91,1079608,GOOGL
2017-07-17,976.32,983.35,970.8,975.96,1660464,GOOGL
2017-07-18,973.36,990.85,972.04,986.95,1413335,GOOGL
2017-07-19,990.01,995.6,987.01,992.77,1412148,GOOGL
2017-07-20,997.0,998.68,984.62,992.19,1418385,GOOGL
2017-07-21,989.0,995.11,984.17,993.84,1463322,GOOGL
2017-07-24,994.1,1006.19,990.2728,998.31,3984532,GOOGL
2017-07-25,970.7,976.73,963.8,969.03,5933602,GOOGL
2017-07-26,972.78,973.95,960.23,965.31,2221625,GOOGL
2017-07-27,969.18,969.52,937.06,952.51,3717900,GOOGL
2017-07-28,947.99,961.79,945.31,958.33,1813794,GOOGL
2017-07-31,960.0,961.1925,941.725,945.5,2293389,GOOGL
2017-08-01,947.81,954.49,944.96,946.56,1332456,GOOGL
2017-08-02,948.37,949.1,932.521,947.64,2039418,GOOGL
2017-08-03,949.1,950.0,939.44,940.3,1123921,GOOGL
2017-08-04,943.95,947.54,939.795,945.79,1254574,GOOGL
2017-08-07,947.52,948.96,943.5,945.75,1445754,GOOGL
2017-08-08,944.29,952.49,942.48,944.19,1505064,GOOGL
2017-08-09,938.45,943.76,933.92,940.08,1400852,GOOGL
2017-08-10,935.0,936.3,921.7768,923.59,2707393,GOOGL
2017-08-11,923.71,933.36,921.22,930.09,1616708,GOOGL
2017-08-14,939.07,941.04,934.485,938.93,1150612,GOOGL
2017-08-15,941.03,943.07,936.64,938.08,1106484,GOOGL
2017-08-16,941.25,949.9,940.0391,944.27,1345261,GOOGL
2017-08-17,942.95,943.81,927.64,927.66,1695694,GOOGL
2017-08-18,926.98,931.02,923.45,926.18,1337404,GOOGL
2017-08-21,925.77,928.25,918.6,920.87,1301243,GOOGL
2017-08-22,926.96,941.9617,926.17,940.4,1775099,GOOGL
2017-08-23,937.0,945.425,935.24,942.58,1134464,GOOGL
2017-08-24,943.71,946.31,930.74,936.89,1294559,GOOGL
2017-08-25,939.21,940.73,930.1,930.5,1187313,GOOGL
2017-08-28,931.88,934.85,926.11,928.13,1049397,GOOGL
2017-08-29,919.95,938.19,919.31,935.75,1158576,GOOGL
2017-08-30,935.67,945.86,934.05,943.63,1120342,GOOGL
2017-08-31,946.3,957.195,946.25,955.24,1693313,GOOGL
2017-09-01,957.47,958.33,950.28,951.99,1042885,GOOGL
2017-09-05,946.86,951.3854,935.6,941.48,1460830,GOOGL
2017-09-06,943.87,944.5,932.68,942.02,1391529,GOOGL
2017-09-07,944.25,950.4965,937.53,949.89,1116575,GOOGL
2017-09-08,949.7,950.7,940.01,941.41,999916,GOOGL
2017-09-11,947.2,952.68,941.0,943.29,1337365,GOOGL
2017-09-12,946.92,948.085,937.5,946.65,1284787,GOOGL
2017-09-13,945.5,952.85,944.74,950.44,1095382,GOOGL
2017-09-14,946.0,948.03,938.356,940.13,1427379,GOOGL
2017-09-15,940.09,941.75,931.25,935.29,1994265,GOOGL
2017-09-18,935.01,936.86,925.4,929.75,1473651,GOOGL
2017-09-19,933.41,937.94,926.66,936.86,1242726,GOOGL
2017-09-20,937.73,950.0,937.5,947.54,2004018,GOOGL
2017-09-21,948.13,952.8,939.38,947.55,1370685,GOOGL
2017-09-22,942.77,950.0,940.835,943.26,1074806,GOOGL
2017-09-25,939.45,939.75,924.5101,934.28,1873375,GOOGL
2017-09-26,936.69,944.08,935.12,937.43,1672749,GOOGL
2017-09-27,942.74,965.43,941.95,959.9,2334635,GOOGL
2017-09-28,956.25,966.18,955.55,964.81,1400931,GOOGL
2017-09-29,966.0,975.81,966.0,973.72,2031092,GOOGL
2017-10-02,975.65,977.74,961.95,967.47,1539122,GOOGL
2017-10-03,967.56,972.44,962.705,972.08,1083948,GOOGL
2017-10-04,971.76,974.4,965.61,966.78,1057769,GOOGL
2017-10-05,972.79,986.5085,970.27,985.19,1780946,GOOGL
2017-10-06,980.0,994.26,978.51,993.64,1553033,GOOGL
2017-10-09,995.0,1000.46,991.5,992.31,1295467,GOOGL
2017-10-10,995.3,997.47,981.11,987.8,1163400,GOOGL
2017-10-11,989.04,1007.57,987.94,1005.65,1814999,GOOGL
2017-10-12,1003.84,1011.54,1001.1,1005.65,1530664,GOOGL
2017-10-13,1009.11,1014.76,1007.06,1007.87,1327632,GOOGL
2017-10-16,1009.63,1012.0,1001.52,1009.35,1071023,GOOGL
2017-10-17,1007.44,1014.56,1006.05,1011.0,1012998,GOOGL
2017-10-18,1011.05,1016.31,1005.32,1012.74,1279780,GOOGL
2017-10-19,1004.75,1007.32,997.3,1001.84,1714243,GOOGL
2017-10-20,1007.05,1008.65,1002.27,1005.07,1606031,GOOGL
2017-10-23,1005.18,1005.79,983.1,985.54,1639294,GOOGL
2017-10-24,986.5,989.26,977.08,988.49,1445129,GOOGL
2017-10-25,986.27,994.43,977.722,991.46,1528710,GOOGL
2017-10-26,998.47,1006.51,990.47,991.42,2369838,GOOGL
2017-10-27,1030.99,1063.62,1026.85,1033.67,5184143,GOOGL
2017-10-30,1029.16,1039.83,1022.33,1033.13,2340172,GOOGL
2017-10-31,1033.0,1041.0,1026.3,1033.04,1516278,GOOGL
2017-11-01,1036.32,1047.86,1034.0,1042.6,2163073,GOOGL
2017-11-02,1039.99,1045.52,1028.66,1042.97,1334697,GOOGL
2017-11-03,1042.75,1050.66,1037.65,1049.99,1388461,GOOGL
2017-11-06,1049.1,1052.59,1042.0,1042.68,914748,GOOGL
2017-11-07,1049.65,1053.41,1043.0,1052.39,1305229,GOOGL
2017-11-08,1050.05,1062.69,1047.05,1058.29,1214600,GOOGL
2017-11-09,1048.0,1050.88,1035.85,1047.72,1792071,GOOGL
2017-11-10,1043.87,1046.63,1041.22,1044.15,972127,GOOGL
2017-11-13,1040.8,1048.74,1039.26,1041.2,940721,GOOGL
2017-11-14,1037.72,1042.3,1029.33,1041.64,1050566,GOOGL
2017-11-15,1035.0,1039.63,1030.76,1036.41,905262,GOOGL
2017-11-16,1038.75,1051.76,1038.0,1048.47,1188392,GOOGL
2017-11-17,1049.8,1051.0,1033.73,1035.89,1335610,GOOGL
2017-11-20,1036.0,1038.69,1032.67,1034.66,876321,GOOGL
2017-11-21,1040.04,1050.39,1039.14,1050.3,1110341,GOOGL
2017-11-22,1051.16,1055.43,1047.25,1051.92,726898,GOOGL
2017-11-24,1054.39,1060.07,1051.92,1056.52,825369,GOOGL
2017-11-27,1058.57,1073.04,1054.77,1072.01,1771491,GOOGL
2017-11-28,1073.99,1080.0,1054.54,1063.29,1821171,GOOGL
2017-11-29,1056.18,1058.77,1029.65,1037.38,2793332,GOOGL
2017-11-30,1039.94,1044.14,1030.07,1036.17,2254590,GOOGL
2017-12-01,1030.41,1037.24,1016.9,1025.07,1888081,GOOGL
2017-12-04,1027.8,1031.34,1009.22,1011.87,1938861,GOOGL
2017-12-05,1010.99,1036.68,1002.32,1019.6,1949865,GOOGL
2017-12-06,1016.52,1039.58,1015.31,1032.72,1435549,GOOGL
2017-12-07,1036.07,1048.92,1035.36,1044.57,1543285,GOOGL
2017-12-08,1051.81,1056.42,1045.86,1049.38,1558472,GOOGL
2017-12-11,1051.11,1056.0,1044.12,1051.97,1162694,GOOGL
2017-12-12,1050.0,1062.5,1044.87,1048.77,1694061,GOOGL
2017-12-13,1052.08,1055.48,1046.58,1051.39,1384038,GOOGL
2017-12-14,1055.49,1067.08,1053.6,1057.47,1548139,GOOGL
2017-12-15,1063.78,1075.25,1060.09,1072.0,3187985,GOOGL
2017-12-18,1076.45,1086.49,1070.37,1085.09,1514601,GOOGL
2017-12-19,1083.02,1084.97,1072.27,1079.78,1317519,GOOGL
2017-12-20,1080.92,1081.23,1068.6,1073.56,1436391,GOOGL
2017-12-21,1075.39,1077.52,1069.0,1070.85,1282025,GOOGL
2017-12-22,1070.0,1071.72,1067.64,1068.86,889446,GOOGL
2017-12-26,1068.64,1068.86,1058.64,1065.85,918767,GOOGL
2017-12-27,1066.6,1068.27,1058.38,1060.2,1116203,GOOGL
2017-12-28,1062.25,1064.84,1053.38,1055.95,994249,GOOGL
2017-12-29,1055.49,1058.05,1052.7,1053.4,1180340,GOOGL
2018-01-02,1053.02,1075.98,1053.02,1073.21,1588268,GOOGL
2018-01-03,1073.93,1096.1,1073.43,1091.52,1565945,GOOGL
2018-01-04,1097.09,1104.08,1094.26,1095.76,1302569,GOOGL
2018-01-05,1103.45,1113.58,1101.8,1110.29,1512526,GOOGL
2018-01-08,1111.0,1119.16,1110.0,1114.21,1232221,GOOGL
2018-01-09,1118.44,1118.44,1108.2,1112.79,1340381,GOOGL
2018-01-10,1107.0,1112.78,1103.98,1110.14,1036655,GOOGL
2018-01-11,1112.31,1114.85,1106.48,1112.05,1121216,GOOGL
2018-01-12,1110.1,1131.3,1108.01,1130.65,1929306,GOOGL
2018-01-16,1140.31,1148.88,1126.66,1130.7,1823100,GOOGL
2018-01-17,1136.36,1139.32,1123.49,1139.1,1391510,GOOGL
2018-01-18,1139.35,1140.59,1124.46,1135.97,1374873,GOOGL
2018-01-19,1138.03,1143.78,1132.5,1143.5,1527554,GOOGL
2018-01-22,1143.82,1166.88,1141.82,1164.16,1477520,GOOGL
2018-01-23,1170.62,1178.51,1167.25,1176.17,1956865,GOOGL
2018-01-24,1184.98,1187.05,1167.4,1171.29,1856429,GOOGL
2018-01-25,1180.71,1185.0,1171.84,1182.14,1499247,GOOGL
2018-01-26,1187.53,1187.56,1168.03,1187.56,2108502,GOOGL
2018-01-29,1188.0,1198.0,1184.06,1186.48,1574708,GOOGL
2018-01-30,1177.72,1187.93,1174.51,1177.37,1866883,GOOGL
2018-01-31,1183.81,1186.32,1172.1,1182.22,1801135,GOOGL
2018-02-01,1175.99,1187.45,1169.36,1181.59,3675709,GOOGL
2018-02-02,1127.42,1131.3,1111.17,1119.2,5892122,GOOGL
2018-02-05,1100.61,1114.99,1056.74,1062.39,4177469,GOOGL
2018-02-06,1033.98,1087.38,1030.01,1084.43,3831524,GOOGL
2018-02-07,1084.97,1086.53,1054.62,1055.41,2597094,GOOGL
2013-02-08,75.17,75.61,74.73,75.48,8153254,JNJ
2013-02-11,75.28,75.5,75.05,75.41,5696686,JNJ
2013-02-12,75.42,75.86,75.42,75.8,7598678,JNJ
2013-02-13,75.79,75.87,75.37,75.66,8014788,JNJ
2013-02-14,75.5,76.09,75.38,75.81,9681846,JNJ
2013-02-15,75.72,76.16,75.51,76.16,10528944,JNJ
2013-02-19,76.03,77.0,75.96,76.96,9747837,JNJ
2013-02-20,76.79,76.97,76.54,76.65,7857256,JNJ
2013-02-21,76.47,77.02,76.38,76.87,9465651,JNJ
2013-02-22,76.39,76.49,75.97,76.25,8573208,JNJ
2013-02-25,76.47,76.66,75.57,75.57,10603590,JNJ
2013-02-26,75.88,76.34,75.5,75.75,10743210,JNJ
2013-02-27,75.68,76.45,75.6,76.32,8180393,JNJ
2013-02-28,76.23,76.49,76.11,76.11,11810494,JNJ
2013-03-01,75.79,76.77,75.73,76.7,9528387,JNJ
2013-03-04,76.73,77.28,76.73,77.2,12628151,JNJ
2013-03-05,77.56,77.71,77.44,77.66,9328078,JNJ
2013-03-06,77.69,77.74,77.22,77.39,8535851,JNJ
2013-03-07,77.62,77.96,77.59,77.75,7996489,JNJ
2013-03-08,77.84,78.22,77.7,78.19,8554283,JNJ
2013-03-11,77.92,78.52,77.84,78.44,8807527,JNJ
2013-03-12,78.5,78.69,78.21,78.56,8790845,JNJ
2013-03-13,78.52,78.67,78.2,78.55,7983720,JNJ
2013-03-14,78.67,79.1,78.49,79.1,10149230,JNJ
2013-03-15,78.62,79.24,78.62,79.19,18302441,JNJ
2013-03-18,78.72,79.19,78.7,78.81,8005457,JNJ
2013-03-19,78.98,79.09,78.5,78.86,7092364,JNJ
2013-03-20,79.18,79.61,79.17,79.45,7975120,JNJ
2013-03-21,79.12,79.5,78.77,79.01,8433701,JNJ
2013-03-22,79.11,79.74,79.02,79.74,6831380,JNJ
2013-03-25,79.83,79.94,79.47,79.68,9616509,JNJ
2013-03-26,79.93,80.8815,79.85,80.85,12682754,JNJ
2013-03-27,80.56,81.35,80.27,81.27,10702998,JNJ
2013-03-28,81.37,81.59,80.95,81.53,11304546,JNJ
2013-04-01,81.39,81.965,81.28,81.93,7378460,JNJ
2013-04-02,82.0,82.69,81.9,82.69,10342171,JNJ
2013-04-03,82.74,82.95,81.57,82.07,12256304,JNJ
2013-04-04,82.2,82.72,81.925,82.41,10303375,JNJ
2013-04-05,81.79,82.11,81.62,82.04,8581618,JNJ
2013-04-08,81.27,81.39,80.31,81.11,15827395,JNJ
2013-04-09,81.26,81.75,81.24,81.52,9078243,JNJ
2013-04-10,81.83,82.2,81.735,82.02,7583115,JNJ
2013-04-11,82.14,82.96,82.08,82.32,9882669,JNJ
2013-04-12,82.25,82.74,82.17,82.74,6988194,JNJ
2013-04-15,82.72,83.09,81.71,81.71,12368612,JNJ
2013-04-16,82.33,83.54,82.07,83.44,12619019,JNJ
2013-04-17,83.36,84.43,83.29,83.9,13693285,JNJ
2013-04-18,83.96,84.3,83.03,83.18,9918341,JNJ
2013-04-19,83.51,84.57,83.47,84.49,10779317,JNJ
2013-04-22,84.59,84.93,84.195,84.83,6975292,JNJ
2013-04-23,84.99,85.68,84.0,85.45,8975954,JNJ
2013-04-24,85.68,85.74,84.28,84.39,9479780,JNJ
2013-04-25,84.54,85.44,84.34,85.22,8689408,JNJ
2013-04-26,85.3,85.49,84.805,85.12,6785201,JNJ
2013-04-29,85.02,85.89,84.91,85.58,8039781,JNJ
2013-04-30,85.39,85.7,84.89,85.23,12081848,JNJ
2013-05-01,84.5,85.13,83.88,84.23,12309501,JNJ
2013-05-02,84.44,85.21,84.17,85.16,8670010,JNJ
2013-05-03,85.58,85.99,85.45,85.75,9212094,JNJ
2013-05-06,85.78,85.78,84.55,84.68,8814788,JNJ
2013-05-07,84.87,85.57,84.63,85.53,9062990,JNJ
2013-05-08,85.48,85.6,84.93,85.46,8030714,JNJ
2013-05-09,85.45,85.691,84.963,85.15,8337717,JNJ
2013-05-10,85.29,85.76,85.181,85.76,7595332,JNJ
2013-05-13,85.56,86.07,85.44,85.85,6631430,JNJ
2013-05-14,85.76,87.08,85.76,86.97,10363203,JNJ
2013-05-15,86.94,87.88,86.94,87.64,13444477,JNJ
2013-05-16,87.33,87.77,87.06,87.45,9441996,JNJ
2013-05-17,87.47,88.2,87.41,88.09,11439298,JNJ
2013-05-20,88.1,88.2,87.81,88.01,7235784,JNJ
2013-05-21,87.94,88.64,87.79,88.59,10099587,JNJ
2013-05-22,88.7,89.99,88.2,88.46,13810803,JNJ
2013-05-23,87.11,87.97,87.0,87.21,14424194,JNJ
2013-05-24,86.8,87.03,86.49,86.82,10390046,JNJ
2013-05-28,87.54,88.29,87.27,87.61,8380624,JNJ
2013-05-29,87.08,87.16,85.14,85.65,11871743,JNJ
2013-05-30,85.71,86.31,85.68,85.99,7801107,JNJ
2013-05-31,85.68,85.99,84.18,84.18,13305355,JNJ
2013-06-03,84.28,84.71,83.37,84.71,11770398,JNJ
2013-06-04,84.72,85.03,83.56,84.1,9971961,JNJ
2013-06-05,83.91,85.0,83.48,83.68,9839006,JNJ
2013-06-06,83.59,84.46,82.65,84.46,10671700,JNJ
2013-06-07,84.96,85.18,84.4,84.91,8908732,JNJ
2013-06-10,85.01,85.71,84.73,85.14,8476975,JNJ
2013-06-11,84.76,85.02,84.13,84.69,8966971,JNJ
2013-06-12,85.18,85.5,83.7,83.74,8413194,JNJ
2013-06-13,83.6,84.96,83.0804,84.91,8572402,JNJ
2013-06-14,84.71,85.48,84.66,84.91,6357030,JNJ
2013-06-17,85.37,86.405,84.98,85.63,8429068,JNJ
2013-06-18,85.75,86.44,85.63,86.36,7233633,JNJ
2013-06-19,86.43,86.5,84.8,84.86,8288194,JNJ
2013-06-20,84.21,84.45,82.12,82.62,15173632,JNJ
2013-06-21,83.0,84.32,82.5,83.2,20718487,JNJ
2013-06-24,82.92,85.31,82.81,84.61,14777498,JNJ
2013-06-25,85.16,85.59,84.54,85.35,11241086,JNJ
2013-06-26,85.95,87.32,85.94,86.99,11966641,JNJ
2013-06-27,87.53,87.8224,86.49,86.71,8890310,JNJ
2013-06-28,86.72,87.38,85.85,85.86,11897743,JNJ
2013-07-01,85.72,87.64,85.5,86.63,9905779,JNJ
2013-07-02,86.65,87.2,86.21,86.57,8573755,JNJ
2013-07-03,86.72,87.04,86.1,86.78,3608615,JNJ
2013-07-05,87.58,87.88,86.92,87.87,5403508,JNJ
2013-07-08,88.09,88.99,87.97,88.59,12051669,JNJ
2013-07-09,88.65,89.08,88.36,88.88,9349609,JNJ
2013-07-10,88.88,89.48,88.81,89.24,7067188,JNJ
2013-07-11,89.81,89.93,89.0,89.67,8941210,JNJ
2013-07-12,89.69,89.99,89.38,89.99,7592485,JNJ
2013-07-15,89.91,90.81,89.76,90.4,13343236,JNJ
2013-07-16,91.04,91.66,90.13,90.4,11410317,JNJ
2013-07-17,90.58,90.97,89.88,90.13,12835285,JNJ
2013-07-18,90.33,90.9493,90.06,90.17,8329613,JNJ
2013-07-19,90.24,92.27,90.05,92.23,12506366,JNJ
2013-07-22,92.08,92.56,91.61,92.28,9916889,JNJ
2013-07-23,92.39,92.855,92.11,92.42,8467834,JNJ
2013-07-24,92.65,92.66,91.75,92.36,6846208,JNJ
2013-07-25,92.0,92.75,91.75,92.57,7355636,JNJ
2013-07-26,92.32,92.93,91.653,92.83,8664292,JNJ
2013-07-29,92.63,93.39,92.61,93.21,7925734,JNJ
2013-07-30,93.47,93.97,93.02,93.17,8863057,JNJ
2013-07-31,93.23,94.42,93.19,93.5,11365654,JNJ
2013-08-01,94.16,94.4,93.705,93.77,11098955,JNJ
2013-08-02,93.56,94.39,93.45,94.39,8468725,JNJ
2013-08-05,94.05,94.3,93.43,93.8,7192420,JNJ
2013-08-06,93.88,93.94,93.5,93.81,6414982,JNJ
2013-08-07,93.6,94.03,93.47,93.66,9060926,JNJ
2013-08-08,94.27,94.37,92.71,93.34,11090305,JNJ
2013-08-09,93.39,93.39,91.78,92.36,12135904,JNJ
2013-08-12,92.08,92.77,91.755,92.0,11012407,JNJ
2013-08-13,91.89,93.35,91.76,93.01,10099808,JNJ
2013-08-14,92.79,92.95,90.51,90.7,12717722,JNJ
2013-08-15,90.32,90.41,89.09,89.55,12010672,JNJ
2013-08-16,89.13,89.8025,88.77,89.37,14100923,JNJ
2013-08-19,89.47,91.25,89.35,90.45,8687032,JNJ
2013-08-20,90.55,91.65,89.73,89.73,8559068,JNJ
2013-08-21,89.47,89.63,88.68,88.8,7940700,JNJ
2013-08-22,88.76,89.03,88.12,88.26,7191852,JNJ
2013-08-23,87.93,88.44,87.21,88.41,7714511,JNJ
2013-08-26,88.36,88.48,87.3899,87.53,6723482,JNJ
2013-08-27,86.97,87.08,85.96,86.17,9941186,JNJ
2013-08-28,86.36,86.91,85.88,86.53,8829179,JNJ
2013-08-29,86.41,87.14,85.99,86.57,5768849,JNJ
2013-08-30,86.78,86.78,85.85,86.41,7471522,JNJ
2013-09-03,86.89,87.3,86.03,86.42,7590512,JNJ
2013-09-04,86.46,87.245,86.251,86.9,8458849,JNJ
2013-09-05,87.0,87.17,86.62,87.04,5656291,JNJ
2013-09-06,87.22,87.92,86.0,87.16,10035452,JNJ
2013-09-09,87.39,87.6,87.01,87.56,6822403,JNJ
2013-09-10,88.14,88.58,87.85,88.53,8658856,JNJ
2013-09-11,88.63,89.27,88.145,89.23,8098283,JNJ
2013-09-12,89.3,89.57,88.88,89.01,7938942,JNJ
2013-09-13,89.13,89.25,88.205,88.57,7738679,JNJ
2013-09-16,89.43,89.57,88.83,89.03,7580544,JNJ
2013-09-17,89.05,89.22,88.58,89.06,6292099,JNJ
2013-09-18,88.91,89.91,88.3,89.91,10115451,JNJ
2013-09-19,90.05,90.2,89.79,90.07,6721349,JNJ
2013-09-20,90.2,90.72,89.68,89.68,14709212,JNJ
2013-09-23,89.43,89.75,88.81,89.09,7376343,JNJ
2013-09-24,89.02,89.2,88.15,88.22,7626473,JNJ
2013-09-25,88.42,88.47,87.07,87.08,7493027,JNJ
2013-09-26,87.28,87.7032,86.72,87.07,6400181,JNJ
2013-09-27,86.81,86.94,86.44,86.73,5461071,JNJ
2013-09-30,86.33,86.95,86.15,86.69,7962314,JNJ
2013-10-01,86.59,87.49,86.26,87.47,6318781,JNJ
2013-10-02,87.13,87.29,86.44,87.29,6383361,JNJ
2013-10-03,87.19,87.4,86.28,86.58,7731275,JNJ
2013-10-04,86.82,87.415,86.56,87.31,6049955,JNJ
2013-10-07,86.7,86.98,86.29,86.59,5705238,JNJ
2013-10-08,86.62,86.74,85.57,85.61,8711718,JNJ
2013-10-09,85.93,86.23,85.5,85.96,8014226,JNJ
2013-10-10,86.72,87.78,86.7,87.78,8647855,JNJ
2013-10-11,88.62,89.48,88.02,89.45,8447844,JNJ
2013-10-14,88.83,89.89,88.63,89.8,9184293,JNJ
2013-10-15,90.33,91.46,89.93,89.93,11024237,JNJ
2013-10-16,90.42,91.17,90.16,91.11,8059465,JNJ
2013-10-17,90.87,92.0,90.77,91.97,8569649,JNJ
2013-10-18,91.75,92.05,91.14,91.63,9082602,JNJ
2013-10-21,91.63,91.63,90.77,91.2,6940488,JNJ
2013-10-22,91.53,92.56,91.495,92.36,9635464,JNJ
2013-10-23,92.07,92.43,91.52,92.1,6449625,JNJ
2013-10-24,92.65,92.99,92.14,92.35,5251016,JNJ
2013-10-25,92.04,92.27,91.78,92.09,6076014,JNJ
2013-10-28,91.96,92.8,91.92,92.39,6537894,JNJ
2013-10-29,92.8,93.175,92.58,93.14,6096833,JNJ
2013-10-30,93.27,93.45,92.65,92.79,6295422,JNJ
2013-10-31,92.85,93.35,92.32,92.61,7773908,JNJ
2013-11-01,92.3801,93.5799,92.3801,93.37,6835898,JNJ
2013-11-04,93.46,93.5,92.43,93.03,6862530,JNJ
2013-11-05,92.54,92.95,92.28,92.81,5357054,JNJ
2013-11-06,93.03,93.2,92.72,93.04,5301288,JNJ
2013-11-07,93.19,93.35,92.69,92.69,6121393,JNJ
2013-11-08,92.63,94.1,92.56,94.05,7229531,JNJ
2013-11-11,93.97,94.64,93.94,94.29,4723227,JNJ
2013-11-12,93.98,94.09,93.0,93.56,7643136,JNJ
2013-11-13,93.36,93.45,92.32,93.34,8954411,JNJ
2013-11-14,93.4,94.14,93.4,93.92,7045742,JNJ
2013-11-15,93.63,94.4,93.55,94.39,7068584,JNJ
2013-11-18,94.36,94.6,94.01,94.3,8491988,JNJ
2013-11-19,94.27,94.92,94.0,94.86,6624211,JNJ
2013-11-20,94.94,95.47,94.66,95.15,7085659,JNJ
2013-11-21,95.46,95.75,95.047,95.2,6897627,JNJ
2013-11-22,94.39,95.58,94.39,95.25,6462244,JNJ
2013-11-25,95.49,95.99,95.08,95.63,6375396,JNJ
2013-11-26,95.58,95.87,94.97,95.06,7267610,JNJ
2013-11-27,95.34,95.37,94.61,94.98,4603769,JNJ
2013-11-29,95.23,95.5,94.43,94.66,4106795,JNJ
2013-12-02,94.41,94.6597,93.965,94.28,5828580,JNJ
2013-12-03,94.2,94.56,93.51,93.97,9065252,JNJ
2013-12-04,93.76,94.25,93.13,93.63,6218496,JNJ
2013-12-05,93.42,93.63,92.66,92.97,8667604,JNJ
2013-12-06,93.6,94.48,93.42,94.44,7280472,JNJ
2013-12-09,94.3,94.48,93.7,94.44,6974541,JNJ
2013-12-10,94.58,94.79,93.96,94.14,7576606,JNJ
2013-12-11,94.4,94.45,93.03,93.11,9424296,JNJ
2013-12-12,92.84,92.86,91.07,91.16,12285664,JNJ
2013-12-13,91.46,91.855,91.08,91.35,7909466,JNJ
2013-12-16,91.42,92.32,91.16,91.37,6623019,JNJ
2013-12-17,91.3,91.33,90.5,90.66,8793968,JNJ
2013-12-18,90.95,92.66,89.77,92.64,9692564,JNJ
2013-12-19,92.4,92.4,91.415,91.98,7339601,JNJ
2013-12-20,91.95,92.75,91.95,92.09,11264971,JNJ
2013-12-23,92.56,92.68,91.76,92.03,5320255,JNJ
2013-12-24,92.18,92.39,91.85,92.06,3147331,JNJ
2013-12-26,91.99,92.54,91.77,92.54,3459501,JNJ
2013-12-27,92.77,92.96,92.18,92.35,3511614,JNJ
2013-12-30,92.16,92.3,91.73,92.3,4370142,JNJ
2013-12-31,92.17,92.216,91.151,91.59,6348274,JNJ
2014-01-02,91.14,91.73,91.01,91.03,5921167,JNJ
2014-01-03,91.29,92.22,91.26,91.85,5637762,JNJ
2014-01-06,91.93,92.75,91.87,92.33,7467811,JNJ
2014-01-07,93.04,94.62,92.99,94.29,11089742,JNJ
2014-01-08,94.17,94.6,93.88,94.16,9097188,JNJ
2014-01-09,94.94,95.38,94.09,94.73,7952774,JNJ
2014-01-10,94.64,94.975,94.14,94.74,6700178,JNJ
2014-01-13,94.37,94.99,94.06,94.5,9594869,JNJ
2014-01-14,94.6,94.9,94.32,94.72,7567457,JNJ
2014-01-15,94.65,95.2701,94.51,94.8,7423588,JNJ
2014-01-16,94.6,95.0884,94.23,94.64,8401397,JNJ
2014-01-17,94.72,95.17,94.38,95.06,13815121,JNJ
2014-01-21,94.93,95.1,92.62,94.03,16368694,JNJ
2014-01-22,93.99,94.55,93.54,94.32,8897354,JNJ
2014-01-23,93.74,93.8,92.41,92.74,9322328,JNJ
2014-01-24,92.12,92.61,90.61,90.61,10661597,JNJ
2014-01-27,90.3,90.76,89.85,89.94,8692336,JNJ
2014-01-28,90.58,90.6,89.79,90.1,8279490,JNJ
2014-01-29,89.47,89.71,88.53,88.9,11168264,JNJ
2014-01-30,89.62,89.78,89.01,89.5,6876827,JNJ
2014-01-31,89.01,89.34,88.15,88.47,12198893,JNJ
2014-02-03,88.75,88.78,86.61,86.78,13950813,JNJ
2014-02-04,86.93,87.28,86.09,86.62,11438774,JNJ
2014-02-05,86.49,87.67,86.48,87.28,10678430,JNJ
2014-02-06,87.63,88.76,87.55,88.75,10038015,JNJ
2014-02-07,88.92,90.04,88.61,90.04,9526254,JNJ
2014-02-10,90.24,91.08,89.8,91.07,8080445,JNJ
2014-02-11,91.09,92.97,90.95,92.97,11581143,JNJ
2014-02-12,92.95,92.99,91.95,92.42,7699343,JNJ
2014-02-13,92.0,92.62,91.71,92.56,5926351,JNJ
2014-02-14,92.6,92.945,92.0282,92.76,5524615,JNJ
2014-02-18,92.77,92.85,92.09,92.17,6935397,JNJ
2014-02-19,92.15,92.75,91.57,91.64,7693621,JNJ
2014-02-20,91.69,92.73,91.31,92.38,8160140,JNJ
2014-02-21,91.86,92.245,91.45,91.52,7381439,JNJ
2014-02-24,91.45,92.06,91.1,91.11,8407203,JNJ
2014-02-25,91.59,91.87,90.66,91.11,6387063,JNJ
2014-02-26,91.11,91.54,90.77,91.11,6334213,JNJ
2014-02-27,91.16,91.42,90.75,91.36,7040593,JNJ
2014-02-28,91.42,92.64,91.06,92.12,9644505,JNJ
2014-03-03,91.13,91.98,90.83,91.56,7506726,JNJ
2014-03-04,92.47,93.46,92.25,93.34,8796989,JNJ
2014-03-05,93.27,93.3,92.38,92.59,6843672,JNJ
2014-03-06,93.19,93.65,92.82,92.89,7718786,JNJ
2014-03-07,93.37,93.48,92.6901,93.32,6792275,JNJ
2014-03-10,93.17,93.49,92.79,93.45,4880978,JNJ
2014-03-11,93.71,93.75,93.09,93.49,5837194,JNJ
2014-03-12,92.82,93.62,92.65,93.6,6159381,JNJ
2014-03-13,93.85,94.2,92.98,93.0,7659366,JNJ
2014-03-14,92.88,93.44,92.46,92.81,7337843,JNJ
2014-03-17,93.26,94.18,93.18,93.93,5876845,JNJ
2014-03-18,93.9,94.24,93.48,93.94,5891904,JNJ
2014-03-19,93.89,94.36,92.92,93.59,5937603,JNJ
2014-03-20,93.52,94.19,92.96,94.12,5727520,JNJ
2014-03-21,94.77,95.93,93.88,95.93,24005402,JNJ
2014-03-24,95.3,95.43,94.54,95.2,13949809,JNJ
2014-03-25,95.7,97.7,95.7,97.38,14167327,JNJ
2014-03-26,97.51,98.47,97.05,97.05,11215165,JNJ
2014-03-27,97.08,97.7,96.26,97.28,8694613,JNJ
2014-03-28,97.51,98.22,96.96,97.44,8815993,JNJ
2014-03-31,98.0,98.6,97.61,98.23,7545682,JNJ
2014-04-01,98.31,98.68,97.37,97.94,7068696,JNJ
2014-04-02,98.01,98.39,97.37,98.23,7995623,JNJ
2014-04-03,97.97,98.34,97.53,98.26,5476117,JNJ
2014-04-04,98.62,99.38,98.32,98.42,10310236,JNJ
2014-04-07,98.39,99.36,97.83,97.89,11410399,JNJ
2014-04-08,98.03,98.725,97.5,98.06,9601881,JNJ
2014-04-09,98.42,99.0,97.78,98.95,8921922,JNJ
2014-04-10,98.86,98.93,96.52,96.54,9668076,JNJ
2014-04-11,96.2,97.199,96.05,96.87,8711166,JNJ
2014-04-14,97.28,97.36,96.25,97.14,8617844,JNJ
2014-04-15,98.45,99.21,98.05,99.2,14005235,JNJ
2014-04-16,99.57,99.71,98.07,98.75,11308070,JNJ
2014-04-17,98.69,99.65,98.69,98.96,9153584,JNJ
2014-04-21,99.01,100.13,98.67,100.0,7032062,JNJ
2014-04-22,100.0,100.75,99.74,100.18,7937911,JNJ
2014-04-23,100.24,100.56,99.92,100.22,5880223,JNJ
2014-04-24,100.24,100.37,99.55,99.96,6154027,JNJ
2014-04-25,99.97,100.26,99.4,99.79,5897880,JNJ
2014-04-28,100.56,101.5,100.1201,101.34,8793329,JNJ
2014-04-29,101.63,101.98,100.96,101.03,7811264,JNJ
2014-04-30,100.84,101.67,100.7,101.29,8519913,JNJ
2014-05-01,100.77,101.03,99.93,100.53,6590499,JNJ
2014-05-02,100.17,100.38,98.88,99.31,8744242,JNJ
2014-05-05,99.29,100.17,99.04,100.0,5438240,JNJ
2014-05-06,100.02,100.02,99.51,99.51,5795969,JNJ
2014-05-07,99.85,101.045,99.35,100.91,8720814,JNJ
2014-05-08,100.67,101.09,100.36,100.5,5668825,JNJ
2014-05-09,100.86,101.25,100.41,100.91,5691707,JNJ
2014-05-12,101.24,101.24,100.42,100.52,7437341,JNJ
2014-05-13,100.9,101.49,100.625,101.02,6183174,JNJ
2014-05-14,100.95,101.1,100.77,100.87,4187810,JNJ
2014-05-15,100.64,100.84,100.41,100.69,7011935,JNJ
2014-05-16,100.57,100.89,100.14,100.58,6517090,JNJ
2014-05-19,100.22,100.93,100.125,100.64,6997400,JNJ
2014-05-20,100.81,100.98,99.96,100.25,5438763,JNJ
2014-05-21,100.6,101.2,100.53,101.14,5302472,JNJ
2014-05-22,100.58,101.01,100.08,100.96,5124957,JNJ
2014-05-23,101.04,101.16,100.67,100.98,5276064,JNJ
2014-05-27,101.1,101.36,100.265,100.81,4524361,JNJ
2014-05-28,100.67,100.93,100.12,100.3,4353776,JNJ
2014-05-29,100.56,100.795,100.15,100.76,3685692,JNJ
2014-05-30,100.7,101.54,100.55,101.46,5972931,JNJ
2014-06-02,101.54,102.26,101.01,102.17,5852618,JNJ
2014-06-03,101.91,102.6,101.84,102.46,6683665,JNJ
2014-06-04,102.23,102.71,101.94,102.68,5608597,JNJ
2014-06-05,102.78,103.36,102.42,103.22,4731051,JNJ
2014-06-06,103.25,103.33,102.8386,103.18,4625104,JNJ
2014-06-09,103.07,103.23,102.68,103.22,3748814,JNJ
2014-06-10,103.47,104.12,102.77,104.1,5797720,JNJ
2014-06-11,103.81,104.15,103.133,103.32,5960610,JNJ
2014-06-12,103.18,103.21,102.51,102.53,5935011,JNJ
2014-06-13,102.51,102.65,102.17,102.53,4302188,JNJ
2014-06-16,102.52,102.89,101.84,102.45,5645516,JNJ
2014-06-17,102.13,102.2,101.38,101.93,4835591,JNJ
2014-06-18,101.91,102.83,101.8603,102.81,5449119,JNJ
2014-06-19,102.93,103.87,102.81,103.81,5481511,JNJ
2014-06-20,104.37,105.48,104.07,105.27,12464629,JNJ
2014-06-23,104.91,105.12,104.44,104.75,6066848,JNJ
2014-06-24,104.63,105.23,104.55,104.59,5915291,JNJ
2014-06-25,104.23,105.87,104.23,105.76,6411062,JNJ
2014-06-26,105.84,105.97,105.03,105.65,5106917,JNJ
2014-06-27,105.47,105.59,104.45,104.99,6462995,JNJ
2014-06-30,105.62,106.0,104.52,104.62,6944226,JNJ
2014-07-01,105.15,106.0,104.99,105.87,5133942,JNJ
2014-07-02,105.7,105.97,105.295,105.86,3764939,JNJ
2014-07-03,105.87,106.25,105.11,105.42,4199082,JNJ
2014-07-07,105.42,106.74,105.27,106.47,7018503,JNJ
2014-07-08,106.21,106.25,105.52,105.72,6268373,JNJ
2014-07-09,106.0,106.21,105.72,106.04,5721371,JNJ
2014-07-10,105.08,106.0,104.52,105.8,4955123,JNJ
2014-07-11,105.84,106.009,104.86,105.1,5464127,JNJ
2014-07-14,105.38,105.49,105.11,105.38,7786696,JNJ
2014-07-15,105.23,105.47,102.77,103.28,14224802,JNJ
2014-07-16,103.53,103.67,101.95,102.22,11947879,JNJ
2014-07-17,101.9,102.1,100.26,100.37,11226538,JNJ
2014-07-18,100.67,101.96,100.37,101.8,8408731,JNJ
2014-07-21,101.44,101.58,101.02,101.27,6386413,JNJ
2014-07-22,101.91,102.54,101.78,102.47,6554213,JNJ
2014-07-23,102.8,102.93,101.8832,102.19,4815975,JNJ
2014-07-24,102.34,102.73,102.02,102.2,5177227,JNJ
2014-07-25,102.27,102.4,101.8,102.11,3952062,JNJ
2014-07-28,101.89,102.4,101.66,102.11,4634905,JNJ
2014-07-29,102.45,102.51,101.69,101.96,6058738,JNJ
2014-07-30,102.27,102.85,101.81,102.3,5995785,JNJ
2014-07-31,101.77,101.84,100.05,100.09,9142218,JNJ
2014-08-01,99.76,100.41,98.8,99.9,8610725,JNJ
2014-08-04,99.99,100.375,99.315,100.16,6790846,JNJ
2014-08-05,99.83,100.24,99.55,99.82,6230883,JNJ
2014-08-06,99.67,100.83,99.6,100.71,7412322,JNJ
2014-08-07,101.09,101.19,99.58,99.93,7417911,JNJ
2014-08-08,100.21,101.15,99.77,101.08,5619629,JNJ
2014-08-11,101.62,101.78,101.01,101.16,5706553,JNJ
2014-08-12,101.0,101.22,100.31,100.63,4577733,JNJ
2014-08-13,101.15,101.95,101.15,101.74,4563668,JNJ
2014-08-14,101.89,102.05,101.5,102.02,5239445,JNJ
2014-08-15,102.21,102.44,100.8,101.17,6986145,JNJ
2014-08-18,101.92,102.72,101.75,102.7,5981073,JNJ
2014-08-19,102.73,102.96,102.02,102.96,5670017,JNJ
2014-08-20,102.87,103.3,102.7,103.21,5183142,JNJ
2014-08-21,103.33,104.42,103.33,104.19,8357633,JNJ
2014-08-22,103.63,104.03,102.97,103.1,5076573,JNJ
2014-08-25,103.65,103.81,103.09,103.23,3678216,JNJ
2014-08-26,103.47,103.72,103.17,103.44,3512447,JNJ
2014-08-27,103.6,103.72,102.91,103.22,4786441,JNJ
2014-08-28,102.9,103.19,102.71,102.95,3485694,JNJ
2014-08-29,103.1,103.76,103.0069,103.73,5287778,JNJ
2014-09-02,103.3,103.7097,103.02,103.36,4644820,JNJ
2014-09-03,103.82,104.1,103.54,103.76,4725840,JNJ
2014-09-04,103.99,104.1,103.76,103.84,6147742,JNJ
2014-09-05,103.92,104.42,103.34,104.42,5750803,JNJ
2014-09-08,104.42,104.58,103.83,104.05,4900319,JNJ
2014-09-09,104.4,104.4,103.55,103.8,6006566,JNJ
2014-09-10,104.19,105.34,103.96,104.99,7406861,JNJ
2014-09-11,104.78,104.89,104.0999,104.55,4835853,JNJ
2014-09-12,104.54,104.805,103.96,104.58,5931020,JNJ
2014-09-15,104.59,104.91,104.35,104.72,4525564,JNJ
2014-09-16,104.49,105.94,104.3,105.88,6081537,JNJ
2014-09-17,105.88,106.63,105.8,106.19,6627848,JNJ
2014-09-18,106.18,107.41,106.03,107.35,6628840,JNJ
2014-09-19,107.89,108.37,107.62,107.99,13033621,JNJ
2014-09-22,108.0,108.25,107.775,107.88,5790392,JNJ
2014-09-23,107.77,108.1,107.19,107.46,8108322,JNJ
2014-09-24,107.7,108.77,107.34,108.64,5892456,JNJ
2014-09-25,108.53,108.55,107.07,107.1,5691811,JNJ
2014-09-26,107.41,107.49,106.2,107.1,4467569,JNJ
2014-09-29,106.38,106.65,106.04,106.54,6581602,JNJ
2014-09-30,106.5,107.2099,106.45,106.59,6822524,JNJ
2014-10-01,105.98,106.28,103.95,104.3,12267373,JNJ
2014-10-02,104.06,104.54,103.25,103.85,7566157,JNJ
2014-10-03,104.23,105.19,104.13,105.13,6856127,JNJ
2014-10-06,105.68,106.0,104.365,104.86,5016549,JNJ
2014-10-07,104.46,104.46,102.34,102.39,8409384,JNJ
2014-10-08,102.43,105.03,102.0401,104.91,8336957,JNJ
2014-10-09,104.63,104.86,101.79,102.08,10677257,JNJ
2014-10-10,102.35,102.53,101.23,101.23,9988521,JNJ
2014-10-13,101.46,101.46,99.02,99.12,10341254,JNJ
2014-10-14,100.53,100.9,95.34,97.01,20808277,JNJ
2014-10-15,96.05,98.72,95.1,98.21,21905946,JNJ
2014-10-16,96.97,98.0,96.5,96.78,14575531,JNJ
2014-10-17,97.54,99.15,97.31,98.7,12281405,JNJ
2014-10-20,98.83,99.2,98.32,99.2,7991982,JNJ
2014-10-21,99.83,100.38,99.34,100.36,7288282,JNJ
2014-10-22,101.1,101.79,100.52,101.22,9364649,JNJ
2014-10-23,102.26,102.98,101.94,102.63,7570675,JNJ
2014-10-24,102.95,103.29,102.2056,103.13,5973242,JNJ
2014-10-27,103.07,104.24,103.035,104.07,7044535,JNJ
2014-10-28,104.55,104.8,103.56,104.79,10347753,JNJ
2014-10-29,105.0,105.56,104.86,105.56,8188368,JNJ
2014-10-30,105.17,107.05,104.91,107.04,9068343,JNJ
2014-10-31,107.94,108.18,107.26,107.78,10803709,JNJ
2014-11-03,107.83,108.12,106.75,107.46,7084618,JNJ
2014-11-04,107.89,108.73,107.34,108.62,9349214,JNJ
2014-11-05,109.05,109.26,107.95,108.82,6966795,JNJ
2014-11-06,108.93,109.32,108.55,109.01,6200277,JNJ
2014-11-07,109.0,109.03,107.92,108.2,6652571,JNJ
2014-11-10,108.07,108.92,107.2,108.82,7573288,JNJ
2014-11-11,108.88,109.4,108.55,108.91,6229047,JNJ
2014-11-12,108.67,109.0,108.3862,108.75,4895939,JNJ
2014-11-13,109.05,109.49,108.5,109.07,4859955,JNJ
2014-11-14,108.92,109.06,108.01,108.16,5650746,JNJ
2014-11-17,108.0,108.69,107.61,108.3,5232983,JNJ
2014-11-18,108.13,109.06,107.72,108.83,5407151,JNJ
2014-11-19,108.45,108.81,108.1,108.76,5217829,JNJ
2014-11-20,108.55,108.57,107.69,108.18,8090667,JNJ
2014-11-21,108.73,108.73,107.62,107.86,8417378,JNJ
2014-11-24,107.92,108.23,106.64,106.88,9097994,JNJ
2014-11-25,106.98,107.19,106.7,106.7,7367894,JNJ
2014-11-26,106.77,107.25,106.6,107.21,5503702,JNJ
2014-11-28,107.61,108.82,107.33,108.25,5881239,JNJ
2014-12-01,107.89,108.813,107.35,108.03,5638779,JNJ
2014-12-02,107.97,108.53,107.5,108.51,6184380,JNJ
2014-12-03,108.54,108.99,107.65,107.72,8957411,JNJ
2014-12-04,108.09,108.3,107.38,107.56,6813598,JNJ
2014-12-05,107.53,108.74,107.221,108.51,6449739,JNJ
2014-12-08,108.42,108.88,108.1405,108.52,6500735,JNJ
2014-12-09,108.22,108.47,106.89,108.05,7214300,JNJ
2014-12-10,107.61,107.96,106.15,106.24,9416414,JNJ
2014-12-11,105.85,107.305,105.36,106.72,7114640,JNJ
2014-12-12,106.65,106.87,104.39,104.43,8334704,JNJ
2014-12-15,104.77,105.06,103.63,103.96,12110559,JNJ
2014-12-16,103.48,105.21,102.5,102.76,10212440,JNJ
2014-12-17,103.27,104.49,102.7,104.07,10207637,JNJ
2014-12-18,105.62,106.82,104.74,106.81,11756825,JNJ
2014-12-19,106.63,107.39,105.5,105.55,19154418,JNJ
2014-12-22,105.69,106.83,105.67,106.74,8124539,JNJ
2014-12-23,106.66,106.91,103.92,104.28,10181076,JNJ
2014-12-24,104.38,105.33,104.38,104.59,3420184,JNJ
2014-12-26,105.07,105.69,104.69,105.06,2951001,JNJ
2014-12-29,104.64,105.69,104.61,105.33,4273424,JNJ
2014-12-30,105.42,105.8,105.06,105.36,4371735,JNJ
2014-12-31,105.61,106.11,104.54,104.57,6202118,JNJ
2015-01-02,105.05,105.55,104.13,104.52,5756961,JNJ
2015-01-05,104.48,104.73,103.682,103.79,8079279,JNJ
2015-01-06,104.34,104.99,102.94,103.28,7428022,JNJ
2015-01-07,103.91,105.83,103.81,105.56,7931714,JNJ
2015-01-08,106.06,106.49,105.75,106.39,9925854,JNJ
2015-01-09,106.5,106.5,104.75,104.94,7364760,JNJ
2015-01-12,105.17,105.82,104.3,104.58,6838966,JNJ
2015-01-13,105.44,106.33,104.24,104.76,10155188,JNJ
2015-01-14,103.86,104.43,103.51,104.0,8887694,JNJ
2015-01-15,102.97,103.93,101.95,102.49,10834811,JNJ
2015-01-16,102.06,104.62,102.0,104.04,14092276,JNJ
2015-01-20,101.55,102.05,100.26,101.29,20467800,JNJ
2015-01-21,100.56,102.1,100.4,101.9,11702890,JNJ
2015-01-22,102.39,103.83,101.57,103.76,9036608,JNJ
2015-01-23,102.94,102.97,101.9397,102.2,10125960,JNJ
2015-01-26,101.8,102.45,101.21,102.26,8962787,JNJ
2015-01-27,101.83,102.7671,100.93,102.09,10160531,JNJ
2015-01-28,102.48,102.93,101.44,101.48,9053222,JNJ
2015-01-29,101.51,102.46,100.67,102.38,7569330,JNJ
2015-01-30,101.58,102.0,100.09,100.14,10676345,JNJ
2015-02-02,100.49,100.85,99.38,100.83,8990701,JNJ
2015-02-03,101.4,102.56,101.12,102.46,10005207,JNJ
2015-02-04,102.12,102.45,101.02,101.36,9514074,JNJ
2015-02-05,101.57,102.56,101.46,102.46,6642224,JNJ
2015-02-06,102.11,102.45,100.83,101.1,9215663,JNJ
2015-02-09,101.06,101.06,99.1,99.78,9851745,JNJ
2015-02-10,100.19,100.7,99.425,100.35,12275450,JNJ
2015-02-11,100.46,100.79,99.95,100.38,8177011,JNJ
2015-02-12,100.5,100.54,97.15,98.44,25835156,JNJ
2015-02-13,98.44,99.67,98.33,99.62,11153595,JNJ
2015-02-17,99.39,100.48,99.12,100.44,8627082,JNJ
2015-02-18,100.7,100.94,99.38,99.96,7878157,JNJ
2015-02-19,99.95,100.84,99.61,100.7,10028180,JNJ
2015-02-20,100.18,100.366,99.11,100.26,10085673,JNJ
2015-02-23,100.74,100.77,99.8,100.18,6878246,JNJ
2015-02-24,100.25,101.05,100.0,100.7,6588073,JNJ
2015-02-25,100.94,101.29,100.16,101.21,9683963,JNJ
2015-02-26,101.38,103.18,101.22,102.8,11437890,JNJ
2015-02-27,103.04,103.33,102.48,102.51,8500014,JNJ
2015-03-02,102.86,103.41,102.7,103.22,7277612,JNJ
2015-03-03,103.1,103.1,101.81,102.34,6419659,JNJ
2015-03-04,102.12,102.12,101.17,101.65,8665474,JNJ
2015-03-05,102.07,103.21,102.0,102.52,8042336,JNJ
2015-03-06,102.09,102.43,99.88,100.11,9287621,JNJ
2015-03-09,100.2,100.92,99.76,100.66,5701061,JNJ
2015-03-10,99.99,100.44,99.51,99.53,8735743,JNJ
2015-03-11,99.83,99.83,98.22,98.32,9138141,JNJ
2015-03-12,98.96,100.24,98.83,99.83,8317996,JNJ
2015-03-13,99.85,100.05,98.6393,99.21,7821813,JNJ
2015-03-16,99.74,101.07,99.74,101.06,7726509,JNJ
2015-03-17,100.11,100.52,99.41,99.89,7301526,JNJ
2015-03-18,99.89,101.74,99.13,101.46,7972458,JNJ
2015-03-19,101.04,101.955,100.91,101.69,6863107,JNJ
2015-03-20,101.87,102.9,101.76,102.4,12433761,JNJ
2015-03-23,102.47,103.35,102.23,102.98,9015961,JNJ
2015-03-24,102.83,103.23,101.93,101.96,8390708,JNJ
2015-03-25,101.85,102.5,100.34,100.34,8444099,JNJ
2015-03-26,99.95,100.81,99.56,100.14,9972373,JNJ
2015-03-27,100.28,100.95,100.15,100.34,5847382,JNJ
2015-03-30,101.24,101.86,100.76,101.55,6061170,JNJ
2015-03-31,100.97,101.49,100.59,100.6,8027954,JNJ
2015-04-01,100.46,100.46,98.61,99.15,11368126,JNJ
2015-04-02,99.44,99.99,98.89,99.64,6097146,JNJ
2015-04-06,98.84,99.56,98.04,99.16,9697623,JNJ
2015-04-07,99.55,100.87,99.433,100.1,7900303,JNJ
2015-04-08,99.84,100.45,99.6,100.16,7354110,JNJ
2015-04-09,100.57,101.65,100.33,101.33,8073887,JNJ
2015-04-10,101.33,102.14,100.93,102.06,6786456,JNJ
2015-04-13,101.54,101.98,100.55,100.55,10753497,JNJ
2015-04-14,101.05,101.46,100.185,100.52,9322175,JNJ
2015-04-15,100.54,101.24,100.33,100.6,8237103,JNJ
2015-04-16,100.27,100.3199,99.77,99.79,7324783,JNJ
2015-04-17,99.37,99.8515,99.11,99.58,11084248,JNJ
2015-04-20,100.26,100.88,100.05,100.21,6668541,JNJ
2015-04-21,100.66,100.99,100.16,100.3,6532698,JNJ
2015-04-22,100.63,100.8,99.96,100.43,4764283,JNJ
2015-04-23,100.5,100.82,99.91,100.46,7351494,JNJ
2015-04-24,100.11,101.529,100.0,101.08,6566915,JNJ
2015-04-27,101.16,101.6,100.47,100.58,9113861,JNJ
2015-04-28,100.45,100.9455,99.31,100.74,7484612,JNJ
2015-04-29,100.51,100.61,99.9,100.39,8926249,JNJ
2015-04-30,100.07,100.15,98.77,99.2,10170628,JNJ
2015-05-01,99.62,100.39,99.62,100.13,6255973,JNJ
2015-05-04,100.33,100.55,100.16,100.35,5532387,JNJ
2015-05-05,100.13,100.29,99.29,99.5,8828129,JNJ
2015-05-06,99.62,99.87,98.66,99.17,8030769,JNJ
2015-05-07,98.94,100.0,98.91,99.66,6401552,JNJ
2015-05-08,100.48,101.67,100.443,101.47,7508622,JNJ
2015-05-11,101.32,101.66,101.01,101.03,5698884,JNJ
2015-05-12,100.88,101.05,100.28,100.47,6903070,JNJ
2015-05-13,100.68,101.13,100.47,100.55,5826750,JNJ
2015-05-14,100.97,101.87,100.95,101.83,5454009,JNJ
2015-05-15,101.98,102.32,101.67,102.3,6023543,JNJ
2015-05-18,102.37,104.34,102.32,103.42,10479584,JNJ
2015-05-19,103.66,104.12,103.2549,103.96,7724081,JNJ
2015-05-20,104.42,104.48,103.31,103.6,7146547,JNJ
2015-05-21,102.91,103.3007,102.34,102.42,6875627,JNJ
2015-05-22,102.27,102.41,101.33,101.35,6216965,JNJ
2015-05-26,101.23,101.55,100.58,100.82,7918872,JNJ
2015-05-27,101.01,101.41,100.8,101.13,9297934,JNJ
2015-05-28,101.01,101.7,100.81,101.15,5700051,JNJ
2015-05-29,101.55,101.62,99.83,100.14,9957798,JNJ
2015-06-01,100.28,100.6,99.72,100.04,7298085,JNJ
2015-06-02,99.92,100.24,99.1,99.98,8312446,JNJ
2015-06-03,100.32,100.43,99.84,100.09,5375153,JNJ
2015-06-04,99.94,100.47,99.06,99.23,8057860,JNJ
2015-06-05,98.99,99.05,98.2,98.59,7557268,JNJ
2015-06-08,98.6,98.98,97.96,97.96,7054613,JNJ
2015-06-09,98.44,98.54,97.8,98.21,7844315,JNJ
2015-06-10,98.48,99.55,98.2,98.88,10025139,JNJ
2015-06-11,99.2,99.8,98.83,99.24,6175188,JNJ
2015-06-12,98.88,99.229,98.12,98.35,8717217,JNJ
2015-06-15,97.75,97.87,97.01,97.49,6833452,JNJ
2015-06-16,97.5,98.49,97.1,98.36,6049522,JNJ
2015-06-17,98.38,99.1199,98.15,98.73,6155753,JNJ
2015-06-18,98.86,100.55,98.71,100.36,8815756,JNJ
2015-06-19,99.88,100.2,99.78,99.86,11653584,JNJ
2015-06-22,100.6,100.84,99.99,100.09,5055871,JNJ
2015-06-23,100.1,100.36,99.48,99.78,6046627,JNJ
2015-06-24,99.51,99.81,99.07,99.33,7254699,JNJ
2015-06-25,99.5,99.98,99.11,99.12,6581098,JNJ
2015-06-26,99.43,100.13,99.12,99.64,9041052,JNJ
2015-06-29,98.98,99.35,97.62,97.68,11150902,JNJ
2015-06-30,98.43,98.45,97.3,97.46,8967911,JNJ
2015-07-01,98.3,98.675,97.64,98.47,6726694,JNJ
2015-07-02,98.85,99.02,98.32,98.44,6091886,JNJ
2015-07-06,97.71,98.5,96.64,98.2,6817796,JNJ
2015-07-07,98.63,98.98,97.52,98.92,7122569,JNJ
2015-07-08,98.42,98.59,97.69,97.77,6845543,JNJ
2015-07-09,99.05,99.5398,98.4,98.4,7316390,JNJ
2015-07-10,99.78,99.89,99.09,99.53,6969285,JNJ
2015-07-13,100.05,100.48,99.87,100.27,6986321,JNJ
2015-07-14,99.26,99.88,98.55,99.78,9890556,JNJ
2015-07-15,99.76,100.94,99.63,100.42,7990325,JNJ
2015-07-16,100.95,101.36,100.78,101.11,5774981,JNJ
2015-07-17,100.89,100.91,99.96,100.08,8054183,JNJ
2015-07-20,100.5,100.65,100.1,100.37,5016152,JNJ
2015-07-21,100.6,100.81,100.07,100.34,5891640,JNJ
2015-07-22,100.41,100.71,99.73,100.18,6721856,JNJ
2015-07-23,100.5,100.6,100.0,100.2,5016148,JNJ
2015-07-24,99.75,99.95,99.05,99.15,6524173,JNJ
2015-07-27,98.97,98.99,97.915,98.28,8733993,JNJ
2015-07-28,98.89,99.23,98.42,99.02,7757505,JNJ
2015-07-29,99.26,100.05,99.05,99.73,7853488,JNJ
2015-07-30,99.8,100.0,99.38,99.84,5517401,JNJ
2015-07-31,100.34,100.98,99.96,100.21,6216815,JNJ
2015-08-03,100.0,100.21,99.23,100.02,6172519,JNJ
2015-08-04,100.41,100.5,99.65,99.8,6005340,JNJ
2015-08-05,100.57,101.0,100.35,100.52,4571280,JNJ
2015-08-06,100.49,100.6,99.01,99.07,6987963,JNJ
2015-08-07,99.02,99.07,98.16,98.85,6027855,JNJ
2015-08-10,99.57,100.06,99.45,99.79,6133458,JNJ
2015-08-11,99.05,99.34,98.77,99.01,6682636,JNJ
2015-08-12,98.4,98.73,97.41,98.71,7607491,JNJ
2015-08-13,98.74,98.98,98.15,98.48,5047960,JNJ
2015-08-14,98.33,98.825,97.8728,98.81,5177310,JNJ
2015-08-17,98.44,99.88,98.06,99.87,6901809,JNJ
2015-08-18,99.24,99.68,99.02,99.37,7618826,JNJ
2015-08-19,99.18,99.99,98.78,99.31,7642349,JNJ
2015-08-20,98.95,100.1199,98.79,98.79,10620430,JNJ
2015-08-21,97.22,98.52,95.51,95.56,16141529,JNJ
2015-08-24,91.08,95.21,81.79,92.82,25636323,JNJ
2015-08-25,95.69,95.7,90.4,90.73,15671123,JNJ
2015-08-26,92.91,95.22,91.46,95.11,14738289,JNJ
2015-08-27,96.1,96.4,94.35,96.22,11131225,JNJ
2015-08-28,95.93,96.29,94.38,95.17,9200294,JNJ
2015-08-31,94.88,95.17,93.58,93.98,9083511,JNJ
2015-09-01,92.29,92.89,91.4601,92.09,14593543,JNJ
2015-09-02,93.45,93.47,92.5,93.35,11517391,JNJ
2015-09-03,93.66,94.09,92.26,92.64,9027240,JNJ
2015-09-04,91.58,91.88,90.5728,91.31,10997186,JNJ
2015-09-08,93.09,93.98,92.51,93.94,11394069,JNJ
2015-09-09,94.99,95.16,92.03,92.22,7384549,JNJ
2015-09-10,92.11,93.48,91.615,92.72,8359464,JNJ
2015-09-11,92.44,93.0,91.8,92.93,7381327,JNJ
2015-09-14,92.9,93.91,92.51,93.32,7948727,JNJ
2015-09-15,93.79,94.745,93.19,94.4,7030679,JNJ
2015-09-16,94.49,94.82,93.82,94.61,5630442,JNJ
2015-09-17,94.53,96.19,94.32,94.84,8258048,JNJ
2015-09-18,94.08,94.7185,93.25,93.39,14211147,JNJ
2015-09-21,93.87,94.6,92.37,93.13,7053655,JNJ
2015-09-22,92.26,93.44,91.8799,93.24,10618668,JNJ
2015-09-23,93.21,93.7,92.56,92.99,5609270,JNJ
2015-09-24,92.52,92.94,91.775,92.48,7407588,JNJ
2015-09-25,92.93,93.125,90.76,91.0,10794367,JNJ
2015-09-28,90.7,92.07,89.9,91.37,14332752,JNJ
2015-09-29,92.24,93.84,91.83,93.04,11519966,JNJ
2015-09-30,94.13,94.47,92.59,93.35,10970101,JNJ
2015-10-01,93.43,93.85,91.76,93.17,9675937,JNJ
2015-10-02,92.14,93.97,91.84,93.93,8368056,JNJ
2015-10-05,94.19,94.82,94.075,94.76,9419198,JNJ
2015-10-06,94.52,94.66,92.58,93.42,8365247,JNJ
2015-10-07,94.26,95.42,93.44,94.98,9466389,JNJ
2015-10-08,94.71,95.195,93.81,95.08,7090710,JNJ
2015-10-09,95.14,95.96,94.7775,95.37,8259654,JNJ
2015-10-12,95.07,96.47,94.98,95.99,8957937,JNJ
2015-10-13,94.79,96.23,94.31,95.45,12761886,JNJ
2015-10-14,95.21,95.96,94.12,94.53,8881871,JNJ
2015-10-15,95.0,97.35,94.86,97.15,9561891,JNJ
2015-10-16,97.87,98.31,97.4,98.24,9495256,JNJ
2015-10-19,98.05,98.2,97.31,97.94,8725430,JNJ
2015-10-20,97.95,98.25,97.31,97.59,6041789,JNJ
2015-10-21,97.64,98.22,97.07,97.63,7093295,JNJ
2015-10-22,97.85,99.81,97.13,99.53,9887929,JNJ
2015-10-23,99.88,100.88,99.53,100.31,9178873,JNJ
2015-10-26,100.05,100.28,99.49,99.94,7561604,JNJ
2015-10-27,99.92,100.9,99.7,100.19,8883164,JNJ
2015-10-28,100.45,100.48,99.5,100.48,7256317,JNJ
2015-10-29,100.47,101.53,100.12,101.37,6340702,JNJ
2015-10-30,101.53,102.12,101.01,101.03,10520339,JNJ
2015-11-02,101.18,102.34,100.84,102.17,6297939,JNJ
2015-11-03,101.84,102.3,101.11,101.96,6229192,JNJ
2015-11-04,101.9,102.39,101.69,101.94,5592309,JNJ
2015-11-05,102.25,102.49,101.42,102.33,6545590,JNJ
2015-11-06,101.57,101.92,100.86,101.92,6221110,JNJ
2015-11-09,101.39,101.59,100.55,100.84,6625850,JNJ
2015-11-10,101.0,101.76,100.68,101.45,5114204,JNJ
2015-11-11,101.78,102.355,101.5,101.86,6284749,JNJ
2015-11-12,101.14,101.605,100.22,100.27,6918671,JNJ
2015-11-13,100.04,100.94,99.74,99.88,8517537,JNJ
2015-11-16,100.38,101.29,100.04,101.22,5755804,JNJ
2015-11-17,101.34,101.71,100.88,101.5,5124025,JNJ
2015-11-18,101.53,102.8,101.31,102.67,7148429,JNJ
2015-11-19,102.66,102.68,102.06,102.49,5164480,JNJ
2015-11-20,102.49,102.8,102.2,102.48,7671517,JNJ
2015-11-23,102.39,103.0,102.19,102.77,6730605,JNJ
2015-11-24,101.81,102.79,101.81,102.04,7492381,JNJ
2015-11-25,102.17,102.33,101.96,101.96,5401491,JNJ
2015-11-27,102.28,102.62,101.79,102.37,2353779,JNJ
2015-11-30,102.48,102.48,101.24,101.24,8983655,JNJ
2015-12-01,101.73,102.49,101.12,102.36,7545986,JNJ
2015-12-02,102.5,102.93,101.99,102.05,6623500,JNJ
2015-12-03,102.27,102.37,100.31,100.79,12008737,JNJ
2015-12-04,101.4,103.0,101.28,102.95,7845387,JNJ
2015-12-07,102.61,103.49,102.6,103.32,7262911,JNJ
2015-12-08,102.98,103.24,101.9103,102.42,8005368,JNJ
2015-12-09,102.14,103.34,101.67,102.15,7947010,JNJ
2015-12-10,102.3,103.34,101.8,102.64,6479272,JNJ
2015-12-11,102.37,102.37,101.43,101.68,7796497,JNJ
2015-12-14,101.645,102.29,100.78,102.15,10641483,JNJ
2015-12-15,102.65,104.69,102.65,104.13,9283193,JNJ
2015-12-16,104.64,105.49,103.52,105.25,8178826,JNJ
2015-12-17,105.16,105.26,103.63,103.64,8740832,JNJ
2015-12-18,103.08,103.08,101.95,101.95,14966025,JNJ
2015-12-21,102.34,102.92,100.85,101.58,8321937,JNJ
2015-12-22,101.91,102.88,101.15,102.71,5581632,JNJ
2015-12-23,103.11,103.67,102.74,103.49,5531671,JNJ
2015-12-24,103.12,103.91,103.01,103.72,2546278,JNJ
2015-12-28,103.18,103.47,102.925,103.22,4062986,JNJ
2015-12-29,103.34,104.185,103.34,104.03,4229973,JNJ
2015-12-30,104.11,104.34,103.53,103.78,3847819,JNJ
2015-12-31,103.37,103.62,102.69,102.72,4592603,JNJ
2016-01-04,101.71,101.81,99.45,100.48,12722756,JNJ
2016-01-05,100.58,101.44,100.57,100.9,6467235,JNJ
2016-01-06,99.82,100.97,99.6,100.39,7733825,JNJ
2016-01-07,99.31,100.09,98.88,99.22,9433097,JNJ
2016-01-08,99.88,99.94,97.85,98.16,9766711,JNJ
2016-01-11,98.24,98.63,96.08,97.57,8151427,JNJ
2016-01-12,97.99,98.63,97.24,98.24,6745013,JNJ
2016-01-13,98.49,98.98,96.84,97.02,8290689,JNJ
2016-01-14,97.1,99.47,97.0,98.89,10164344,JNJ
2016-01-15,96.37,98.0,96.25,97.0,12662181,JNJ
2016-01-19,97.93,98.41,96.9,97.5,12457849,JNJ
2016-01-20,96.11,97.28,94.53,95.75,12685151,JNJ
2016-01-21,95.77,96.64,94.28,95.94,11266449,JNJ
2016-01-22,97.02,97.085,95.95,96.75,8379951,JNJ
2016-01-25,96.72,97.69,96.04,96.4,9350181,JNJ
2016-01-26,97.26,101.34,97.135,101.18,17266649,JNJ
2016-01-27,100.49,103.38,100.49,102.16,19330465,JNJ
2016-01-28,102.5,103.04,101.85,102.27,12789459,JNJ
2016-01-29,102.89,104.75,102.63,104.44,15614567,JNJ
2016-02-01,103.61,104.785,103.22,104.37,9803745,JNJ
2016-02-02,103.3,104.26,103.0,103.41,10616349,JNJ
2016-02-03,103.65,104.38,102.01,104.14,10168633,JNJ
2016-02-04,103.61,104.085,102.73,103.9,10389000,JNJ
2016-02-05,102.66,102.77,99.78,100.54,15522154,JNJ
2016-02-08,100.31,103.51,100.22,102.0,14323776,JNJ
2016-02-09,101.31,102.24,100.9725,101.97,10044539,JNJ
2016-02-10,102.05,102.91,101.3684,101.73,9833124,JNJ
2016-02-11,100.46,102.02,99.98,101.7,12465832,JNJ
2016-02-12,101.82,101.98,100.72,101.82,9035013,JNJ
2016-02-16,102.37,103.05,101.65,102.32,10452827,JNJ
2016-02-17,102.75,103.24,102.23,102.5,8904013,JNJ
2016-02-18,102.83,104.6767,102.5,104.24,10744647,JNJ
2016-02-19,103.58,104.68,103.38,104.16,9343260,JNJ
2016-02-22,104.44,104.75,104.05,104.75,6946975,JNJ
2016-02-23,104.65,104.79,103.96,104.08,6629181,JNJ
2016-02-24,103.34,105.075,102.97,104.96,9076094,JNJ
2016-02-25,104.95,106.39,104.77,106.38,8092468,JNJ
2016-02-26,106.82,106.92,105.42,105.78,9049441,JNJ
2016-02-29,105.28,106.2,105.04,105.21,10111077,JNJ
2016-03-01,105.9,107.24,105.44,107.22,8298471,JNJ
2016-03-02,106.91,107.41,106.43,107.04,9766977,JNJ
2016-03-03,106.82,107.0,105.63,106.65,6927155,JNJ
2016-03-04,106.51,106.98,106.07,106.5,6715668,JNJ
2016-03-07,106.0,106.9196,105.49,106.74,6973521,JNJ
2016-03-08,106.52,106.77,105.965,106.22,7632880,JNJ
2016-03-09,106.84,107.02,106.09,106.84,7564238,JNJ
2016-03-10,106.99,107.48,106.07,107.14,10474747,JNJ
2016-03-11,107.5,107.99,107.21,107.71,7768990,JNJ
2016-03-14,107.92,108.3,107.31,107.66,7242758,JNJ
2016-03-15,107.62,108.35,106.76,107.76,8476598,JNJ
2016-03-16,107.73,107.78,106.875,107.41,7065081,JNJ
2016-03-17,107.47,107.6,106.45,106.74,8571010,JNJ
2016-03-18,106.99,107.84,106.36,107.5,14758303,JNJ
2016-03-21,107.41,107.75,106.55,107.28,7674706,JNJ
2016-03-22,107.28,107.63,107.05,107.38,7821676,JNJ
2016-03-23,107.29,108.825,107.2,108.5,8191313,JNJ
2016-03-24,108.22,108.61,107.75,108.31,6284486,JNJ
2016-03-28,108.41,108.9,108.06,108.23,4738112,JNJ
2016-03-29,108.3,109.25,107.74,109.14,6612787,JNJ
2016-03-30,109.45,109.56,108.93,108.98,5248182,JNJ
2016-03-31,108.86,108.98,108.04,108.2,8167693,JNJ
2016-04-01,108.0,109.29,107.69,109.19,9043232,JNJ
2016-04-04,108.82,109.1,108.26,108.59,10668885,JNJ
2016-04-05,108.23,109.84,108.005,108.95,7938961,JNJ
2016-04-06,108.72,109.5,107.88,109.42,6828705,JNJ
2016-04-07,109.0,109.62,108.63,109.27,7822916,JNJ
2016-04-08,109.37,109.64,108.76,109.1,6301634,JNJ
2016-04-11,109.15,109.62,108.65,108.97,6823922,JNJ
2016-04-12,109.0,110.24,108.75,109.6,8412327,JNJ
2016-04-13,110.0,110.35,109.31,109.87,5758284,JNJ
2016-04-14,110.0,110.29,109.45,109.84,4457099,JNJ
2016-04-15,110.07,110.4,109.5,110.18,10057921,JNJ
2016-04-18,110.0,111.1,109.67,110.93,7772549,JNJ
2016-04-19,111.65,113.95,111.48,112.68,10526437,JNJ
2016-04-20,113.19,114.19,113.05,113.58,8213383,JNJ
2016-04-21,113.31,113.73,112.77,113.57,7884452,JNJ
2016-04-22,113.43,113.7531,112.828,113.32,7508690,JNJ
2016-04-25,113.31,113.55,112.48,113.51,6139854,JNJ
2016-04-26,113.45,113.56,112.65,112.91,5853561,JNJ
2016-04-27,112.96,113.2,112.46,112.77,5759301,JNJ
2016-04-28,112.1,112.71,111.64,112.48,6640041,JNJ
2016-04-29,112.06,112.22,111.51,112.08,7774512,JNJ
2016-05-02,112.22,112.7897,111.93,112.75,5178847,JNJ
2016-05-03,112.56,113.1,112.12,112.69,7554529,JNJ
2016-05-04,112.04,112.54,111.7,112.22,5214649,JNJ
2016-05-05,112.08,113.1,112.04,112.88,5404341,JNJ
2016-05-06,112.58,113.05,112.275,112.74,6099860,JNJ
2016-05-09,112.98,113.99,112.73,113.72,6512715,JNJ
2016-05-10,114.0,115.0,113.92,114.67,8356411,JNJ
2016-05-11,114.57,114.76,114.31,114.37,6680655,JNJ
2016-05-12,114.5,114.7599,113.54,114.23,7156263,JNJ
2016-05-13,113.9,114.09,113.36,113.56,6779907,JNJ
2016-05-16,113.39,114.63,113.31,114.44,6222861,JNJ
2016-05-17,114.54,114.56,113.24,113.83,9233911,JNJ
2016-05-18,113.61,114.025,112.88,113.59,8267933,JNJ
2016-05-19,112.99,113.04,112.2,112.86,8232205,JNJ
2016-05-20,112.2,112.92,111.76,112.64,7435203,JNJ
2016-05-23,112.77,112.82,112.04,112.16,6462321,JNJ
2016-05-24,112.52,113.5,112.52,112.69,6125259,JNJ
2016-05-25,113.18,113.725,112.85,113.35,5455518,JNJ
2016-05-26,113.11,113.32,112.85,112.9,3973550,JNJ
2016-05-27,113.04,113.34,112.69,113.06,4647024,JNJ
2016-05-31,113.26,113.63,112.32,112.69,10104705,JNJ
2016-06-01,112.57,113.06,112.07,112.78,4749563,JNJ
2016-06-02,112.87,114.65,112.86,114.49,7310801,JNJ
2016-06-03,114.47,115.39,114.115,114.76,6881721,JNJ
2016-06-06,114.97,116.0,114.9301,115.77,6349758,JNJ
2016-06-07,116.01,116.23,115.45,115.73,6417404,JNJ
2016-06-08,115.52,115.95,115.41,115.8,5863782,JNJ
2016-06-09,115.78,117.19,115.61,117.0,7375474,JNJ
2016-06-10,116.74,117.23,116.36,117.01,6067428,JNJ
2016-06-13,117.13,117.64,116.79,116.79,7940893,JNJ
2016-06-14,116.45,117.18,116.3,117.12,6378395,JNJ
2016-06-15,117.64,117.74,116.335,116.41,6371378,JNJ
2016-06-16,115.69,116.89,115.22,116.64,6664815,JNJ
2016-06-17,116.62,116.67,115.01,115.48,10702199,JNJ
2016-06-20,116.6,117.135,116.4297,116.54,5588202,JNJ
2016-06-21,116.99,117.15,116.18,116.18,5493490,JNJ
2016-06-22,116.54,117.21,116.3101,116.46,5833754,JNJ
2016-06-23,117.2,117.38,116.68,117.38,6775873,JNJ
2016-06-24,115.07,117.12,115.0,115.63,13939481,JNJ
2016-06-27,115.0,116.64,115.0,116.55,10896051,JNJ
2016-06-28,117.17,118.37,116.55,118.23,10089587,JNJ
2016-06-29,118.84,119.41,118.1,119.33,8341454,JNJ
2016-06-30,119.18,121.41,119.1601,121.3,11559922,JNJ
2016-07-01,121.54,121.54,120.79,121.29,7051358,JNJ
2016-07-05,121.36,123.23,121.34,122.27,9334141,JNJ
2016-07-06,121.93,122.66,121.54,122.64,9332366,JNJ
2016-07-07,122.59,122.81,122.01,122.51,6058727,JNJ
2016-07-08,123.0,123.1,121.96,122.85,6129913,JNJ
2016-07-11,122.71,123.45,122.41,122.93,6711586,JNJ
2016-07-12,122.65,123.2,122.61,122.92,6415861,JNJ
2016-07-13,122.68,123.4,122.3,123.0,5230819,JNJ
2016-07-14,122.98,123.74,122.91,123.18,5322718,JNJ
2016-07-15,123.77,124.3,122.71,123.0,7192765,JNJ
2016-07-18,123.0,123.22,122.44,123.14,6599199,JNJ
2016-07-19,124.78,125.75,123.34,125.25,11325700,JNJ
2016-07-20,125.84,126.07,125.04,125.14,7334633,JNJ
2016-07-21,125.21,125.74,124.89,125.15,5563937,JNJ
2016-07-22,125.12,125.35,124.645,125.03,5839195,JNJ
2016-07-25,125.07,125.13,124.14,124.89,4880569,JNJ
2016-07-26,125.025,125.55,124.75,125.15,5589861,JNJ
2016-07-27,125.1,125.23,124.34,124.77,4812634,JNJ
2016-07-28,124.98,125.0,124.41,124.46,4320393,JNJ
2016-07-29,124.34,125.32,124.34,125.23,7020910,JNJ
2016-08-01,125.31,125.71,125.1,125.4,4615103,JNJ
2016-08-02,125.65,125.9,124.476,124.85,7158693,JNJ
2016-08-03,125.0,125.0,123.69,123.9,5310641,JNJ
2016-08-04,124.24,124.39,123.64,123.86,4728165,JNJ
2016-08-05,124.38,124.38,123.76,124.24,5146935,JNJ
2016-08-08,124.0,124.15,123.23,123.65,5232469,JNJ
2016-08-09,123.91,124.0,123.33,123.43,3941488,JNJ
2016-08-10,123.59,123.78,123.24,123.36,4333466,JNJ
2016-08-11,123.85,124.14,123.47,123.77,4051971,JNJ
2016-08-12,123.47,123.77,122.95,123.22,4234841,JNJ
2016-08-15,123.12,123.27,122.28,122.31,6469495,JNJ
2016-08-16,122.11,122.32,120.06,120.33,11289111,JNJ
2016-08-17,120.5,121.33,119.85,121.31,10442818,JNJ
2016-08-18,121.17,121.39,119.9,120.73,8728000,JNJ
2016-08-19,119.91,119.99,119.32,119.92,7798299,JNJ
2016-08-22,119.9,119.9,118.95,119.13,6544864,JNJ
2016-08-23,119.67,119.96,119.02,119.44,5603177,JNJ
2016-08-24,119.48,119.61,118.62,118.71,6303942,JNJ
2016-08-25,118.86,119.21,118.33,118.57,5566048,JNJ
2016-08-26,118.84,119.74,118.56,119.04,6482673,JNJ
2016-08-29,119.3,120.13,119.055,119.92,5074924,JNJ
2016-08-30,120.67,120.67,119.255,119.47,3820510,JNJ
2016-08-31,119.54,119.62,119.01,119.34,5693081,JNJ
2016-09-01,119.19,119.39,118.6,119.08,4551792,JNJ
2016-09-02,119.36,119.81,118.9,119.32,5806365,JNJ
2016-09-06,119.78,119.97,119.36,119.75,5280652,JNJ
2016-09-07,119.84,119.95,119.435,119.61,4753760,JNJ
2016-09-08,119.37,119.82,119.14,119.47,4833010,JNJ
2016-09-09,119.03,119.16,118.18,118.23,7957267,JNJ
2016-09-12,117.76,119.45,117.38,119.16,7239795,JNJ
2016-09-13,118.42,118.83,117.49,117.61,7957869,JNJ
2016-09-14,117.85,118.33,117.46,117.86,6124894,JNJ
2016-09-15,117.81,118.94,117.32,118.63,5814900,JNJ
2016-09-16,118.51,119.14,118.12,118.25,12408779,JNJ
2016-09-19,118.36,118.66,117.64,117.66,5457633,JNJ
2016-09-20,118.17,118.24,117.69,117.95,5187716,JNJ
2016-09-21,117.95,119.0,117.64,118.91,6337292,JNJ
2016-09-22,119.25,119.84,119.14,119.46,5340466,JNJ
2016-09-23,119.41,119.6,118.71,118.81,4772980,JNJ
2016-09-26,118.63,118.64,117.56,117.78,5998854,JNJ
2016-09-27,118.39,119.22,117.72,119.22,5349466,JNJ
2016-09-28,119.05,119.52,118.81,119.39,5076091,JNJ
2016-09-29,118.88,119.27,117.0434,117.27,6190185,JNJ
2016-09-30,117.78,118.619,117.39,118.13,7941065,JNJ
2016-10-03,118.0,119.01,117.43,118.81,6098589,JNJ
2016-10-04,118.84,119.48,118.28,118.82,5733934,JNJ
2016-10-05,119.22,119.44,118.595,119.18,5778691,JNJ
2016-10-06,118.5,118.85,117.92,118.75,4448450,JNJ
2016-10-07,119.17,119.565,118.69,119.24,4799292,JNJ
2016-10-10,119.51,120.1955,119.35,119.8,3657049,JNJ
2016-10-11,119.41,119.63,117.06,117.64,6394159,JNJ
2016-10-12,117.96,118.43,117.5,117.97,4686022,JNJ
2016-10-13,117.54,119.2,117.28,118.26,7387365,JNJ
2016-10-14,118.5,118.8,117.56,117.56,5640519,JNJ
2016-10-17,117.5,118.55,117.5,118.49,6956374,JNJ
2016-10-18,117.38,118.48,115.16,115.41,12598255,JNJ
2016-10-19,115.57,115.89,114.46,114.59,7400937,JNJ
2016-10-20,114.83,115.7,114.59,114.87,6973009,JNJ
2016-10-21,114.11,114.24,112.99,113.44,8422032,JNJ
2016-10-24,113.93,114.1897,113.44,113.61,6141858,JNJ
2016-10-25,113.64,114.16,113.093,113.96,5594989,JNJ
2016-10-26,113.64,115.22,113.6,114.56,6429241,JNJ
2016-10-27,114.98,116.55,114.79,115.7,7548667,JNJ
2016-10-28,115.82,115.91,114.57,115.33,8813324,JNJ
2016-10-31,115.28,116.23,114.5,115.99,8552528,JNJ
2016-11-01,114.76,115.94,114.63,115.34,7591930,JNJ
2016-11-02,115.52,115.76,114.83,114.86,6591318,JNJ
2016-11-03,114.88,115.4393,114.75,115.03,6227110,JNJ
2016-11-04,115.04,115.94,115.04,115.11,7160570,JNJ
2016-11-07,115.89,116.72,115.84,116.66,6398177,JNJ
2016-11-08,116.48,117.57,116.47,117.05,6675268,JNJ
2016-11-09,120.0,122.5,118.1,120.31,16219977,JNJ
2016-11-10,120.77,121.1,119.02,119.54,11905170,JNJ
2016-11-11,119.49,119.49,118.13,118.47,8134783,JNJ
2016-11-14,118.58,118.99,116.5,116.6,10054905,JNJ
2016-11-15,116.4,116.69,115.82,116.32,7446670,JNJ
2016-11-16,116.65,116.78,116.08,116.36,6594838,JNJ
2016-11-17,116.68,116.68,116.12,116.57,5730329,JNJ
2016-11-18,115.79,115.92,114.81,115.36,7717773,JNJ
2016-11-21,115.44,115.6799,114.8,115.0,5843313,JNJ
2016-11-22,114.59,115.0,112.27,112.74,11649748,JNJ
2016-11-23,112.25,113.43,111.56,113.07,8467037,JNJ
2016-11-25,113.6,114.23,113.38,114.13,3433340,JNJ
2016-11-28,113.79,114.12,113.05,113.13,9065730,JNJ
2016-11-29,112.95,113.41,112.165,112.48,7799649,JNJ
2016-11-30,112.19,112.52,111.3,111.3,11178468,JNJ
2016-12-01,111.36,111.5399,111.0,111.38,8143287,JNJ
2016-12-02,111.72,112.53,111.44,111.96,6167740,JNJ
2016-12-05,112.4,112.42,111.73,111.94,5451568,JNJ
2016-12-06,112.24,113.2,111.85,112.06,6530358,JNJ
2016-12-07,111.89,111.89,109.32,111.1,11761134,JNJ
2016-12-08,110.54,111.195,109.93,110.99,7774945,JNJ
2016-12-09,111.41,112.43,111.2,112.26,7672088,JNJ
2016-12-12,112.69,115.4,112.58,115.36,9544063,JNJ
2016-12-13,115.53,115.97,115.01,115.89,7051623,JNJ
2016-12-14,116.12,117.3,114.58,114.99,9378704,JNJ
2016-12-15,115.33,115.92,114.89,115.89,6738083,JNJ
2016-12-16,116.41,116.46,115.46,115.88,11291124,JNJ
2016-12-19,116.07,116.66,115.94,116.02,6310789,JNJ
2016-12-20,115.98,116.25,114.91,115.66,5715163,JNJ
2016-12-21,116.2,116.2,114.74,115.31,5907740,JNJ
2016-12-22,115.0,115.526,113.88,115.44,4602309,JNJ
2016-12-23,115.4,116.32,115.3,115.96,2993339,JNJ
2016-12-27,115.89,116.0,115.38,115.91,3232942,JNJ
2016-12-28,115.88,116.16,115.05,115.1,3278292,JNJ
2016-12-29,115.23,115.87,115.01,115.49,2993622,JNJ
2016-12-30,115.8,115.99,114.975,115.21,5506734,JNJ
2017-01-03,115.78,116.0,115.23,115.84,5953048,JNJ
2017-01-04,115.5,116.23,115.31,115.65,5828946,JNJ
2017-01-05,116.0,116.97,115.4401,116.86,6217214,JNJ
2017-01-06,116.67,117.0,115.76,116.3,5221381,JNJ
2017-01-09,116.35,116.61,115.89,116.28,5457539,JNJ
2017-01-10,116.03,117.0,115.87,116.16,5312812,JNJ
2017-01-11,116.08,116.25,114.02,114.73,8887197,JNJ
2017-01-12,114.27,114.73,113.37,114.62,6627250,JNJ
2017-01-13,114.94,115.02,114.44,114.6,4935188,JNJ
2017-01-17,113.94,115.05,113.67,114.87,6255447,JNJ
2017-01-18,114.94,115.1,114.41,114.7,5014570,JNJ
2017-01-19,114.68,114.9,113.92,114.2,5540831,JNJ
2017-01-20,114.49,115.03,114.08,114.15,7502425,JNJ
2017-01-23,114.51,114.77,113.8,113.91,7989760,JNJ
2017-01-24,112.91,113.3,111.15,111.76,12450307,JNJ
2017-01-25,111.93,112.8,110.76,112.8,9385502,JNJ
2017-01-26,112.0,112.84,111.6,111.84,10164341,JNJ
2017-01-27,112.0,113.5398,111.9,113.38,8885867,JNJ
2017-01-30,113.4,113.6,112.85,113.13,6969430,JNJ
2017-01-31,112.79,113.4,112.43,113.25,8713408,JNJ
2017-02-01,112.48,113.32,112.47,113.23,7082322,JNJ
2017-02-02,112.82,113.62,112.77,113.57,7826308,JNJ
2017-02-03,113.5,113.66,112.66,113.64,7267569,JNJ
2017-02-06,113.46,113.59,112.62,113.4,6178433,JNJ
2017-02-07,113.6,113.62,113.05,113.48,5507915,JNJ
2017-02-08,113.3,113.69,113.15,113.4,5271951,JNJ
2017-02-09,113.47,114.65,113.4,114.08,5854606,JNJ
2017-02-10,114.32,115.99,114.23,115.24,6438536,JNJ
2017-02-13,115.28,116.12,115.22,115.88,5710779,JNJ
2017-02-14,115.44,116.4,115.32,116.36,5539136,JNJ
2017-02-15,115.9,117.46,115.59,117.2,5979679,JNJ
2017-02-16,117.0,118.28,116.995,118.08,7119291,JNJ
2017-02-17,118.19,118.9,118.05,118.86,8691397,JNJ
2017-02-21,118.4,119.89,118.32,119.66,8595110,JNJ
2017-02-22,119.28,119.77,119.25,119.52,5103903,JNJ
2017-02-23,119.52,121.9,119.48,121.7,9980945,JNJ
2017-02-24,121.5,122.74,120.9,122.73,10834986,JNJ
2017-02-27,122.13,122.88,122.1033,122.4,5946157,JNJ
2017-02-28,122.01,122.65,121.94,122.21,8885513,JNJ
2017-03-01,122.49,124.45,122.42,123.86,9393869,JNJ
2017-03-02,123.75,124.36,123.02,123.63,6950220,JNJ
2017-03-03,123.41,123.93,123.23,123.79,5593811,JNJ
2017-03-06,123.01,124.4268,122.6,123.71,6670681,JNJ
2017-03-07,122.58,124.46,122.39,123.83,6643988,JNJ
2017-03-08,123.75,124.68,123.5,124.1,7909858,JNJ
2017-03-09,124.58,126.21,124.17,125.95,8571147,JNJ
2017-03-10,126.04,126.49,125.54,126.21,7395375,JNJ
2017-03-13,125.83,126.95,125.79,126.68,7162476,JNJ
2017-03-14,126.86,127.75,126.77,127.05,7679707,JNJ
2017-03-15,127.05,129.0,126.6,128.96,8360637,JNJ
2017-03-16,128.44,128.7,127.77,128.46,7610720,JNJ
2017-03-17,128.45,128.94,127.95,128.06,13300756,JNJ
2017-03-20,128.04,128.42,127.97,128.07,5827497,JNJ
2017-03-21,128.38,128.45,127.14,127.25,7578634,JNJ
2017-03-22,127.05,127.65,126.21,126.26,10272668,JNJ
2017-03-23,126.1,127.002,125.66,125.9,8508073,JNJ
2017-03-24,125.86,126.36,125.13,125.48,6490304,JNJ
2017-03-27,125.16,126.14,125.15,125.8,5004285,JNJ
2017-03-28,125.62,125.78,124.78,125.66,5287559,JNJ
2017-03-29,125.05,125.33,124.36,124.92,3971828,JNJ
2017-03-30,124.74,125.43,124.28,124.66,4711693,JNJ
2017-03-31,124.11,124.825,124.03,124.55,5657560,JNJ
2017-04-03,124.73,125.31,124.2829,124.69,4956532,JNJ
2017-04-04,124.51,124.765,124.22,124.68,5358474,JNJ
2017-04-05,124.72,125.6016,124.41,124.8,5646251,JNJ
2017-04-06,124.85,125.46,124.5,125.05,4324385,JNJ
2017-04-07,125.12,125.47,124.83,124.92,3615126,JNJ
2017-04-10,124.87,124.95,124.23,124.34,4594234,JNJ
2017-04-11,124.26,124.79,123.95,124.22,4161540,JNJ
2017-04-12,124.54,125.46,124.36,125.4,5556604,JNJ
2017-04-13,125.13,125.65,124.96,124.99,5396539,JNJ
2017-04-17,125.02,125.81,124.93,125.72,5367465,JNJ
2017-04-18,123.18,123.37,120.95,121.82,13485682,JNJ
2017-04-19,122.1,122.28,121.11,121.37,6993098,JNJ
2017-04-20,121.86,122.15,121.35,121.87,6330136,JNJ
2017-04-21,121.78,122.04,121.54,121.76,6021721,JNJ
2017-04-24,122.52,123.21,122.15,122.89,5679021,JNJ
2017-04-25,123.34,123.745,123.01,123.43,5089987,JNJ
2017-04-26,123.79,124.26,123.48,123.51,5021839,JNJ
2017-04-27,123.58,124.3057,123.4,123.74,4225165,JNJ
2017-04-28,123.85,123.9,123.13,123.47,4381766,JNJ
2017-05-01,123.4,123.775,123.0,123.34,4556360,JNJ
2017-05-02,123.52,123.74,122.89,123.7,4881641,JNJ
2017-05-03,123.59,123.7,123.04,123.33,3736531,JNJ
2017-05-04,123.69,123.95,123.23,123.95,3753201,JNJ
2017-05-05,123.8,123.8,122.86,123.51,4139755,JNJ
2017-05-08,123.53,123.8,123.02,123.25,3609058,JNJ
2017-05-09,123.23,123.47,122.88,123.21,3762488,JNJ
2017-05-10,122.91,123.055,122.38,122.81,4237412,JNJ
2017-05-11,122.5,123.21,122.34,123.2,4095893,JNJ
2017-05-12,123.11,124.1,123.01,123.64,4097060,JNJ
2017-05-15,124.41,127.36,124.33,126.99,9854621,JNJ
2017-05-16,127.34,128.37,127.06,127.77,7233801,JNJ
2017-05-17,126.6,127.89,126.45,126.67,6480802,JNJ
2017-05-18,126.46,127.87,125.96,126.97,6571254,JNJ
2017-05-19,127.03,127.39,126.44,127.0,6957196,JNJ
2017-05-22,126.63,127.65,126.63,127.26,4858199,JNJ
2017-05-23,127.31,128.15,127.31,127.52,3973025,JNJ
2017-05-24,127.79,128.0,127.29,127.51,3968185,JNJ
2017-05-25,126.74,127.62,126.33,127.53,5294263,JNJ
2017-05-26,127.23,127.67,126.83,126.92,4005234,JNJ
2017-05-30,126.7,127.3901,126.19,127.11,3665353,JNJ
2017-05-31,127.35,128.8,127.35,128.25,8813511,JNJ
2017-06-01,128.32,128.78,128.12,128.78,5790899,JNJ
2017-06-02,129.05,130.14,128.83,130.08,6562557,JNJ
2017-06-05,129.97,130.7,129.8,130.36,4634663,JNJ
2017-06-06,130.18,131.33,130.03,130.83,5619093,JNJ
2017-06-07,131.0,131.48,130.58,130.75,5765471,JNJ
2017-06-08,131.0,131.4,129.96,130.55,8101669,JNJ
2017-06-09,130.37,131.7,130.31,131.53,5993031,JNJ
2017-06-12,131.64,132.04,131.09,131.82,8020951,JNJ
2017-06-13,131.75,132.73,131.4,132.02,5733817,JNJ
2017-06-14,132.51,133.56,132.51,132.77,7329376,JNJ
2017-06-15,132.0,133.35,131.805,133.04,5264996,JNJ
2017-06-16,133.72,134.605,133.04,134.35,12639630,JNJ
2017-06-19,134.15,134.68,133.49,134.07,7488704,JNJ
2017-06-20,133.9,134.755,133.9,134.22,5201174,JNJ
2017-06-21,134.29,135.11,134.02,134.91,5841053,JNJ
2017-06-22,135.45,137.0,135.27,136.05,7311037,JNJ
2017-06-23,135.45,136.51,135.32,136.43,9007077,JNJ
2017-06-26,136.48,136.899,136.2,136.34,5561844,JNJ
2017-06-27,136.5,136.73,134.99,135.01,6120536,JNJ
2017-06-28,135.95,136.2,133.57,133.82,6557871,JNJ
2017-06-29,133.4,133.7276,132.31,132.64,5749952,JNJ
2017-06-30,132.7,133.2,132.28,132.29,5264416,JNJ
2017-07-03,132.79,133.32,132.65,132.9,2930998,JNJ
2017-07-05,132.98,134.06,132.42,133.64,4302669,JNJ
2017-07-06,133.61,133.97,132.405,132.52,4282244,JNJ
2017-07-07,132.91,133.0,131.69,132.54,4994080,JNJ
2017-07-10,132.74,132.87,131.23,131.55,4019587,JNJ
2017-07-11,131.43,131.79,130.48,131.23,3733072,JNJ
2017-07-12,132.04,132.89,131.77,132.23,5053248,JNJ
2017-07-13,132.1,132.22,130.99,131.86,4424422,JNJ
2017-07-14,132.0,133.0,131.74,132.6,4383133,JNJ
2017-07-17,132.71,132.93,131.75,132.15,4939384,JNJ
2017-07-18,131.62,134.95,131.0801,134.46,10255960,JNJ
2017-07-19,134.84,135.41,134.52,135.21,5503298,JNJ
2017-07-20,135.73,137.08,135.62,136.57,6088612,JNJ
2017-07-21,135.33,136.27,135.1,135.31,6773546,JNJ
2017-07-24,134.99,135.16,132.85,133.01,8306671,JNJ
2017-07-25,133.74,133.8499,131.45,131.88,6262907,JNJ
2017-07-26,131.66,132.24,130.75,130.95,5382182,JNJ
2017-07-27,130.85,131.15,129.5711,130.83,5838110,JNJ
2017-07-28,131.14,131.99,130.52,131.85,4970860,JNJ
2017-07-31,132.14,133.58,132.1,132.72,5440788,JNJ
2017-08-01,133.17,133.35,132.28,132.51,3837566,JNJ
2017-08-02,132.08,132.5,131.5,132.16,4032147,JNJ
2017-08-03,131.91,133.4,131.51,133.35,4327314,JNJ
2017-08-04,133.74,134.01,132.8,133.18,3192805,JNJ
2017-08-07,133.09,133.48,132.51,132.86,3010828,JNJ
2017-08-08,132.5,132.8,131.4,132.27,5535804,JNJ
2017-08-09,132.81,133.41,132.365,133.23,6332347,JNJ
2017-08-10,133.04,133.8501,132.37,133.09,5607853,JNJ
2017-08-11,133.64,134.49,132.75,133.1,4270571,JNJ
2017-08-14,134.2,134.37,132.87,133.48,3041064,JNJ
2017-08-15,133.85,133.94,133.195,133.38,3931763,JNJ
2017-08-16,134.08,134.97,133.86,134.17,4469937,JNJ
2017-08-17,134.18,134.74,133.0314,133.04,5741389,JNJ
2017-08-18,132.67,133.78,132.381,132.63,4792761,JNJ
2017-08-21,132.28,133.65,132.1875,133.45,4659993,JNJ
2017-08-22,131.57,132.45,131.3,132.21,3277861,JNJ
2017-08-23,134.43,134.49,132.65,132.8,5129938,JNJ
2017-08-24,132.82,133.08,132.27,132.89,5398432,JNJ
2017-08-25,131.91,132.56,131.62,131.68,4133347,JNJ
2017-08-28,131.68,132.12,131.49,131.74,5349181,JNJ
2017-08-29,131.57,132.45,131.3,132.21,3277875,JNJ
2017-08-30,132.0,132.0,130.9,131.07,5430781,JNJ
2017-08-31,131.39,132.5,131.25,132.37,7407143,JNJ
2017-09-01,132.6,132.65,130.935,131.03,3820814,JNJ
2017-09-05,130.72,131.18,129.72,129.9,5154935,JNJ
2017-09-06,130.54,131.0,130.21,130.67,5601903,JNJ
2017-09-07,130.86,132.52,130.25,132.19,3800234,JNJ
2017-09-08,132.0,132.34,130.87,130.98,4854414,JNJ
2017-09-11,131.37,133.34,131.02,133.21,5724233,JNJ
2017-09-12,133.83,133.88,131.93,132.63,5465190,JNJ
2017-09-13,132.67,133.7467,131.85,132.45,4679486,JNJ
2017-09-14,132.14,134.47,131.99,134.18,6274510,JNJ
2017-09-15,134.79,135.45,134.18,134.45,15522011,JNJ
2017-09-18,134.44,135.77,134.11,135.38,5261593,JNJ
2017-09-19,135.02,135.79,134.35,135.22,4903837,JNJ
2017-09-20,133.25,134.29,132.34,133.22,8705535,JNJ
2017-09-21,133.31,133.82,131.3775,131.75,6051811,JNJ
2017-09-22,131.99,132.39,131.2701,131.39,4334862,JNJ
2017-09-25,131.47,131.76,130.83,131.17,6017418,JNJ
2017-09-26,131.5,131.94,130.82,130.94,4516193,JNJ
2017-09-27,131.0,131.09,129.43,129.75,5796066,JNJ
2017-09-28,129.91,130.27,129.29,129.47,3992740,JNJ
2017-09-29,129.58,130.47,129.05,130.01,5736925,JNJ
2017-10-02,130.16,131.33,130.02,131.22,4492936,JNJ
2017-10-03,131.65,132.4,131.36,132.1,3900761,JNJ
2017-10-04,132.4,133.18,132.1,132.89,3589047,JNJ
2017-10-05,132.89,133.31,132.36,133.19,3741108,JNJ
2017-10-06,133.0,133.25,132.48,133.22,2469506,JNJ
2017-10-09,133.66,133.815,133.17,133.45,3751097,JNJ
2017-10-10,133.56,134.13,132.92,133.9,4184588,JNJ
2017-10-11,134.88,137.08,134.37,136.65,8269430,JNJ
2017-10-12,136.34,137.52,136.02,136.83,5172806,JNJ
2017-10-13,136.6,137.42,136.34,136.43,4106625,JNJ
2017-10-16,136.45,137.26,135.54,136.12,5120140,JNJ
2017-10-17,137.67,141.12,137.06,140.79,11717348,JNJ
2017-10-18,140.79,141.58,140.07,140.68,6827734,JNJ
2017-10-19,140.71,142.98,140.535,142.04,9181291,JNJ
2017-10-20,142.38,143.62,141.83,142.4,5634523,JNJ
2017-10-23,142.13,144.3523,142.081,143.62,6685964,JNJ
2017-10-24,143.38,143.38,140.93,141.64,6585767,JNJ
2017-10-25,141.16,143.23,140.9594,142.42,4856522,JNJ
2017-10-26,142.51,143.75,141.38,141.81,5841067,JNJ
2017-10-27,141.0,142.7,140.2,141.78,5140654,JNJ
2017-10-30,141.08,141.21,139.32,140.0,6034336,JNJ
2017-10-31,140.02,140.26,138.98,139.41,4832136,JNJ
2017-11-01,139.83,140.59,139.34,139.98,5006771,JNJ
2017-11-02,140.11,140.29,139.11,139.93,3494055,JNJ
2017-11-03,139.73,140.4,139.3,140.08,2736951,JNJ
2017-11-06,140.01,140.49,139.72,139.76,4220666,JNJ
2017-11-07,140.08,140.15,138.91,139.77,4201853,JNJ
2017-11-08,139.7,141.87,139.4601,141.32,4440729,JNJ
2017-11-09,140.86,141.41,139.8,140.35,3513501,JNJ
2017-11-10,140.13,140.13,138.61,139.56,4240786,JNJ
2017-11-13,139.01,140.02,138.42,139.76,4322275,JNJ
2017-11-14,139.57,140.2843,138.92,139.49,4078239,JNJ
2017-11-15,139.23,139.83,138.75,139.1,4811462,JNJ
2017-11-16,139.42,139.68,138.64,138.87,4193806,JNJ
2017-11-17,138.3,138.86,137.89,138.0,4247381,JNJ
2017-11-20,138.15,138.56,137.74,137.93,4266264,JNJ
2017-11-21,138.45,139.26,138.19,138.34,5660581,JNJ
2017-11-22,138.3,138.38,136.6,137.29,3917467,JNJ
2017-11-24,137.5,138.38,137.31,138.01,2606832,JNJ
2017-11-27,137.51,138.31,137.48,138.1,3933071,JNJ
2017-11-28,138.3,140.53,138.2517,140.02,5052825,JNJ
2017-11-29,140.22,140.63,138.95,139.81,5851449,JNJ
2017-11-30,140.06,140.28,138.48,139.33,8941892,JNJ
2017-12-01,139.57,140.53,138.6,139.98,5990487,JNJ
2017-12-04,140.62,141.5,138.93,139.01,5916688,JNJ
2017-12-05,139.88,140.81,139.2,139.67,6745335,JNJ
2017-12-06,140.25,141.96,140.19,141.06,5591702,JNJ
2017-12-07,141.0,141.499,139.26,140.01,4713177,JNJ
2017-12-08,140.0,140.76,139.8,140.59,5101341,JNJ
2017-12-11,140.1,141.17,139.83,141.14,4358620,JNJ
2017-12-12,142.06,143.57,142.04,142.6,8016720,JNJ
2017-12-13,142.5,143.43,142.21,142.89,6118375,JNJ
2017-12-14,143.6,143.62,141.61,141.65,5337934,JNJ
2017-12-15,142.73,143.14,141.78,142.46,12516980,JNJ
2017-12-18,142.43,143.8,141.401,141.8,5833232,JNJ
2017-12-19,141.72,142.38,141.36,141.78,6580136,JNJ
2017-12-20,142.29,142.58,141.08,141.16,6289782,JNJ
2017-12-21,141.76,142.17,141.02,141.06,6284711,JNJ
2017-12-22,140.9,141.35,140.04,140.12,4665587,JNJ
2017-12-26,140.46,140.54,139.68,140.09,3271087,JNJ
2017-12-27,140.42,141.15,140.2,140.57,3753629,JNJ
2017-12-28,140.7,141.0,140.33,140.56,2484959,JNJ
2017-12-29,140.98,141.2074,139.58,139.72,4452924,JNJ
2018-01-02,139.66,139.95,138.72,139.23,6842124,JNJ
2018-01-03,139.36,140.68,138.9,140.56,5350496,JNJ
2018-01-04,140.45,141.14,140.22,140.55,4837642,JNJ
2018-01-05,140.69,141.82,140.281,141.71,6158754,JNJ
2018-01-08,141.7,142.0,140.92,141.89,5129798,JNJ
2018-01-09,142.37,145.68,142.26,144.14,8897002,JNJ
2018-01-10,143.55,144.155,143.32,143.97,6558622,JNJ
2018-01-11,144.13,144.9,143.69,144.79,4962160,JNJ
2018-01-12,144.99,146.42,144.9,145.76,5450570,JNJ
2018-01-16,146.42,148.06,146.03,146.86,8804005,JNJ
2018-01-17,147.84,148.32,145.48,146.98,10619654,JNJ
2018-01-18,146.93,147.44,145.97,146.92,5554815,JNJ
2018-01-19,147.46,147.65,146.42,147.36,8738791,JNJ
2018-01-22,147.01,148.14,146.72,148.14,7010438,JNJ
2018-01-23,146.96,147.44,141.62,141.83,17473631,JNJ
2018-01-24,143.5,143.56,141.8,142.07,13034368,JNJ
2018-01-25,142.31,144.66,142.2105,144.4,7938846,JNJ
2018-01-26,144.5,145.6,144.13,145.33,8065646,JNJ
2018-01-29,144.85,144.94,143.53,143.68,8013444,JNJ
2018-01-30,143.4,143.82,142.43,142.43,8376092,JNJ
2018-01-31,142.57,142.57,138.1,138.19,13137396,JNJ
2018-02-01,137.53,140.67,137.0,140.02,9393645,JNJ
2018-02-02,139.02,140.36,137.38,137.68,9262508,JNJ
2018-02-05,136.58,137.0,122.15,130.39,19954145,JNJ
2018-02-06,130.01,132.99,128.0,131.83,19193520,JNJ
2018-02-07,131.89,133.43,131.35,131.42,10550411,JNJ
2013-02-08,27.35,27.71,27.31,27.55,33318306,MSFT
2013-02-11,27.65,27.92,27.5,27.86,32247549,MSFT
2013-02-12,27.88,28.0,27.75,27.88,35990829,MSFT
2013-02-13,27.93,28.11,27.88,28.03,41715530,MSFT
2013-02-14,27.92,28.06,27.87,28.04,32663174,MSFT
2013-02-15,28.04,28.16,27.875,28.01,49650538,MSFT
2013-02-19,27.8801,28.09,27.8,28.045,38804616,MSFT
2013-02-20,28.13,28.2,27.83,27.87,44109412,MSFT
2013-02-21,27.74,27.74,27.23,27.49,49078338,MSFT
2013-02-22,27.68,27.76,27.48,27.76,31425726,MSFT
2013-02-25,27.97,28.05,27.37,27.37,48011248,MSFT
2013-02-26,27.38,27.6,27.34,27.37,49917353,MSFT
2013-02-27,27.42,28.0,27.33,27.81,36390889,MSFT
2013-02-28,27.88,27.97,27.74,27.8,35836861,MSFT
2013-03-01,27.72,27.98,27.52,27.95,34849287,MSFT
2013-03-04,27.85,28.15,27.7,28.15,38163549,MSFT
2013-03-05,28.29,28.54,28.16,28.35,41431097,MSFT
2013-03-06,28.21,28.23,27.78,28.09,51448452,MSFT
2013-03-07,28.11,28.28,28.005,28.14,29196691,MSFT
2013-03-08,28.25,28.33,27.96,28.0,37667133,MSFT
2013-03-11,27.94,27.97,27.67,27.87,36627200,MSFT
2013-03-12,27.84,27.95,27.64,27.91,39252591,MSFT
2013-03-13,27.87,28.02,27.75,27.915,29093296,MSFT
2013-03-14,28.0,28.16,27.93,28.135,55910657,MSFT
2013-03-15,28.03,28.16,27.98,28.035,92709815,MSFT
2013-03-18,27.88,28.28,27.81,28.1,44825522,MSFT
2013-03-19,28.12,28.22,28.03,28.18,51901568,MSFT
2013-03-20,28.34,28.49,28.18,28.315,35447348,MSFT
2013-03-21,28.11,28.36,28.05,28.11,34233061,MSFT
2013-03-22,28.19,28.3379,28.1,28.25,28689434,MSFT
2013-03-25,28.3,28.35,27.96,28.16,44153931,MSFT
2013-03-26,28.24,28.34,28.11,28.155,27822154,MSFT
2013-03-27,28.14,28.445,28.08,28.37,36046203,MSFT
2013-03-28,28.32,28.66,28.26,28.605,55453713,MSFT
2013-04-01,28.64,28.66,28.36,28.61,29199115,MSFT
2013-04-02,28.59,28.85,28.52,28.8,28455715,MSFT
2013-04-03,28.75,28.95,28.54,28.56,35062269,MSFT
2013-04-04,28.39,28.61,28.27,28.595,45262208,MSFT
2013-04-05,28.22,28.78,28.11,28.7,50927261,MSFT
2013-04-08,28.73,28.73,28.47,28.59,34759424,MSFT
2013-04-09,28.73,29.815,28.68,29.61,77733607,MSFT
2013-04-10,29.57,30.32,29.52,30.28,71024236,MSFT
2013-04-11,29.1,29.2,28.73,28.935,130903838,MSFT
2013-04-12,28.85,29.02,28.66,28.79,62882640,MSFT
2013-04-15,28.65,28.98,28.51,28.69,56332862,MSFT
2013-04-16,28.9,29.14,28.695,28.97,52795256,MSFT
2013-04-17,28.85,29.04,28.6,28.825,52840621,MSFT
2013-04-18,28.95,28.98,28.5,28.79,56772087,MSFT
2013-04-19,29.62,30.24,29.61,29.765,99790116,MSFT
2013-04-22,30.3,31.18,30.27,30.83,137901279,MSFT
2013-04-23,30.7,30.9,30.38,30.6,59027213,MSFT
2013-04-24,30.62,31.92,30.6,31.76,90897055,MSFT
2013-04-25,31.71,32.84,31.54,31.94,110685794,MSFT
2013-04-26,31.9,31.98,31.45,31.79,47799284,MSFT
2013-04-29,31.8,32.68,31.77,32.61,59116288,MSFT
2013-04-30,32.56,33.11,32.28,33.1,75116271,MSFT
2013-05-01,32.93,33.08,32.6,32.72,54328805,MSFT
2013-05-02,32.63,33.17,32.39,33.16,46055944,MSFT
2013-05-03,33.23,33.52,33.08,33.49,46784484,MSFT
2013-05-06,33.42,33.91,33.25,33.75,40978078,MSFT
2013-05-07,33.65,33.79,33.24,33.31,42916453,MSFT
2013-05-08,33.0667,33.24,32.65,32.99,51643216,MSFT
2013-05-09,32.85,33.0,32.59,32.66,46399199,MSFT
2013-05-10,32.67,32.72,32.32,32.69,36394841,MSFT
2013-05-13,32.61,33.07,32.55,33.03,36027027,MSFT
2013-05-14,32.8601,33.53,32.8,33.53,56867771,MSFT
2013-05-15,33.45,33.9,33.43,33.845,46303779,MSFT
2013-05-16,33.64,34.15,33.55,34.08,59381496,MSFT
2013-05-17,34.1301,34.87,34.1,34.87,60666467,MSFT
2013-05-20,34.73,35.095,34.68,35.08,54020102,MSFT
2013-05-21,35.1,35.2725,34.72,34.85,48693429,MSFT
2013-05-22,34.79,34.84,34.36,34.61,66043135,MSFT
2013-05-23,34.23,34.55,33.9,34.15,51102326,MSFT
2013-05-24,33.92,34.28,33.9,34.269,33174304,MSFT
2013-05-28,34.42,35.18,34.41,35.02,48211220,MSFT
2013-05-29,34.74,35.02,34.57,34.88,38411673,MSFT
2013-05-30,34.85,35.25,34.813,35.03,51130805,MSFT
2013-05-31,34.82,35.28,34.79,34.9,56162496,MSFT
2013-06-03,34.92,35.63,34.83,35.59,51249396,MSFT
2013-06-04,35.62,35.74,34.771,34.99,65529399,MSFT
2013-06-05,34.6,34.89,34.43,34.78,46023857,MSFT
2013-06-06,34.84,35.11,34.49,34.96,37617747,MSFT
2013-06-07,35.25,35.78,35.06,35.67,40757245,MSFT
2013-06-10,35.51,35.65,35.14,35.47,35991809,MSFT
2013-06-11,35.05,35.18,34.68,34.84,39435445,MSFT
2013-06-12,35.14,35.27,34.85,35.0,37371982,MSFT
2013-06-13,34.99,35.02,34.59,34.715,45635878,MSFT
2013-06-14,34.55,34.6901,34.25,34.4,53191609,MSFT
2013-06-17,34.69,35.16,34.63,35.0,49670032,MSFT
2013-06-18,34.97,35.17,34.895,34.98,28614869,MSFT
2013-06-19,34.96,35.09,34.59,34.59,30816008,MSFT
2013-06-20,34.26,34.33,33.37,33.49,54493643,MSFT
2013-06-21,33.66,33.73,33.05,33.265,85337340,MSFT
2013-06-24,32.94,34.2,32.57,33.715,56108988,MSFT
2013-06-25,34.08,34.38,33.46,33.67,44051085,MSFT
2013-06-26,34.12,34.48,33.8875,34.35,48665592,MSFT
2013-06-27,34.52,34.78,34.5,34.62,28993042,MSFT
2013-06-28,34.38,34.79,34.34,34.545,65545445,MSFT
2013-07-01,34.75,34.99,34.33,34.36,31054868,MSFT
2013-07-02,34.41,34.4389,33.63,33.94,37629522,MSFT
2013-07-03,33.66,34.37,33.6,34.01,15994380,MSFT
2013-07-05,34.09,34.24,33.581,34.21,26085831,MSFT
2013-07-08,34.35,34.59,33.98,34.325,32396842,MSFT
2013-07-09,34.58,34.6,34.14,34.35,25318501,MSFT
2013-07-10,34.34,34.81,34.32,34.7,29863085,MSFT
2013-07-11,35.0,35.77,34.9,35.685,53618047,MSFT
2013-07-12,35.58,35.73,35.28,35.67,35501154,MSFT
2013-07-15,35.66,36.22,35.58,36.17,34142125,MSFT
2013-07-16,36.01,36.4299,35.96,36.27,36378481,MSFT
2013-07-17,36.34,36.39,35.49,35.74,37281516,MSFT
2013-07-18,35.72,35.89,35.22,35.44,49118611,MSFT
2013-07-19,32.4,32.67,31.02,31.4,248354245,MSFT
2013-07-22,31.7,32.01,31.6,32.01,79024753,MSFT
2013-07-23,31.91,32.04,31.71,31.82,65810331,MSFT
2013-07-24,32.035,32.19,31.89,31.96,52802180,MSFT
2013-07-25,31.62,31.65,31.25,31.39,63212927,MSFT
2013-07-26,31.26,31.62,31.205,31.62,38633539,MSFT
2013-07-29,31.47,31.6,31.4,31.54,28873969,MSFT
2013-07-30,31.78,32.12,31.55,31.85,45799476,MSFT
2013-07-31,31.97,32.05,31.71,31.84,43898435,MSFT
2013-08-01,32.06,32.09,31.6,31.67,42552467,MSFT
2013-08-02,31.69,31.9,31.565,31.89,29121484,MSFT
2013-08-05,31.9,32.0,31.64,31.7,30984542,MSFT
2013-08-06,31.55,31.67,31.38,31.58,36331541,MSFT
2013-08-07,31.54,32.1,31.25,32.063,38060978,MSFT
2013-08-08,32.24,33.07,32.05,32.89,59035735,MSFT
2013-08-09,32.77,32.9,32.47,32.7,26801087,MSFT
2013-08-12,32.46,32.97,32.46,32.87,25494043,MSFT
2013-08-13,32.51,32.55,32.21,32.23,39464299,MSFT
2013-08-14,32.14,33.36,31.7,32.35,48520460,MSFT
2013-08-15,32.0,32.18,30.84,31.79,33337991,MSFT
2013-08-16,31.79,31.99,31.66,31.8,32864665,MSFT
2013-08-19,31.76,31.97,31.38,31.393,27902716,MSFT
2013-08-20,31.44,31.9,31.37,31.62,22979513,MSFT
2013-08-21,31.61,32.01,31.54,31.61,37398935,MSFT
2013-08-22,32.185,32.49,32.1,32.39,31123321,MSFT
2013-08-23,35.17,35.2,34.0,34.75,225442537,MSFT
2013-08-26,34.4,34.67,34.03,34.15,72553311,MSFT
2013-08-27,33.515,34.1,33.15,33.26,58519145,MSFT
2013-08-28,33.39,33.6,33.0,33.02,44258420,MSFT
2013-08-29,32.93,33.6,32.8,33.55,45271567,MSFT
2013-08-30,33.37,33.48,33.09,33.4,42774005,MSFT
2013-09-03,31.75,32.07,31.29,31.88,154489546,MSFT
2013-09-04,31.39,31.47,31.11,31.195,142273577,MSFT
2013-09-05,31.1,31.44,30.95,31.235,71623991,MSFT
2013-09-06,31.31,31.39,31.13,31.152,75436430,MSFT
2013-09-09,31.2208,31.79,31.2,31.655,49610584,MSFT
2013-09-10,31.9,32.4,31.79,32.39,56881864,MSFT
2013-09-11,32.57,32.93,32.53,32.74,39069730,MSFT
2013-09-12,32.72,32.78,32.59,32.69,32861951,MSFT
2013-09-13,32.77,33.07,32.505,33.03,40899039,MSFT
2013-09-16,33.38,33.5,32.73,32.801,55010116,MSFT
2013-09-17,33.42,33.47,32.9,32.93,84683924,MSFT
2013-09-18,32.99,33.4,32.83,33.32,64100189,MSFT
2013-09-19,33.48,33.68,33.32,33.64,42015792,MSFT
2013-09-20,33.41,33.48,32.685,32.791,102862119,MSFT
2013-09-23,32.5401,32.969,32.5,32.74,39826261,MSFT
2013-09-24,32.87,32.87,32.15,32.455,40245140,MSFT
2013-09-25,32.49,32.8,32.4,32.505,28830930,MSFT
2013-09-26,32.64,33.0,32.59,32.77,28483079,MSFT
2013-09-27,32.88,33.75,32.87,33.27,55330514,MSFT
2013-09-30,33.0,33.31,32.7,33.28,39838108,MSFT
2013-10-01,33.35,33.61,33.3,33.58,36691926,MSFT
2013-10-02,33.36,34.03,33.29,33.92,46931866,MSFT
2013-10-03,33.88,34.0,33.42,33.86,38704461,MSFT
2013-10-04,33.69,33.99,33.62,33.88,32988495,MSFT
2013-10-07,33.6,33.71,33.2,33.3,35067124,MSFT
2013-10-08,33.31,33.33,32.8,33.01,41095160,MSFT
2013-10-09,33.07,33.3499,32.96,33.07,35843167,MSFT
2013-10-10,33.31,33.89,33.26,33.76,42875141,MSFT
2013-10-11,33.68,34.14,33.68,34.13,30033336,MSFT
2013-10-14,33.9,34.5,33.78,34.45,27757870,MSFT
2013-10-15,34.67,34.99,34.47,34.49,47107657,MSFT
2013-10-16,34.6,34.895,34.56,34.64,35111593,MSFT
2013-10-17,34.45,34.99,34.37,34.92,31359198,MSFT
2013-10-18,34.82,34.99,34.33,34.96,41811699,MSFT
2013-10-21,34.98,35.2,34.91,34.99,27436505,MSFT
2013-10-22,35.02,35.1,34.52,34.58,40438546,MSFT
2013-10-23,34.35,34.49,33.674,33.76,58600499,MSFT
2013-10-24,33.82,34.1,33.57,33.72,53209728,MSFT
2013-10-25,35.88,36.29,35.47,35.73,113493954,MSFT
2013-10-28,35.61,35.73,35.27,35.57,38383594,MSFT
2013-10-29,35.6301,35.72,35.26,35.52,31702613,MSFT
2013-10-30,35.53,35.79,35.43,35.54,37002061,MSFT
2013-10-31,35.66,35.69,35.34,35.405,41689563,MSFT
2013-11-01,35.67,35.69,35.39,35.525,40271887,MSFT
2013-11-04,35.59,35.98,35.55,35.94,28061873,MSFT
2013-11-05,35.7899,36.71,35.77,36.64,51681868,MSFT
2013-11-06,37.24,38.22,37.06,38.18,88948830,MSFT
2013-11-07,37.96,38.01,37.43,37.5,60445258,MSFT
2013-11-08,37.67,37.78,37.34,37.78,36743157,MSFT
2013-11-11,37.69,37.775,37.355,37.59,26872537,MSFT
2013-11-12,37.38,37.595,37.2,37.36,31651589,MSFT
2013-11-13,36.98,38.16,36.9,38.155,44957611,MSFT
2013-11-14,37.87,38.13,37.72,38.021,46186577,MSFT
2013-11-15,37.95,38.02,37.72,37.841,50602034,MSFT
2013-11-18,37.35,37.58,37.07,37.2,53277485,MSFT
2013-11-19,36.85,37.23,36.67,36.74,44274987,MSFT
2013-11-20,36.87,37.41,36.86,37.08,32231827,MSFT
2013-11-21,37.27,37.53,37.26,37.4,23064699,MSFT
2013-11-22,37.525,37.68,37.33,37.57,27981996,MSFT
2013-11-25,37.93,37.95,37.57,37.64,30648148,MSFT
2013-11-26,37.57,37.65,37.35,37.35,34468069,MSFT
2013-11-27,37.57,37.76,37.49,37.6,26002050,MSFT
2013-11-29,37.82,38.29,37.82,38.13,22090428,MSFT
2013-12-02,38.09,38.78,38.06,38.45,42950373,MSFT
2013-12-03,38.14,38.49,38.08,38.31,52109760,MSFT
2013-12-04,38.21,38.98,38.12,38.94,51983578,MSFT
2013-12-05,38.85,38.875,37.18,38.0,116313834,MSFT
2013-12-06,38.42,38.55,37.99,38.36,36457292,MSFT
2013-12-09,38.56,38.87,38.37,38.705,30286015,MSFT
2013-12-10,38.61,38.9,38.02,38.11,37828593,MSFT
2013-12-11,38.06,38.3,37.39,37.61,39853379,MSFT
2013-12-12,37.64,37.64,37.18,37.22,36012761,MSFT
2013-12-13,37.42,37.45,36.62,36.69,40074360,MSFT
2013-12-16,36.73,37.0,36.54,36.885,31734515,MSFT
2013-12-17,36.94,37.11,36.3344,36.52,45687679,MSFT
2013-12-18,36.3601,36.6,35.53,36.58,63192067,MSFT
2013-12-19,36.51,36.55,36.08,36.25,34157264,MSFT
2013-12-20,36.2,36.93,36.185,36.8,62650324,MSFT
2013-12-23,36.81,36.89,36.55,36.62,25128740,MSFT
2013-12-24,36.72,37.17,36.64,37.08,14242997,MSFT
2013-12-26,37.2,37.49,37.17,37.44,17614984,MSFT
2013-12-27,37.58,37.62,37.17,37.29,14563533,MSFT
2013-12-30,37.22,37.38,36.9006,37.29,16290475,MSFT
2013-12-31,37.4,37.58,37.217,37.41,17505770,MSFT
2014-01-02,37.35,37.4,37.1,37.16,30643745,MSFT
2014-01-03,37.2,37.22,36.6,36.91,31134795,MSFT
2014-01-06,36.85,36.89,36.11,36.13,43615035,MSFT
2014-01-07,36.325,36.49,36.21,36.41,35924726,MSFT
2014-01-08,36.0,36.14,35.58,35.76,59979542,MSFT
2014-01-09,35.88,35.91,35.4,35.53,36520448,MSFT
2014-01-10,35.9,36.15,35.75,36.04,40558766,MSFT
2014-01-13,35.99,36.02,34.83,34.98,45923872,MSFT
2014-01-14,34.73,35.88,34.63,35.78,41627325,MSFT
2014-01-15,35.9,36.79,35.85,36.76,44909545,MSFT
2014-01-16,36.69,37.0,36.31,36.89,38035708,MSFT
2014-01-17,36.83,36.83,36.15,36.38,46298736,MSFT
2014-01-21,36.82,36.82,36.06,36.17,31578979,MSFT
2014-01-22,36.26,36.32,35.75,35.93,21965266,MSFT
2014-01-23,36.09,36.13,35.52,36.055,44515126,MSFT
2014-01-24,37.45,37.55,36.53,36.805,77051806,MSFT
2014-01-27,36.87,36.89,35.98,36.03,44485767,MSFT
2014-01-28,36.12,36.39,35.75,36.27,36225755,MSFT
2014-01-29,35.98,36.88,35.9,36.66,52790351,MSFT
2014-01-30,36.79,36.88,36.23,36.86,35111959,MSFT
2014-01-31,36.95,37.89,36.56,37.84,93190755,MSFT
2014-02-03,37.74,37.985,36.43,36.48,64102391,MSFT
2014-02-04,36.97,37.189,36.25,36.35,55526924,MSFT
2014-02-05,36.29,36.47,35.8,35.82,55841097,MSFT
2014-02-06,35.8,36.25,35.69,36.18,35380994,MSFT
2014-02-07,36.32,36.59,36.01,36.56,33348008,MSFT
2014-02-10,36.63,36.8,36.29,36.8,26782083,MSFT
2014-02-11,36.88,37.26,36.86,37.175,32164989,MSFT
2014-02-12,37.35,37.6,37.3,37.47,27055869,MSFT
2014-02-13,37.33,37.86,37.33,37.61,37647772,MSFT
2014-02-14,37.39,37.78,37.33,37.62,42986738,MSFT
2014-02-18,37.63,37.78,37.41,37.42,32839707,MSFT
2014-02-19,37.22,37.75,37.21,37.51,29794084,MSFT
2014-02-20,37.57,37.87,37.395,37.75,27541038,MSFT
2014-02-21,37.94,38.35,37.86,37.98,38030656,MSFT
2014-02-24,37.69,37.975,37.54,37.69,32143395,MSFT
2014-02-25,37.61,37.85,37.35,37.54,30867657,MSFT
2014-02-26,37.5801,37.74,37.19,37.47,41042629,MSFT
2014-02-27,37.45,37.89,37.23,37.86,33919024,MSFT
2014-02-28,37.98,38.46,37.82,38.31,41217028,MSFT
2014-03-03,37.92,38.13,37.495,37.78,29716052,MSFT
2014-03-04,38.2,38.48,38.07,38.41,26868337,MSFT
2014-03-05,38.25,38.2699,37.93,38.11,20520432,MSFT
2014-03-06,38.14,38.24,37.89,38.15,23605310,MSFT
2014-03-07,38.28,38.36,37.69,37.9,26596635,MSFT
2014-03-10,37.99,38.01,37.72,37.82,19007850,MSFT
2014-03-11,37.87,38.23,37.72,38.02,25218133,MSFT
2014-03-12,37.8,38.43,37.79,38.27,30496295,MSFT
2014-03-13,38.42,38.45,37.6414,37.89,32169650,MSFT
2014-03-14,37.651,38.135,37.5058,37.7,27195638,MSFT
2014-03-17,37.9,38.41,37.79,38.05,20479610,MSFT
2014-03-18,38.26,39.9,38.22,39.55,64063866,MSFT
2014-03-19,39.47,39.55,38.91,39.27,35597241,MSFT
2014-03-20,39.25,40.649,39.24,40.33,59269801,MSFT
2014-03-21,40.72,40.94,40.01,40.16,80731942,MSFT
2014-03-24,40.34,40.64,39.86,40.5,46098374,MSFT
2014-03-25,40.66,40.99,39.9599,40.34,43193147,MSFT
2014-03-26,40.48,40.705,39.6,39.79,41982966,MSFT
2014-03-27,39.74,39.97,39.34,39.36,35369170,MSFT
2014-03-28,39.79,40.635,39.68,40.3,43472747,MSFT
2014-03-31,40.43,41.5,40.4,40.99,46886284,MSFT
2014-04-01,41.15,41.59,41.07,41.42,32610395,MSFT
2014-04-02,41.44,41.66,41.17,41.35,28607267,MSFT
2014-04-03,41.29,41.29,40.71,41.01,30139567,MSFT
2014-04-04,41.25,41.39,39.64,39.87,51409573,MSFT
2014-04-07,39.96,40.27,39.74,39.8,37559615,MSFT
2014-04-08,39.75,39.93,39.2,39.82,35919609,MSFT
2014-04-09,39.93,40.55,39.88,40.47,27398687,MSFT
2014-04-10,40.44,40.69,39.09,39.36,45960848,MSFT
2014-04-11,39.0,39.79,39.0,39.209,34333298,MSFT
2014-04-14,39.11,39.41,38.9,39.18,32006651,MSFT
2014-04-15,39.34,39.96,39.05,39.75,33978673,MSFT
2014-04-16,40.06,40.415,39.905,40.4,30616304,MSFT
2014-04-17,40.01,40.195,39.51,40.01,36689399,MSFT
2014-04-21,40.13,40.15,39.79,39.94,22222222,MSFT
2014-04-22,39.96,40.14,39.83,39.99,27057271,MSFT
2014-04-23,39.99,39.99,39.47,39.69,24602781,MSFT
2014-04-24,39.74,39.97,39.3,39.86,42381594,MSFT
2014-04-25,40.29,40.68,39.75,39.91,56883812,MSFT
2014-04-28,40.14,41.29,40.09,40.87,50610208,MSFT
2014-04-29,41.1,41.19,40.39,40.51,29637370,MSFT
2014-04-30,40.4,40.5,40.1699,40.4,35464148,MSFT
2014-05-01,40.2401,40.36,39.95,40.0,28791455,MSFT
2014-05-02,40.31,40.34,39.66,39.69,43417914,MSFT
2014-05-05,39.52,39.6399,39.3,39.43,22460928,MSFT
2014-05-06,39.29,39.35,38.95,39.06,27112373,MSFT
2014-05-07,39.22,39.51,38.51,39.425,41749497,MSFT
2014-05-08,39.34,39.9,38.97,39.64,32123032,MSFT
2014-05-09,39.54,39.85,39.37,39.54,29647646,MSFT
2014-05-12,39.74,40.02,39.65,39.97,22787185,MSFT
2014-05-13,39.92,40.5,39.85,40.42,27004768,MSFT
2014-05-14,40.3,40.45,40.05,40.24,18818711,MSFT
2014-05-15,40.09,40.4,39.51,39.6,37793243,MSFT
2014-05-16,39.67,39.84,39.27,39.83,29868272,MSFT
2014-05-19,39.61,39.82,39.46,39.75,24537438,MSFT
2014-05-20,39.68,39.94,39.46,39.68,21322341,MSFT
2014-05-21,39.8,40.35,39.7399,40.35,22399392,MSFT
2014-05-22,40.29,40.35,39.85,40.1,20202485,MSFT
2014-05-23,40.37,40.37,40.0,40.12,18020866,MSFT
2014-05-27,40.26,40.26,39.81,40.19,26161164,MSFT
2014-05-28,40.14,40.19,39.82,40.01,25711565,MSFT
2014-05-29,40.15,40.35,39.91,40.34,19893872,MSFT
2014-05-30,40.45,40.97,40.25,40.94,34575579,MSFT
2014-06-02,40.95,41.09,40.68,40.79,18504300,MSFT
2014-06-03,40.6,40.68,40.25,40.29,18071096,MSFT
2014-06-04,40.21,40.37,39.86,40.32,23210341,MSFT
2014-06-05,40.59,41.25,40.4,41.21,31865213,MSFT
2014-06-06,41.48,41.66,41.24,41.48,24060542,MSFT
2014-06-09,41.39,41.48,41.02,41.27,15019425,MSFT
2014-06-10,41.03,41.16,40.86,41.11,15117689,MSFT
2014-06-11,40.93,41.07,40.765,40.86,18039990,MSFT
2014-06-12,40.81,40.88,40.29,40.58,29823030,MSFT
2014-06-13,41.1,41.565,40.86,41.23,26310697,MSFT
2014-06-16,41.04,41.61,41.04,41.5,24205297,MSFT
2014-06-17,41.29,41.91,40.335,41.68,22518630,MSFT
2014-06-18,41.605,41.74,41.18,41.65,27097228,MSFT
2014-06-19,41.57,41.77,41.3301,41.51,19837767,MSFT
2014-06-20,41.445,41.83,41.38,41.68,47765407,MSFT
2014-06-23,41.73,42.0,41.69,41.99,18743905,MSFT
2014-06-24,41.83,41.94,41.56,41.745,26518274,MSFT
2014-06-25,41.7,42.05,41.46,42.03,20051576,MSFT
2014-06-26,41.93,41.94,41.43,41.72,23604409,MSFT
2014-06-27,41.61,42.29,41.51,42.25,74641945,MSFT
2014-06-30,42.17,42.21,41.7,41.7,30805472,MSFT
2014-07-01,41.86,42.15,41.69,41.87,26922597,MSFT
2014-07-02,41.73,41.9,41.53,41.9,20208526,MSFT
2014-07-03,41.91,41.99,41.56,41.8,15969310,MSFT
2014-07-07,41.75,42.12,41.71,41.99,21953619,MSFT
2014-07-08,41.87,42.0,41.61,41.78,31218208,MSFT
2014-07-09,41.98,41.99,41.53,41.67,18445910,MSFT
2014-07-10,41.37,42.0,41.05,41.685,21856832,MSFT
2014-07-11,41.7,42.09,41.48,42.09,24087374,MSFT
2014-07-14,42.22,42.45,42.04,42.14,21882943,MSFT
2014-07-15,42.33,42.47,42.03,42.45,28758961,MSFT
2014-07-16,42.51,44.31,42.48,44.08,63322372,MSFT
2014-07-17,45.45,45.71,44.25,44.53,82180263,MSFT
2014-07-18,44.65,44.84,44.25,44.69,43407490,MSFT
2014-07-21,44.56,45.16,44.22,44.835,37604378,MSFT
2014-07-22,45.0,45.15,44.59,44.83,43095820,MSFT
2014-07-23,45.45,45.45,44.62,44.87,52363948,MSFT
2014-07-24,44.93,45.0,44.32,44.4,30725348,MSFT
2014-07-25,44.3,44.66,44.3,44.5,26737724,MSFT
2014-07-28,44.36,44.51,43.93,43.97,29687677,MSFT
2014-07-29,43.91,44.09,43.64,43.885,27764099,MSFT
2014-07-30,44.07,44.1,43.29,43.5785,31925735,MSFT
2014-07-31,43.38,43.69,43.08,43.16,31540882,MSFT
2014-08-01,43.21,43.25,42.6,42.86,31171094,MSFT
2014-08-04,42.97,43.47,42.81,43.37,34277387,MSFT
2014-08-05,43.31,43.46,42.83,43.08,26267500,MSFT
2014-08-06,42.74,43.17,42.21,42.74,24633966,MSFT
2014-08-07,42.84,43.45,42.65,43.23,30315183,MSFT
2014-08-08,43.23,43.315,42.91,43.2,28943024,MSFT
2014-08-11,43.26,43.45,43.02,43.2,20351600,MSFT
2014-08-12,43.04,43.59,43.0,43.52,21433589,MSFT
2014-08-13,43.68,44.18,43.52,44.08,22851136,MSFT
2014-08-14,44.08,44.417,44.01,44.27,19313194,MSFT
2014-08-15,44.58,44.895,44.4,44.79,41611308,MSFT
2014-08-18,44.94,45.11,44.68,45.11,26895359,MSFT
2014-08-19,44.97,45.34,44.83,45.33,28139494,MSFT
2014-08-20,45.34,45.4,44.9,44.95,24770487,MSFT
2014-08-21,44.84,45.25,44.83,45.22,22285502,MSFT
2014-08-22,45.35,45.47,45.07,45.15,18294741,MSFT
2014-08-25,45.4,45.44,45.04,45.17,16909999,MSFT
2014-08-26,45.31,45.395,44.94,45.005,14877669,MSFT
2014-08-27,44.9,45.0,44.76,44.87,21287931,MSFT
2014-08-28,44.75,44.98,44.61,44.88,17657643,MSFT
2014-08-29,45.09,45.44,44.855,45.43,21608625,MSFT
2014-09-02,45.43,45.46,44.85,45.09,22976775,MSFT
2014-09-03,44.53,45.11,44.53,44.96,33689341,MSFT
2014-09-04,44.74,45.27,44.72,45.26,26478082,MSFT
2014-09-05,45.11,45.93,45.11,45.91,36939360,MSFT
2014-09-08,46.02,46.8,45.99,46.47,45736730,MSFT
2014-09-09,46.47,46.97,46.42,46.76,40302386,MSFT
2014-09-10,46.8201,46.94,46.28,46.84,27304409,MSFT
2014-09-11,46.74,47.0,46.47,47.0,29216560,MSFT
2014-09-12,46.91,47.02,46.6,46.695,38247122,MSFT
2014-09-15,46.54,46.71,46.1,46.24,37667644,MSFT
2014-09-16,46.39,46.85,46.29,46.76,27910571,MSFT
2014-09-17,46.26,46.69,46.23,46.52,38311924,MSFT
2014-09-18,46.59,46.83,46.46,46.68,35556632,MSFT
2014-09-19,46.81,47.57,46.6,47.52,202526536,MSFT
2014-09-22,47.3,47.38,46.98,47.06,38686091,MSFT
2014-09-23,46.85,46.98,46.47,46.56,33431078,MSFT
2014-09-24,46.63,47.11,46.34,47.08,26582713,MSFT
2014-09-25,46.88,47.09,46.03,46.04,33077385,MSFT
2014-09-26,45.93,46.62,45.76,46.41,27078764,MSFT
2014-09-29,45.98,46.56,45.76,46.44,26090980,MSFT
2014-09-30,46.37,46.4763,46.01,46.36,33033086,MSFT
2014-10-01,46.27,46.53,45.845,45.9,38088355,MSFT
2014-10-02,45.83,46.1,45.64,45.76,25119508,MSFT
2014-10-03,45.98,46.3,45.61,46.09,32453273,MSFT
2014-10-06,46.12,46.3,45.9199,46.09,20603960,MSFT
2014-10-07,45.86,45.93,45.42,45.53,25724544,MSFT
2014-10-08,45.48,46.89,45.34,46.78,33030972,MSFT
2014-10-09,46.5,46.8,45.74,45.85,34426595,MSFT
2014-10-10,45.6,46.12,43.95,44.03,51978146,MSFT
2014-10-13,43.82,44.56,43.49,43.65,37100207,MSFT
2014-10-14,43.87,44.38,43.56,43.73,38120558,MSFT
2014-10-15,43.0,43.39,42.1,43.22,60220961,MSFT
2014-10-16,42.53,43.08,42.22,42.74,49040989,MSFT
2014-10-17,43.2,43.935,42.79,43.63,40683346,MSFT
2014-10-20,43.06,44.14,42.81,44.08,34530887,MSFT
2014-10-21,44.36,44.975,44.19,44.88,36433824,MSFT
2014-10-22,45.0,45.07,44.225,44.38,33579817,MSFT
2014-10-23,44.62,45.445,44.53,45.02,45451869,MSFT
2014-10-24,46.83,46.9,45.18,46.13,61081039,MSFT
2014-10-27,45.71,46.1,45.71,45.91,30371308,MSFT
2014-10-28,45.86,46.5,45.77,46.49,29049750,MSFT
2014-10-29,46.44,46.7,46.34,46.62,30283622,MSFT
2014-10-30,46.32,46.32,45.77,46.05,30073873,MSFT
2014-10-31,46.94,46.97,46.48,46.95,35849656,MSFT
2014-11-03,46.89,47.46,46.73,47.44,23130397,MSFT
2014-11-04,47.301,47.73,47.25,47.57,21530813,MSFT
2014-11-05,47.8,47.9,47.26,47.86,22449594,MSFT
2014-11-06,47.86,48.86,47.79,48.7,33037841,MSFT
2014-11-07,48.92,48.92,48.2901,48.68,28000598,MSFT
2014-11-10,48.65,49.15,48.55,48.89,36370067,MSFT
2014-11-11,48.85,48.93,48.645,48.87,23445239,MSFT
2014-11-12,48.56,48.92,48.52,48.78,22722123,MSFT
2014-11-13,48.81,49.645,48.705,49.61,26210433,MSFT
2014-11-14,49.74,50.045,49.39,49.58,29081657,MSFT
2014-11-17,49.41,49.705,49.14,49.46,30318648,MSFT
2014-11-18,49.13,49.325,48.7,48.74,23996457,MSFT
2014-11-19,48.66,48.7549,47.93,48.22,26177450,MSFT
2014-11-20,48.0,48.7,47.87,48.7,21510587,MSFT
2014-11-21,49.02,49.05,47.57,47.98,42884795,MSFT
2014-11-24,47.99,48.0,47.39,47.59,35434245,MSFT
2014-11-25,47.66,47.97,47.45,47.47,28007993,MSFT
2014-11-26,47.49,47.99,47.28,47.75,27164877,MSFT
2014-11-28,47.95,48.195,47.61,47.81,21534426,MSFT
2014-12-01,47.88,48.78,47.71,48.62,31191575,MSFT
2014-12-02,48.84,49.05,48.2,48.46,25773478,MSFT
2014-12-03,48.44,48.5,47.805,48.08,23534752,MSFT
2014-12-04,48.39,49.06,48.2,48.84,30345132,MSFT
2014-12-05,48.82,48.97,48.38,48.42,27313449,MSFT
2014-12-08,48.26,48.35,47.445,47.695,26663107,MSFT
2014-12-09,47.11,47.92,47.05,47.59,24330506,MSFT
2014-12-10,47.58,47.66,46.7001,46.9,30431788,MSFT
2014-12-11,47.08,47.74,46.68,47.17,29061918,MSFT
2014-12-12,46.78,47.73,46.67,46.95,34248371,MSFT
2014-12-15,47.2,47.67,46.55,46.67,29247761,MSFT
2014-12-16,45.9,46.34,45.13,45.16,47801392,MSFT
2014-12-17,45.05,45.945,44.9,45.74,34970865,MSFT
2014-12-18,46.58,47.52,46.3386,47.52,40105550,MSFT
2014-12-19,47.63,48.1,47.17,47.66,64551182,MSFT
2014-12-22,47.78,48.12,47.71,47.98,26565984,MSFT
2014-12-23,48.37,48.8,48.13,48.45,23656529,MSFT
2014-12-24,48.64,48.64,48.08,48.14,11442790,MSFT
2014-12-26,48.41,48.41,47.82,47.88,13197817,MSFT
2014-12-29,47.7,47.78,47.26,47.45,14439518,MSFT
2014-12-30,47.44,47.62,46.84,47.02,16384692,MSFT
2014-12-31,46.73,47.44,46.45,46.45,21552450,MSFT
2015-01-02,46.66,47.42,46.54,46.76,27913852,MSFT
2015-01-05,46.37,46.73,46.25,46.325,39673865,MSFT
2015-01-06,46.38,46.749,45.54,45.65,36447854,MSFT
2015-01-07,45.98,46.46,45.49,46.23,29114061,MSFT
2015-01-08,46.75,47.7499,46.72,47.59,29645202,MSFT
2015-01-09,47.61,47.82,46.9,47.19,23944181,MSFT
2015-01-12,47.42,47.54,46.36,46.6,23651887,MSFT
2015-01-13,46.97,47.91,46.06,46.355,35270601,MSFT
2015-01-14,45.96,46.24,45.62,45.955,29719580,MSFT
2015-01-15,46.22,46.38,45.41,45.48,32750779,MSFT
2015-01-16,45.31,46.28,45.17,46.24,35695289,MSFT
2015-01-20,46.3,46.65,45.57,46.39,36161860,MSFT
2015-01-21,45.94,46.14,45.48,45.92,39081143,MSFT
2015-01-22,46.38,47.135,46.08,47.13,35898035,MSFT
2015-01-23,47.36,47.39,46.8,47.18,26211594,MSFT
2015-01-26,47.0,47.1339,46.2399,47.01,42525530,MSFT
2015-01-27,42.95,43.2,42.105,42.66,169163953,MSFT
2015-01-28,42.74,42.79,41.16,41.19,84507078,MSFT
2015-01-29,40.93,42.12,40.79,42.01,63585273,MSFT
2015-01-30,41.55,41.58,40.35,40.4,78004944,MSFT
2015-02-02,40.59,41.37,40.23,41.28,50352532,MSFT
2015-02-03,41.63,41.93,41.045,41.6,52082448,MSFT
2015-02-04,41.94,42.21,41.36,41.84,41614812,MSFT
2015-02-05,42.22,42.64,41.855,42.45,36548168,MSFT
2015-02-06,42.68,42.79,42.15,42.41,34616554,MSFT
2015-02-09,42.24,42.74,42.21,42.36,31381061,MSFT
2015-02-10,42.74,42.77,42.18,42.6,29670676,MSFT
2015-02-11,42.65,42.65,42.21,42.38,38262509,MSFT
2015-02-12,42.66,43.09,42.51,43.09,33268831,MSFT
2015-02-13,43.38,43.87,43.15,43.87,40264887,MSFT
2015-02-17,43.97,44.0,43.19,43.58,33695749,MSFT
2015-02-18,43.63,43.7,43.39,43.53,27111657,MSFT
2015-02-19,43.18,43.5263,43.05,43.5,27603420,MSFT
2015-02-20,43.51,43.88,43.29,43.855,29721133,MSFT
2015-02-23,43.7,44.19,43.65,44.15,32518754,MSFT
2015-02-24,44.15,44.3,43.92,44.09,25271747,MSFT
2015-02-25,43.95,44.09,43.8,43.99,29759820,MSFT
2015-02-26,43.99,44.23,43.89,44.055,28957329,MSFT
2015-02-27,44.13,44.2,43.66,43.85,33807740,MSFT
2015-03-02,43.67,44.19,43.55,43.88,31924049,MSFT
2015-03-03,43.56,43.825,43.09,43.28,31748648,MSFT
2015-03-04,43.01,43.21,42.88,43.055,25748692,MSFT
2015-03-05,43.07,43.24,42.82,43.11,23193541,MSFT
2015-03-06,43.0,43.11,42.15,42.36,36248785,MSFT
2015-03-09,42.19,43.125,42.19,42.85,32107957,MSFT
2015-03-10,42.35,42.71,42.03,42.03,39159730,MSFT
2015-03-11,42.31,42.37,41.84,41.98,32215314,MSFT
2015-03-12,41.33,41.65,40.86,41.02,59992502,MSFT
2015-03-13,40.7,41.47,40.61,41.38,58007705,MSFT
2015-03-16,41.47,41.64,41.28,41.56,35273452,MSFT
2015-03-17,41.37,41.83,41.15,41.695,31673448,MSFT
2015-03-18,41.43,42.83,41.33,42.5,44194771,MSFT
2015-03-19,42.26,42.59,42.22,42.285,33879066,MSFT
2015-03-20,42.56,42.98,42.49,42.88,71904529,MSFT
2015-03-23,42.88,43.13,42.78,42.855,26246086,MSFT
2015-03-24,42.78,43.17,42.75,42.9,25513252,MSFT
2015-03-25,42.92,42.925,41.44,41.46,43469907,MSFT
2015-03-26,41.22,41.61,40.92,41.21,37495627,MSFT
2015-03-27,41.12,41.43,40.83,40.97,34401398,MSFT
2015-03-30,41.1,41.54,40.91,40.96,35049662,MSFT
2015-03-31,40.78,41.03,40.54,40.655,34887219,MSFT
2015-04-01,40.6,40.76,40.31,40.72,36865322,MSFT
2015-04-02,40.66,40.74,40.12,40.29,37487476,MSFT
2015-04-06,40.34,41.78,40.18,41.545,39223692,MSFT
2015-04-07,41.61,41.91,41.31,41.53,28809375,MSFT
2015-04-08,41.46,41.69,41.04,41.42,24753438,MSFT
2015-04-09,41.25,41.62,41.25,41.48,25723861,MSFT
2015-04-10,41.63,41.95,41.41,41.72,28022002,MSFT
2015-04-13,41.4,42.06,41.39,41.76,30276692,MSFT
2015-04-14,41.8,42.03,41.39,41.65,24244382,MSFT
2015-04-15,41.76,42.46,41.68,42.255,27343581,MSFT
2015-04-16,41.95,42.34,41.82,42.16,22509652,MSFT
2015-04-17,41.67,41.74,41.16,41.615,42387608,MSFT
2015-04-20,41.73,43.17,41.68,42.905,46057733,MSFT
2015-04-21,43.0,43.15,42.53,42.635,26013844,MSFT
2015-04-22,42.67,43.13,42.55,42.985,25064273,MSFT
2015-04-23,42.89,43.61,42.8,43.34,46309530,MSFT
2015-04-24,45.66,48.14,45.65,47.87,130933665,MSFT
2015-04-27,47.23,48.13,47.22,48.03,59248172,MSFT
2015-04-28,47.78,49.21,47.7,49.155,60730778,MSFT
2015-04-29,48.72,49.31,48.5,49.06,47804562,MSFT
2015-04-30,48.7,49.54,48.6,48.64,64725457,MSFT
2015-05-01,48.58,48.875,48.4,48.655,38937336,MSFT
2015-05-04,48.37,48.87,48.18,48.24,34039485,MSFT
2015-05-05,47.82,48.16,47.31,47.6,50369191,MSFT
2015-05-06,47.57,47.77,46.02,46.28,52433020,MSFT
2015-05-07,46.27,47.085,46.16,46.7,32971654,MSFT
2015-05-08,47.55,47.98,47.52,47.75,35364911,MSFT
2015-05-11,47.55,47.91,47.37,47.37,24609416,MSFT
2015-05-12,46.85,47.68,46.42,47.35,29928264,MSFT
2015-05-13,48.19,48.32,47.57,47.625,34184613,MSFT
2015-05-14,48.0301,48.82,48.03,48.72,32980892,MSFT
2015-05-15,48.87,48.905,48.05,48.295,28642694,MSFT
2015-05-18,47.98,48.22,47.61,48.01,24136502,MSFT
2015-05-19,47.56,47.81,47.18,47.58,28574813,MSFT
2015-05-20,47.39,47.93,47.27,47.58,25047919,MSFT
2015-05-21,47.28,47.6,47.005,47.42,22410698,MSFT
2015-05-22,47.3,47.35,46.82,46.9,25720583,MSFT
2015-05-26,46.83,46.88,46.19,46.59,29581860,MSFT
2015-05-27,46.82,47.77,46.62,47.61,27335639,MSFT
2015-05-28,47.5,48.02,47.39,47.45,19283666,MSFT
2015-05-29,47.43,47.57,46.59,46.86,36519594,MSFT
2015-06-01,47.06,47.77,46.62,47.23,28837332,MSFT
2015-06-02,46.93,47.35,46.62,46.92,21498326,MSFT
2015-06-03,47.37,47.735,46.82,46.85,28002154,MSFT
2015-06-04,46.79,47.16,46.2,46.36,27745512,MSFT
2015-06-05,46.31,46.52,45.84,46.14,25438086,MSFT
2015-06-08,46.3,46.43,45.67,45.73,22121634,MSFT
2015-06-09,45.76,45.94,45.46,45.65,24406057,MSFT
2015-06-10,45.79,46.83,45.69,46.61,28417405,MSFT
2015-06-11,46.66,46.92,46.13,46.44,27347758,MSFT
2015-06-12,46.22,46.47,45.9,45.97,23930972,MSFT
2015-06-15,45.45,45.65,45.0201,45.475,33254517,MSFT
2015-06-16,45.35,46.24,45.3,45.83,27070306,MSFT
2015-06-17,45.73,46.07,45.36,45.97,28704061,MSFT
2015-06-18,46.22,46.8,46.17,46.72,32658343,MSFT
2015-06-19,46.79,46.825,45.99,46.1,63837036,MSFT
2015-06-22,46.33,46.72,46.16,46.23,20318055,MSFT
2015-06-23,46.13,46.28,45.62,45.91,25896473,MSFT
2015-06-24,45.67,46.245,45.55,45.635,34890901,MSFT
2015-06-25,46.03,46.06,45.5,45.65,20615995,MSFT
2015-06-26,45.65,46.28,45.03,45.26,49835287,MSFT
2015-06-29,45.04,45.23,44.36,44.37,34081746,MSFT
2015-06-30,44.71,44.72,43.94,44.15,35945384,MSFT
2015-07-01,44.46,45.23,44.1,44.445,28343907,MSFT
2015-07-02,44.48,44.75,44.06,44.4,21752013,MSFT
2015-07-06,43.96,44.48,43.95,44.39,23033961,MSFT
2015-07-07,44.34,44.49,43.32,44.3,36435827,MSFT
2015-07-08,44.44,44.9,44.03,44.24,39785901,MSFT
2015-07-09,44.75,45.22,44.5,44.52,32424672,MSFT
2015-07-10,45.01,45.14,44.57,44.61,25465757,MSFT
2015-07-13,44.975,45.62,44.9501,45.54,28178329,MSFT
2015-07-14,45.45,45.96,45.31,45.62,22880260,MSFT
2015-07-15,45.68,45.89,45.43,45.76,26629615,MSFT
2015-07-16,46.01,46.69,45.965,46.66,26271673,MSFT
2015-07-17,46.55,46.78,46.26,46.62,29467107,MSFT
2015-07-20,46.65,47.13,46.44,46.92,30631905,MSFT
2015-07-21,46.78,47.33,46.48,47.28,42781899,MSFT
2015-07-22,45.44,46.93,45.203,45.54,59152427,MSFT
2015-07-23,45.27,46.23,45.1,46.11,33934010,MSFT
2015-07-24,45.91,46.32,45.8,45.94,32333244,MSFT
2015-07-27,45.94,46.01,45.25,45.35,39701420,MSFT
2015-07-28,45.58,45.639,44.79,45.34,34328948,MSFT
2015-07-29,45.4,46.78,45.26,46.29,40945864,MSFT
2015-07-30,46.26,47.4,45.93,46.88,39777883,MSFT
2015-07-31,47.29,47.37,46.5,46.7,31201480,MSFT
2015-08-03,46.98,47.0,46.45,46.81,24125886,MSFT
2015-08-04,46.75,47.71,46.68,47.54,33403916,MSFT
2015-08-05,47.98,48.41,47.54,47.58,26959655,MSFT
2015-08-06,47.71,47.77,46.33,46.62,27368000,MSFT
2015-08-07,46.39,46.78,46.26,46.74,19163038,MSFT
2015-08-10,46.95,47.49,46.84,47.33,23079870,MSFT
2015-08-11,46.82,46.94,45.9,46.41,29237402,MSFT
2015-08-12,46.19,46.9,45.705,46.74,30198532,MSFT
2015-08-13,47.06,47.1,46.49,46.73,22627241,MSFT
2015-08-14,46.53,47.1,46.52,47.0,21473402,MSFT
2015-08-17,46.81,47.45,46.57,47.32,21099746,MSFT
2015-08-18,46.84,47.43,46.7,47.27,23574104,MSFT
2015-08-19,46.78,47.08,46.3,46.61,31485511,MSFT
2015-08-20,46.07,46.47,45.66,45.66,36238227,MSFT
2015-08-21,45.3,45.48,43.07,43.07,70053084,MSFT
2015-08-24,40.45,43.31,39.72,41.68,88753660,MSFT
2015-08-25,42.565,43.24,40.39,40.47,70616597,MSFT
2015-08-26,42.01,42.84,41.06,42.71,63407996,MSFT
2015-08-27,43.14,43.95,42.925,43.9,50943211,MSFT
2015-08-28,43.47,44.15,43.39,43.93,28246725,MSFT
2015-08-31,43.74,43.93,43.1,43.52,34441662,MSFT
2015-09-01,42.23,42.59,41.66,41.82,49688896,MSFT
2015-09-02,42.24,43.38,41.88,43.36,37671518,MSFT
2015-09-03,43.41,43.98,43.28,43.5,28285205,MSFT
2015-09-04,42.81,43.04,42.195,42.61,37138775,MSFT
2015-09-08,43.3,44.0,43.2,43.89,32469766,MSFT
2015-09-09,44.21,44.4,42.91,43.07,33469485,MSFT
2015-09-10,43.12,43.79,42.745,43.29,31366630,MSFT
2015-09-11,43.14,43.59,42.9399,43.48,27132527,MSFT
2015-09-14,43.43,43.44,42.86,43.04,23656048,MSFT
2015-09-15,43.19,44.29,43.08,43.98,28882206,MSFT
2015-09-16,43.97,44.38,43.84,44.3,23372162,MSFT
2015-09-17,44.29,45.0,44.08,44.25,32768161,MSFT
2015-09-18,43.5,43.99,43.33,43.48,63143684,MSFT
2015-09-21,43.62,44.47,43.6,44.11,26177224,MSFT
2015-09-22,43.38,44.05,43.31,43.9,28085903,MSFT
2015-09-23,43.93,44.17,43.51,43.87,17145238,MSFT
2015-09-24,43.45,44.13,43.27,43.91,27905607,MSFT
2015-09-25,44.48,44.73,43.76,43.94,29384601,MSFT
2015-09-28,43.83,44.085,43.205,43.29,27613785,MSFT
2015-09-29,43.37,43.57,43.05,43.44,32763557,MSFT
2015-09-30,43.88,44.3,43.66,44.26,34958880,MSFT
2015-10-01,44.75,44.75,43.75,44.61,28657859,MSFT
2015-10-02,44.27,45.57,43.92,45.57,41839035,MSFT
2015-10-05,45.745,46.89,45.7,46.63,34369286,MSFT
2015-10-06,46.33,47.175,46.22,46.75,27510808,MSFT
2015-10-07,47.1,47.35,45.95,46.8,27711492,MSFT
2015-10-08,46.56,47.515,46.5,47.45,33772709,MSFT
2015-10-09,47.45,47.54,46.92,47.11,28600632,MSFT
2015-10-12,46.98,47.07,46.5,47.0,19769066,MSFT
2015-10-13,46.56,47.1299,46.56,46.89,19987816,MSFT
2015-10-14,46.65,47.1,46.53,46.68,24697766,MSFT
2015-10-15,47.01,47.03,46.53,47.01,27189370,MSFT
2015-10-16,47.02,47.54,46.897,47.51,26450334,MSFT
2015-10-19,47.42,47.88,47.02,47.62,29387581,MSFT
2015-10-20,47.44,47.81,47.02,47.77,30802235,MSFT
2015-10-21,47.92,47.99,47.11,47.2,25264710,MSFT
2015-10-22,47.53,48.95,47.09,48.03,56637074,MSFT
2015-10-23,52.3,54.07,52.25,52.87,135227059,MSFT
2015-10-26,52.53,54.32,52.5,54.25,64633324,MSFT
2015-10-27,53.99,54.37,53.58,53.69,50999907,MSFT
2015-10-28,53.54,53.98,52.86,53.98,47000753,MSFT
2015-10-29,53.54,53.83,53.22,53.36,30202078,MSFT
2015-10-30,53.32,53.99,52.62,52.64,46619761,MSFT
2015-11-02,52.85,53.36,52.62,53.24,30284982,MSFT
2015-11-03,52.93,54.39,52.9,54.15,36596931,MSFT
2015-11-04,54.18,54.88,54.06,54.4,37087849,MSFT
2015-11-05,54.49,54.7,54.0,54.38,31468485,MSFT
2015-11-06,54.085,54.98,53.964,54.92,32851204,MSFT
2015-11-09,54.55,54.87,53.56,54.16,32513067,MSFT
2015-11-10,54.07,54.13,53.27,53.51,55283697,MSFT
2015-11-11,53.7,54.2,53.46,53.65,36516260,MSFT
2015-11-12,53.48,53.9791,53.19,53.32,35361095,MSFT
2015-11-13,53.07,53.29,52.53,52.84,36848175,MSFT
2015-11-16,53.08,53.89,52.85,53.765,32165198,MSFT
2015-11-17,53.17,53.53,52.85,52.97,31551255,MSFT
2015-11-18,53.0,53.98,52.9799,53.85,29710030,MSFT
2015-11-19,53.99,54.66,53.781,53.94,28149228,MSFT
2015-11-20,54.25,54.3,53.265,54.19,37147608,MSFT
2015-11-23,54.25,54.46,53.75,54.19,28235918,MSFT
2015-11-24,53.92,54.44,53.58,54.25,24600043,MSFT
2015-11-25,54.09,54.23,53.69,53.69,21005147,MSFT
2015-11-27,53.8,54.08,53.79,53.93,9009132,MSFT
2015-11-30,54.54,54.96,53.9999,54.35,56241417,MSFT
2015-12-01,54.41,55.23,54.3,55.22,39952779,MSFT
2015-12-02,55.32,55.96,55.06,55.21,47274879,MSFT
2015-12-03,55.49,55.77,53.93,54.2,38627835,MSFT
2015-12-04,54.12,56.23,54.1,55.91,43963662,MSFT
2015-12-07,55.79,55.97,55.29,55.81,30709765,MSFT
2015-12-08,55.47,56.1,54.99,55.79,32878026,MSFT
2015-12-09,55.37,55.87,54.51,54.98,36373209,MSFT
2015-12-10,55.39,55.655,55.01,55.27,31775826,MSFT
2015-12-11,54.71,55.1,54.01,54.06,39549497,MSFT
2015-12-14,54.33,55.21,53.68,55.14,47006491,MSFT
2015-12-15,55.66,55.9,55.09,55.2,39842998,MSFT
2015-12-16,55.54,56.245,54.76,56.13,37503300,MSFT
2015-12-17,56.36,56.79,55.5348,55.7,41280907,MSFT
2015-12-18,55.77,56.0,54.03,54.13,84684164,MSFT
2015-12-21,54.88,55.35,54.2262,54.83,37246325,MSFT
2015-12-22,54.99,55.48,54.5,55.35,28322241,MSFT
2015-12-23,55.7,55.88,55.44,55.82,27279832,MSFT
2015-12-24,55.86,55.96,55.43,55.67,9570002,MSFT
2015-12-28,55.35,55.95,54.98,55.95,22458293,MSFT
2015-12-29,56.29,56.85,56.06,56.55,27731403,MSFT
2015-12-30,56.47,56.78,56.2875,56.31,21704505,MSFT
2015-12-31,56.04,56.19,55.42,55.48,27334061,MSFT
2016-01-04,54.32,54.8,53.39,54.8,53777963,MSFT
2016-01-05,54.93,55.39,54.54,55.05,34079674,MSFT
2016-01-06,54.32,54.4001,53.64,54.05,39518863,MSFT
2016-01-07,52.7,53.485,52.07,52.17,56564852,MSFT
2016-01-08,52.37,53.28,52.15,52.33,48753969,MSFT
2016-01-11,52.51,52.85,51.46,52.3,36943756,MSFT
2016-01-12,52.76,53.1,52.06,52.78,36095539,MSFT
2016-01-13,53.8,54.07,51.3038,51.64,66883571,MSFT
2016-01-14,52.0,53.4163,51.57,53.11,52381918,MSFT
2016-01-15,51.31,51.97,50.34,50.99,71820697,MSFT
2016-01-19,51.48,51.68,50.06,50.56,43564538,MSFT
2016-01-20,49.98,51.38,49.1,50.79,63272993,MSFT
2016-01-21,51.0,51.58,50.3,50.48,40191157,MSFT
2016-01-22,51.41,52.33,51.26,52.29,37555789,MSFT
2016-01-25,51.94,52.65,51.65,51.79,34707717,MSFT
2016-01-26,51.79,52.44,51.55,52.17,28900820,MSFT
2016-01-27,52.01,52.2,51.0201,51.22,36775194,MSFT
2016-01-28,51.86,52.21,51.25,52.055,62513789,MSFT
2016-01-29,54.73,55.09,54.0,55.09,83611686,MSFT
2016-02-01,54.88,55.09,54.495,54.71,44208542,MSFT
2016-02-02,54.17,54.26,52.65,53.0,56313753,MSFT
2016-02-03,53.25,53.39,51.26,52.16,57559814,MSFT
2016-02-04,52.1,52.81,51.37,52.0,46987123,MSFT
2016-02-05,51.94,52.0,49.56,50.16,62008994,MSFT
2016-02-08,49.55,49.57,48.19,49.41,59290497,MSFT
2016-02-09,49.02,50.24,48.67,49.28,46740474,MSFT
2016-02-10,49.89,50.39,49.52,49.71,38236954,MSFT
2016-02-11,48.68,50.11,48.51,49.69,48878571,MSFT
2016-02-12,50.25,50.68,49.75,50.5,34243324,MSFT
2016-02-16,50.9,51.09,50.13,51.09,37291208,MSFT
2016-02-17,51.49,52.77,51.45,52.42,40788968,MSFT
2016-02-18,52.33,52.95,52.1,52.19,27176035,MSFT
2016-02-19,51.97,52.28,51.53,51.82,33559073,MSFT
2016-02-22,52.28,53.0,52.28,52.65,25008291,MSFT
2016-02-23,52.34,52.37,50.98,51.18,28895274,MSFT
2016-02-24,50.69,51.5,50.2,51.36,33014457,MSFT
2016-02-25,51.73,52.1,50.61,52.1,26939467,MSFT
2016-02-26,52.6,52.68,51.1,51.3,35975925,MSFT
2016-02-29,51.35,51.65,50.66,50.88,31654036,MSFT
2016-03-01,50.97,52.59,50.9199,52.58,33024535,MSFT
2016-03-02,52.41,52.96,52.155,52.95,29289884,MSFT
2016-03-03,52.97,52.97,51.78,52.35,24427813,MSFT
2016-03-04,52.4,52.45,51.71,52.03,33034150,MSFT
2016-03-07,51.56,51.8,50.58,51.03,38428816,MSFT
2016-03-08,50.8,52.13,50.595,51.65,33835119,MSFT
2016-03-09,51.89,52.85,51.855,52.84,28251588,MSFT
2016-03-10,52.93,52.94,51.16,52.05,38387804,MSFT
2016-03-11,53.0,53.07,52.38,53.07,32275677,MSFT
2016-03-14,52.71,53.59,52.63,53.17,24083616,MSFT
2016-03-15,52.75,53.59,52.74,53.59,21104763,MSFT
2016-03-16,53.45,54.6,53.4,54.35,31691742,MSFT
2016-03-17,54.21,55.0,54.0,54.66,28223947,MSFT
2016-03-18,54.92,54.97,53.445,53.49,67625518,MSFT
2016-03-21,53.25,53.9298,52.93,53.86,23925716,MSFT
2016-03-22,53.61,54.25,53.46,54.07,23124143,MSFT
2016-03-23,54.11,54.24,53.74,53.97,20129015,MSFT
2016-03-24,53.84,54.33,53.73,54.21,19949972,MSFT
2016-03-28,54.21,54.29,53.33,53.54,17025050,MSFT
2016-03-29,53.66,54.86,53.45,54.71,23924329,MSFT
2016-03-30,54.93,55.64,54.9,55.05,23008260,MSFT
2016-03-31,54.95,55.59,54.86,55.23,26360495,MSFT
2016-04-01,55.05,55.61,54.57,55.57,24399193,MSFT
2016-04-04,55.43,55.66,55.0,55.43,18928810,MSFT
2016-04-05,55.19,55.3,54.46,54.56,19272255,MSFT
2016-04-06,54.36,55.2,54.21,55.12,21188682,MSFT
2016-04-07,54.87,54.91,54.23,54.46,19225092,MSFT
2016-04-08,54.67,55.28,54.32,54.42,22167223,MSFT
2016-04-11,54.49,55.15,54.3,54.31,21414227,MSFT
2016-04-12,54.37,54.78,53.76,54.65,24944288,MSFT
2016-04-13,55.12,55.4375,54.89,55.35,20817961,MSFT
2016-04-14,55.22,55.575,55.07,55.36,20877108,MSFT
2016-04-15,55.3,55.92,55.11,55.65,28793753,MSFT
2016-04-18,55.49,56.59,55.21,56.46,23785950,MSFT
2016-04-19,56.63,56.77,55.68,56.39,29596827,MSFT
2016-04-20,56.29,56.5,55.485,55.59,36195714,MSFT
2016-04-21,55.8,56.23,55.415,55.78,38909096,MSFT
2016-04-22,51.91,52.4297,50.77,51.78,126834091,MSFT
2016-04-25,51.78,52.13,51.63,52.11,33226948,MSFT
2016-04-26,52.26,52.35,51.09,51.44,33532636,MSFT
2016-04-27,51.48,51.5,50.55,50.94,43369256,MSFT
2016-04-28,50.62,50.77,49.56,49.9,43134846,MSFT
2016-04-29,49.35,50.25,49.35,49.87,48411684,MSFT
2016-05-02,50.0,50.75,49.7799,50.61,33114539,MSFT
2016-05-03,50.34,50.41,49.6,49.78,26460244,MSFT
2016-05-04,49.84,50.06,49.46,49.87,24257556,MSFT
2016-05-05,49.87,50.3,49.73,49.94,25390718,MSFT
2016-05-06,49.92,50.39,49.66,50.39,24787301,MSFT
2016-05-09,50.49,50.585,50.0,50.07,17951598,MSFT
2016-05-10,50.33,51.1,50.19,51.02,22890966,MSFT
2016-05-11,51.13,51.78,51.0,51.05,24039140,MSFT
2016-05-12,51.2,51.81,50.92,51.51,24102781,MSFT
2016-05-13,51.44,51.895,51.04,51.08,22592342,MSFT
2016-05-16,50.8,51.96,50.75,51.83,20032017,MSFT
2016-05-17,51.72,51.73,50.36,50.51,27803514,MSFT
2016-05-18,50.48,51.14,50.3,50.81,24907532,MSFT
2016-05-19,50.47,50.62,49.82,50.32,23842358,MSFT
2016-05-20,50.48,51.22,50.4,50.62,23905769,MSFT
2016-05-23,50.6,50.68,49.98,50.03,26118720,MSFT
2016-05-24,50.7,51.71,50.4,51.59,34757944,MSFT
2016-05-25,51.92,52.49,51.79,52.12,24204566,MSFT
2016-05-26,51.93,51.9793,51.36,51.89,24335223,MSFT
2016-05-27,51.92,52.32,51.77,52.32,17721438,MSFT
2016-05-31,52.26,53.0,52.08,53.0,37653081,MSFT
2016-06-01,52.44,52.95,52.44,52.85,25324828,MSFT
2016-06-02,52.64,52.74,51.835,52.48,22840779,MSFT
2016-06-03,52.38,52.42,51.6,51.79,23368291,MSFT
2016-06-06,51.99,52.35,51.89,52.13,18243271,MSFT
2016-06-07,52.24,52.73,52.1,52.1,20866770,MSFT
2016-06-08,52.02,52.44,51.87,52.04,21149438,MSFT
2016-06-09,52.0,52.0,51.49,51.62,20305664,MSFT
2016-06-10,51.05,52.05,51.04,51.48,25833151,MSFT
2016-06-13,49.58,50.715,49.06,50.14,83217844,MSFT
2016-06-14,49.9,50.1,49.57,49.83,42577106,MSFT
2016-06-15,49.78,50.12,49.69,49.69,33757639,MSFT
2016-06-16,49.52,50.47,49.5068,50.39,31188605,MSFT
2016-06-17,50.41,50.43,49.82,50.13,45710516,MSFT
2016-06-20,50.64,50.83,50.03,50.07,35607946,MSFT
2016-06-21,50.2,51.43,50.16,51.19,34097825,MSFT
2016-06-22,51.08,51.46,50.9525,50.99,28816848,MSFT
2016-06-23,51.28,52.06,51.15,51.91,29028833,MSFT
2016-06-24,49.81,50.94,49.52,49.83,133502985,MSFT
2016-06-27,49.1,49.1466,48.035,48.43,50576699,MSFT
2016-06-28,48.92,49.47,48.67,49.44,38140658,MSFT
2016-06-29,49.91,50.72,49.8,50.54,31304021,MSFT
2016-06-30,50.72,51.3,50.5,51.17,28527781,MSFT
2016-07-01,51.13,51.72,51.07,51.16,21400392,MSFT
2016-07-05,50.83,51.28,50.74,51.17,24806351,MSFT
2016-07-06,50.78,51.54,50.39,51.38,28167461,MSFT
2016-07-07,51.42,51.61,51.07,51.38,19585194,MSFT
2016-07-08,51.73,52.36,51.55,52.3,28391026,MSFT
2016-07-11,52.5,52.83,52.47,52.59,22269203,MSFT
2016-07-12,52.94,53.4,52.785,53.21,27317555,MSFT
2016-07-13,53.56,53.86,53.18,53.51,25356841,MSFT
2016-07-14,53.84,53.99,53.58,53.74,24545520,MSFT
2016-07-15,53.95,54.0,53.21,53.7,32024385,MSFT
2016-07-18,53.7,54.34,53.55,53.96,31433864,MSFT
2016-07-19,53.71,53.9,52.93,53.09,53336533,MSFT
2016-07-20,56.15,56.84,55.53,55.91,89893301,MSFT
2016-07-21,55.98,56.23,55.76,55.8,32776653,MSFT
2016-07-22,56.08,56.6275,55.78,56.57,32157167,MSFT
2016-07-25,56.47,56.74,56.255,56.73,25610587,MSFT
2016-07-26,56.52,57.29,56.51,56.76,28078995,MSFT
2016-07-27,56.61,56.8,56.11,56.19,32327477,MSFT
2016-07-28,56.0,56.37,55.72,56.21,37550411,MSFT
2016-07-29,56.26,56.76,56.05,56.68,30558718,MSFT
2016-08-01,56.6,56.75,56.14,56.58,26003419,MSFT
2016-08-02,56.85,56.9,56.31,56.58,35121958,MSFT
2016-08-03,56.68,57.11,56.49,56.97,22075616,MSFT
2016-08-04,56.8,57.5193,56.67,57.39,26587749,MSFT
2016-08-05,57.65,58.21,57.45,57.96,29335221,MSFT
2016-08-08,58.055,58.085,57.78,58.06,19473499,MSFT
2016-08-09,58.17,58.5,58.02,58.2,16920721,MSFT
2016-08-10,58.16,58.32,57.82,58.02,15756913,MSFT
2016-08-11,58.03,58.45,58.03,58.3,18162301,MSFT
2016-08-12,58.03,58.19,57.62,57.94,21655161,MSFT
2016-08-15,58.01,58.5,57.96,58.12,19283902,MSFT
2016-08-16,57.61,57.62,57.27,57.44,20523493,MSFT
2016-08-17,57.54,57.68,57.23,57.56,18856423,MSFT
2016-08-18,57.42,57.7,57.27,57.6,14214341,MSFT
2016-08-19,57.43,57.73,57.2,57.62,17271044,MSFT
2016-08-22,57.6,57.75,57.26,57.67,15221922,MSFT
2016-08-23,57.9,58.18,57.85,57.89,18732373,MSFT
2016-08-24,57.8,58.04,57.715,57.95,18151506,MSFT
2016-08-25,57.88,58.29,57.78,58.17,18552579,MSFT
2016-08-26,58.28,58.7,57.69,58.03,20971202,MSFT
2016-08-29,58.18,58.6,58.1,58.1,16417207,MSFT
2016-08-30,57.98,58.19,57.61,57.89,16930185,MSFT
2016-08-31,57.65,57.8,57.3,57.46,20860269,MSFT
2016-09-01,57.01,57.82,57.01,57.59,26075363,MSFT
2016-09-02,57.67,58.19,57.42,57.67,18900489,MSFT
2016-09-06,57.78,57.8,57.21,57.61,16278416,MSFT
2016-09-07,57.47,57.84,57.405,57.66,17493359,MSFT
2016-09-08,57.63,57.79,57.18,57.43,20146083,MSFT
2016-09-09,56.79,57.52,56.21,56.21,35113934,MSFT
2016-09-12,56.0,57.205,55.61,57.05,29302962,MSFT
2016-09-13,56.5,56.65,56.05,56.53,30130213,MSFT
2016-09-14,56.39,56.63,56.03,56.26,24274273,MSFT
2016-09-15,56.15,57.35,55.98,57.19,27062614,MSFT
2016-09-16,57.63,57.63,56.75,57.25,44606965,MSFT
2016-09-19,57.27,57.75,56.85,56.93,20937104,MSFT
2016-09-20,57.35,57.35,56.75,56.81,17383982,MSFT
2016-09-21,57.51,57.85,57.08,57.76,33707272,MSFT
2016-09-22,57.92,58.0,57.63,57.82,19822203,MSFT
2016-09-23,57.87,57.91,57.38,57.43,19955336,MSFT
2016-09-26,57.08,57.14,56.83,56.9,21688720,MSFT
2016-09-27,56.93,58.06,56.681,57.95,28065071,MSFT
2016-09-28,57.88,58.06,57.67,58.03,20536400,MSFT
2016-09-29,57.81,58.1679,57.21,57.4,25463536,MSFT
2016-09-30,57.57,57.77,57.34,57.6,29910788,MSFT
2016-10-03,57.405,57.55,57.06,57.42,19189515,MSFT
2016-10-04,57.27,57.595,56.97,57.24,20085874,MSFT
2016-10-05,57.29,57.9601,57.26,57.64,16726411,MSFT
2016-10-06,57.74,57.86,57.28,57.74,16212611,MSFT
2016-10-07,57.85,57.98,57.42,57.8,20089020,MSFT
2016-10-10,57.91,58.39,57.87,58.04,18196509,MSFT
2016-10-11,57.89,58.02,56.89,57.19,26497418,MSFT
2016-10-12,57.11,57.27,56.4,57.11,22177464,MSFT
2016-10-13,56.7,57.3,56.315,56.92,25313748,MSFT
2016-10-14,57.12,57.74,57.12,57.42,27402451,MSFT
2016-10-17,57.36,57.46,56.87,57.22,23830014,MSFT
2016-10-18,57.53,57.945,57.41,57.66,19149538,MSFT
2016-10-19,57.47,57.84,57.395,57.53,22878397,MSFT
2016-10-20,57.5,57.52,56.66,57.25,49455612,MSFT
2016-10-21,60.28,60.45,59.485,59.66,80032206,MSFT
2016-10-24,59.94,61.0,59.93,61.0,54066978,MSFT
2016-10-25,60.85,61.3699,60.8,60.99,35137164,MSFT
2016-10-26,60.81,61.2,60.47,60.63,29911608,MSFT
2016-10-27,60.61,60.83,60.09,60.1,28479856,MSFT
2016-10-28,60.01,60.52,59.58,59.87,33574684,MSFT
2016-10-31,60.16,60.42,59.92,59.92,26434697,MSFT
2016-11-01,59.97,60.02,59.25,59.8,24532986,MSFT
2016-11-02,59.82,59.93,59.3,59.43,22147005,MSFT
2016-11-03,59.53,59.64,59.11,59.21,21600427,MSFT
2016-11-04,58.65,59.28,58.52,58.71,28697016,MSFT
2016-11-07,59.78,60.52,59.78,60.42,31664798,MSFT
2016-11-08,60.55,60.78,60.15,60.47,22935355,MSFT
2016-11-09,60.0,60.59,59.2,60.17,49632479,MSFT
2016-11-10,60.48,60.49,57.6302,58.7,57822394,MSFT
2016-11-11,58.23,59.116,58.01,59.02,38767843,MSFT
2016-11-14,59.02,59.08,57.28,58.12,41328422,MSFT
2016-11-15,58.33,59.49,58.315,58.87,35904126,MSFT
2016-11-16,58.94,59.66,58.81,59.65,27332475,MSFT
2016-11-17,60.41,60.95,59.965,60.64,32132728,MSFT
2016-11-18,60.78,61.14,60.3,60.35,27686311,MSFT
2016-11-21,60.5,60.97,60.42,60.86,19652595,MSFT
2016-11-22,60.98,61.26,60.805,61.12,23206700,MSFT
2016-11-23,61.01,61.1,60.25,60.4,21848913,MSFT
2016-11-25,60.3,60.53,60.13,60.53,8409616,MSFT
2016-11-28,60.34,61.02,60.21,60.61,20732619,MSFT
2016-11-29,60.65,61.41,60.52,61.09,22366721,MSFT
2016-11-30,60.86,61.18,60.215,60.26,34655435,MSFT
2016-12-01,60.11,60.15,58.935,59.2,34542121,MSFT
2016-12-02,59.08,59.47,58.8,59.25,25515665,MSFT
2016-12-05,59.7,60.585,59.56,60.22,23552658,MSFT
2016-12-06,60.43,60.46,59.8,59.95,19907035,MSFT
2016-12-07,60.01,61.38,59.8,61.37,30808969,MSFT
2016-12-08,61.3,61.58,60.84,61.01,21220753,MSFT
2016-12-09,61.18,61.99,61.125,61.97,27349356,MSFT
2016-12-12,61.82,62.3,61.72,62.17,20198081,MSFT
2016-12-13,62.5,63.42,62.24,62.98,35718868,MSFT
2016-12-14,63.0,63.45,62.53,62.68,30352654,MSFT
2016-12-15,62.7,63.1535,62.3,62.58,27669868,MSFT
2016-12-16,62.95,62.95,62.115,62.3,42453083,MSFT
2016-12-19,62.56,63.77,62.42,63.62,34338219,MSFT
2016-12-20,63.69,63.8,63.025,63.54,26028379,MSFT
2016-12-21,63.43,63.7,63.12,63.54,17096304,MSFT
2016-12-22,63.84,64.1,63.405,63.55,22176585,MSFT
2016-12-23,63.45,63.54,62.8,63.24,12403819,MSFT
2016-12-27,63.21,64.07,63.21,63.28,11763173,MSFT
2016-12-28,63.4,63.4,62.83,62.99,14653348,MSFT
2016-12-29,62.86,63.2,62.73,62.9,10250582,MSFT
2016-12-30,62.96,62.99,62.03,62.14,25579908,MSFT
2017-01-03,62.79,62.84,62.125,62.58,20694101,MSFT
2017-01-04,62.48,62.75,62.12,62.3,21339969,MSFT
2017-01-05,62.19,62.66,62.03,62.3,24875968,MSFT
2017-01-06,62.3,63.15,62.04,62.84,19922919,MSFT
2017-01-09,62.76,63.08,62.54,62.64,20382730,MSFT
2017-01-10,62.73,63.07,62.28,62.62,18593004,MSFT
2017-01-11,62.61,63.23,62.43,63.19,21517335,MSFT
2017-01-12,63.06,63.4,61.95,62.61,20968223,MSFT
2017-01-13,62.62,62.865,62.35,62.7,19422310,MSFT
2017-01-17,62.68,62.7,62.03,62.53,20663983,MSFT
2017-01-18,62.67,62.7,62.12,62.5,19670102,MSFT
2017-01-19,62.24,62.98,62.195,62.3,18451655,MSFT
2017-01-20,62.67,62.82,62.37,62.74,30213462,MSFT
2017-01-23,62.7,63.1159,62.57,62.96,23097581,MSFT
2017-01-24,63.2,63.735,62.94,63.52,24672940,MSFT
2017-01-25,63.95,64.1,63.45,63.68,24654933,MSFT
2017-01-26,64.12,64.535,63.55,64.27,43554645,MSFT
2017-01-27,65.39,65.91,64.89,65.78,44817972,MSFT
2017-01-30,65.69,65.79,64.8,65.13,31651445,MSFT
2017-01-31,64.86,65.15,64.26,64.65,25270549,MSFT
2017-02-01,64.355,64.62,63.47,63.58,39671528,MSFT
2017-02-02,63.25,63.41,62.75,63.17,45827013,MSFT
2017-02-03,63.5,63.7,63.07,63.68,30301759,MSFT
2017-02-06,63.5,63.65,63.14,63.64,19796360,MSFT
2017-02-07,63.74,63.78,63.23,63.43,20277226,MSFT
2017-02-08,63.57,63.81,63.22,63.34,18096358,MSFT
2017-02-09,63.52,64.435,63.32,64.06,22644443,MSFT
2017-02-10,64.25,64.3,63.975,64.0,18170729,MSFT
2017-02-13,64.24,64.86,64.13,64.72,22920101,MSFT
2017-02-14,64.41,64.72,64.02,64.57,23108426,MSFT
2017-02-15,64.5,64.57,64.155,64.53,17005157,MSFT
2017-02-16,64.74,65.24,64.44,64.52,20546345,MSFT
2017-02-17,64.47,64.69,64.3,64.62,21248818,MSFT
2017-02-21,64.61,64.95,64.45,64.49,20655869,MSFT
2017-02-22,64.33,64.39,64.05,64.36,19292651,MSFT
2017-02-23,64.42,64.7285,64.195,64.62,20273128,MSFT
2017-02-24,64.53,64.8,64.135,64.62,21796800,MSFT
2017-02-27,64.54,64.54,64.045,64.23,15871507,MSFT
2017-02-28,64.08,64.2,63.76,63.98,23239825,MSFT
2017-03-01,64.13,64.99,64.0218,64.94,26937459,MSFT
2017-03-02,64.69,64.75,63.88,64.01,24539597,MSFT
2017-03-03,63.99,64.28,63.62,64.25,18139405,MSFT
2017-03-06,63.97,64.56,63.81,64.27,18750255,MSFT
2017-03-07,64.19,64.775,64.19,64.4,18520987,MSFT
2017-03-08,64.26,65.085,64.25,64.99,21510907,MSFT
2017-03-09,65.19,65.2,64.48,64.73,19846832,MSFT
2017-03-10,65.11,65.26,64.75,64.93,19538245,MSFT
2017-03-13,65.01,65.195,64.57,64.71,20100035,MSFT
2017-03-14,64.53,64.55,64.15,64.41,14280202,MSFT
2017-03-15,64.55,64.92,64.25,64.75,24833810,MSFT
2017-03-16,64.75,64.76,64.3,64.64,20674296,MSFT
2017-03-17,64.91,65.24,64.68,64.87,49219686,MSFT
2017-03-20,64.91,65.175,64.72,64.93,14598083,MSFT
2017-03-21,65.19,65.5,64.13,64.21,26640480,MSFT
2017-03-22,64.12,65.14,64.12,65.03,20680015,MSFT
2017-03-23,64.94,65.235,64.765,64.87,19269203,MSFT
2017-03-24,65.36,65.45,64.76,64.98,22617105,MSFT
2017-03-27,64.63,65.22,64.35,65.1,18614662,MSFT
2017-03-28,64.96,65.47,64.65,65.29,20080358,MSFT
2017-03-29,65.12,65.5,64.9475,65.47,13618424,MSFT
2017-03-30,65.42,65.98,65.36,65.71,15122823,MSFT
2017-03-31,65.65,66.19,65.45,65.86,21040331,MSFT
2017-04-03,65.81,65.94,65.19,65.55,20400871,MSFT
2017-04-04,65.39,65.81,65.28,65.73,12997449,MSFT
2017-04-05,66.3,66.35,65.4443,65.56,21448594,MSFT
2017-04-06,65.6,66.055,65.48,65.73,18103453,MSFT
2017-04-07,65.85,65.96,65.44,65.68,14089274,MSFT
2017-04-10,65.61,65.82,65.36,65.53,17952742,MSFT
2017-04-11,65.6,65.61,64.85,65.48,18791533,MSFT
2017-04-12,65.42,65.51,65.11,65.23,17108513,MSFT
2017-04-13,65.29,65.86,64.95,64.95,17896483,MSFT
2017-04-17,65.04,65.49,65.01,65.48,16689265,MSFT
2017-04-18,65.33,65.71,65.16,65.39,15155611,MSFT
2017-04-19,65.65,65.75,64.89,65.04,26992771,MSFT
2017-04-20,65.46,65.75,65.14,65.5,22299477,MSFT
2017-04-21,65.67,66.7,65.45,66.4,32522645,MSFT
2017-04-24,67.48,67.66,67.1,67.53,29769976,MSFT
2017-04-25,67.9,68.04,67.6,67.92,30242730,MSFT
2017-04-26,68.08,68.31,67.62,67.83,26190770,MSFT
2017-04-27,68.15,68.38,67.58,68.27,34970953,MSFT
2017-04-28,68.91,69.14,67.69,68.46,39548818,MSFT
2017-05-01,68.68,69.55,68.5,69.41,31954362,MSFT
2017-05-02,69.71,69.71,69.13,69.3,23906119,MSFT
2017-05-03,69.38,69.38,68.71,69.08,28927973,MSFT
2017-05-04,69.03,69.08,68.64,68.81,21749409,MSFT
2017-05-05,68.9,69.03,68.485,69.0,19128782,MSFT
2017-05-08,68.97,69.05,68.42,68.94,18566087,MSFT
2017-05-09,68.86,69.28,68.68,69.04,22858414,MSFT
2017-05-10,68.99,69.56,68.92,69.31,17977830,MSFT
2017-05-11,68.36,68.73,68.12,68.46,28789413,MSFT
2017-05-12,68.61,68.61,68.04,68.38,18714123,MSFT
2017-05-15,68.14,68.48,67.57,68.43,31530301,MSFT
2017-05-16,68.23,69.44,68.16,69.41,34956038,MSFT
2017-05-17,68.89,69.1,67.43,67.48,30548781,MSFT
2017-05-18,67.4,68.13,67.14,67.71,25201274,MSFT
2017-05-19,67.5,68.095,67.43,67.69,26961119,MSFT
2017-05-22,67.89,68.5,67.5,68.45,16237550,MSFT
2017-05-23,68.72,68.75,68.38,68.68,15425824,MSFT
2017-05-24,68.87,68.88,68.45,68.77,14666865,MSFT
2017-05-25,68.97,69.88,68.91,69.62,21854095,MSFT
2017-05-26,69.8,70.22,69.52,69.96,19827923,MSFT
2017-05-30,69.79,70.41,69.77,70.41,17072838,MSFT
2017-05-31,70.53,70.74,69.81,69.84,30436364,MSFT
2017-06-01,70.24,70.61,69.451,70.1,21603601,MSFT
2017-06-02,70.44,71.86,70.24,71.76,34770261,MSFT
2017-06-05,71.97,72.89,71.81,72.28,33316760,MSFT
2017-06-06,72.3,72.62,72.27,72.52,31511065,MSFT
2017-06-07,72.635,72.77,71.95,72.39,22301765,MSFT
2017-06-08,72.51,72.52,71.5,71.95,24588270,MSFT
2017-06-09,72.035,72.08,68.59,70.32,49187396,MSFT
2017-06-12,69.25,69.94,68.13,69.78,47761743,MSFT
2017-06-13,70.02,70.82,69.96,70.65,25258614,MSFT
2017-06-14,70.91,71.1,69.43,70.27,25510685,MSFT
2017-06-15,69.27,70.21,68.8,69.9,26068709,MSFT
2017-06-16,69.73,70.0252,69.22,70.0,48345085,MSFT
2017-06-19,70.5,70.945,70.35,70.87,23798268,MSFT
2017-06-20,70.82,70.87,69.87,69.91,21512231,MSFT
2017-06-21,70.21,70.62,69.94,70.27,19891051,MSFT
2017-06-22,70.54,70.59,69.71,70.26,22965738,MSFT
2017-06-23,70.09,71.25,69.92,71.21,27617291,MSFT
2017-06-26,71.4,71.71,70.445,70.53,19606974,MSFT
2017-06-27,70.11,70.18,69.18,69.21,25215128,MSFT
2017-06-28,69.21,69.841,68.79,69.8,25806200,MSFT
2017-06-29,69.38,69.49,68.09,68.49,28918715,MSFT
2017-06-30,68.78,69.38,68.74,68.93,24161068,MSFT
2017-07-03,69.33,69.6,68.02,68.17,16165538,MSFT
2017-07-05,68.255,69.44,68.22,69.08,21176272,MSFT
2017-07-06,68.27,68.78,68.12,68.57,21117572,MSFT
2017-07-07,68.7,69.84,68.7,69.46,16878317,MSFT
2017-07-10,69.46,70.25,69.2,69.98,15014503,MSFT
2017-07-11,70.0,70.68,69.75,69.99,17460022,MSFT
2017-07-12,70.69,71.28,70.55,71.15,17750925,MSFT
2017-07-13,71.5,72.0399,71.31,71.77,20269816,MSFT
2017-07-14,72.24,73.27,71.96,72.78,25868086,MSFT
2017-07-17,72.8,73.45,72.72,73.35,21803907,MSFT
2017-07-18,73.09,73.39,72.66,73.3,26435296,MSFT
2017-07-19,73.5,74.04,73.45,73.86,22416222,MSFT
2017-07-20,74.18,74.3,73.28,74.22,42361025,MSFT
2017-07-21,73.45,74.29,73.17,73.79,46717082,MSFT
2017-07-24,73.53,73.75,73.13,73.6,21394826,MSFT
2017-07-25,73.8,74.31,73.5,74.19,22018681,MSFT
2017-07-26,74.34,74.38,73.81,74.05,16252233,MSFT
2017-07-27,73.76,74.42,72.32,73.16,36844220,MSFT
2017-07-28,72.67,73.31,72.54,73.04,18306680,MSFT
2017-07-31,73.3,73.44,72.41,72.7,23600054,MSFT
2017-08-01,73.1,73.42,72.49,72.58,20823890,MSFT
2017-08-02,72.55,72.56,71.445,72.26,26499158,MSFT
2017-08-03,72.19,72.44,71.845,72.15,18214424,MSFT
2017-08-04,72.4,73.04,72.24,72.68,22578952,MSFT
2017-08-07,72.8,72.9,72.26,72.4,18705681,MSFT
2017-08-08,72.09,73.13,71.75,72.79,22044587,MSFT
2017-08-09,72.25,72.51,72.05,72.47,22213410,MSFT
2017-08-10,71.9,72.19,71.35,71.41,24734461,MSFT
2017-08-11,71.61,72.7,71.28,72.5,21443675,MSFT
2017-08-14,73.06,73.72,72.95,73.59,20096592,MSFT
2017-08-15,73.59,73.59,73.04,73.22,19181402,MSFT
2017-08-16,73.34,74.1,73.17,73.65,18150402,MSFT
2017-08-17,73.58,73.87,72.4,72.4,22977519,MSFT
2017-08-18,72.27,72.84,71.93,72.49,18761491,MSFT
2017-08-21,72.47,72.48,71.7,72.15,17734767,MSFT
2017-08-22,72.35,73.24,72.35,73.16,14343674,MSFT
2017-08-23,72.96,73.15,72.53,72.72,13766507,MSFT
2017-08-24,72.74,72.86,72.07,72.69,17098282,MSFT
2017-08-25,72.86,73.35,72.48,72.82,12794301,MSFT
2017-08-28,73.06,73.09,72.55,72.83,14569715,MSFT
2017-08-29,72.25,73.16,72.05,73.05,11478382,MSFT
2017-08-30,73.01,74.2099,72.8293,74.01,16897801,MSFT
2017-08-31,74.03,74.96,73.8,74.77,27652811,MSFT
2017-09-01,74.71,74.74,73.64,73.94,21736161,MSFT
2017-09-05,73.34,73.89,72.98,73.61,22242384,MSFT
2017-09-06,73.74,74.04,73.35,73.4,16535785,MSFT
2017-09-07,73.68,74.6,73.6,74.34,17471200,MSFT
2017-09-08,74.33,74.44,73.84,73.98,14703816,MSFT
2017-09-11,74.31,74.945,74.31,74.76,17910383,MSFT
2017-09-12,74.76,75.24,74.37,74.68,14394850,MSFT
2017-09-13,74.93,75.23,74.55,75.21,13380802,MSFT
2017-09-14,75.0,75.49,74.52,74.77,15733914,MSFT
2017-09-15,74.83,75.39,74.07,75.31,38578441,MSFT
2017-09-18,75.23,75.97,75.04,75.16,23306959,MSFT
2017-09-19,75.21,75.71,75.01,75.44,16093344,MSFT
2017-09-20,75.35,75.55,74.31,74.94,21587878,MSFT
2017-09-21,75.11,75.24,74.11,74.21,19186140,MSFT
2017-09-22,73.99,74.51,73.85,74.41,14111365,MSFT
2017-09-25,74.09,74.25,72.92,73.26,24149163,MSFT
2017-09-26,73.67,73.81,72.99,73.26,18019577,MSFT
2017-09-27,73.55,74.17,73.17,73.85,19565135,MSFT
2017-09-28,73.54,73.97,73.31,73.87,10883787,MSFT
2017-09-29,73.94,74.535,73.88,74.49,17079114,MSFT
2017-10-02,74.71,75.01,74.295,74.61,15304762,MSFT
2017-10-03,74.67,74.88,74.195,74.26,12190403,MSFT
2017-10-04,74.0,74.72,73.71,74.69,13317681,MSFT
2017-10-05,75.22,76.12,74.96,75.97,21195261,MSFT
2017-10-06,75.67,76.03,75.54,76.0,13959814,MSFT
2017-10-09,75.97,76.55,75.86,76.29,11386502,MSFT
2017-10-10,76.33,76.63,76.14,76.29,13944545,MSFT
2017-10-11,76.36,76.46,75.95,76.42,15388898,MSFT
2017-10-12,76.49,77.29,76.37,77.12,16876538,MSFT
2017-10-13,77.59,77.87,77.29,77.49,15335742,MSFT
2017-10-16,77.42,77.81,77.35,77.65,12380093,MSFT
2017-10-17,77.47,77.62,77.25,77.59,16823989,MSFT
2017-10-18,77.67,77.85,77.37,77.61,13300701,MSFT
2017-10-19,77.57,77.93,77.35,77.91,15092758,MSFT
2017-10-20,78.32,78.97,78.22,78.81,22866426,MSFT
2017-10-23,78.99,79.34,78.76,78.83,20627173,MSFT
2017-10-24,78.9,79.2,78.46,78.86,17517182,MSFT
2017-10-25,78.58,79.1,78.01,78.63,20410808,MSFT
2017-10-26,79.2,79.42,78.75,78.76,32120717,MSFT
2017-10-27,84.37,86.2,83.61,83.81,71066729,MSFT
2017-10-30,83.7,84.325,83.105,83.89,31756653,MSFT
2017-10-31,84.36,84.36,83.11,83.18,27086575,MSFT
2017-11-01,83.68,83.76,82.88,83.18,22307371,MSFT
2017-11-02,83.35,84.46,83.12,84.05,23992945,MSFT
2017-11-03,84.08,84.54,83.4,84.14,17633543,MSFT
2017-11-06,84.2,84.7,84.0825,84.47,19860852,MSFT
2017-11-07,84.77,84.9,83.93,84.27,17939727,MSFT
2017-11-08,84.14,84.61,83.83,84.56,18034170,MSFT
2017-11-09,84.11,84.27,82.9,84.09,21171550,MSFT
2017-11-10,83.79,84.095,83.23,83.87,19397793,MSFT
2017-11-13,83.66,83.94,83.46,83.93,14196896,MSFT
2017-11-14,83.5,84.1,82.98,84.05,18801280,MSFT
2017-11-15,83.47,83.69,82.69,82.98,19383102,MSFT
2017-11-16,83.1,83.42,82.94,83.2,20962750,MSFT
2017-11-17,83.12,83.12,82.24,82.4,22078993,MSFT
2017-11-20,82.4,82.59,82.25,82.53,16314978,MSFT
2017-11-21,82.74,83.84,82.74,83.72,21237454,MSFT
2017-11-22,83.83,83.9,83.04,83.11,20553089,MSFT
2017-11-24,83.01,83.43,82.78,83.26,7425603,MSFT
2017-11-27,83.31,83.98,83.3,83.87,18265242,MSFT
2017-11-28,84.07,85.06,84.02,84.88,21925959,MSFT
2017-11-29,84.71,84.9172,83.175,83.34,27381109,MSFT
2017-11-30,83.51,84.52,83.34,84.17,33054647,MSFT
2017-12-01,83.6,84.81,83.22,84.26,29532132,MSFT
2017-12-04,84.42,84.4299,80.7,81.08,39094880,MSFT
2017-12-05,81.34,82.68,80.9801,81.59,26152261,MSFT
2017-12-06,81.55,83.14,81.43,82.78,26162054,MSFT
2017-12-07,82.54,82.8,82.0,82.49,23184547,MSFT
2017-12-08,83.63,84.58,83.33,84.16,24489106,MSFT
2017-12-11,84.29,85.37,84.12,85.23,22857854,MSFT
2017-12-12,85.31,86.05,85.08,85.58,23924105,MSFT
2017-12-13,85.74,86.0,85.17,85.35,22062679,MSFT
2017-12-14,85.43,85.8739,84.53,84.69,19305961,MSFT
2017-12-15,85.26,87.09,84.88,86.85,53936687,MSFT
2017-12-18,87.12,87.4999,86.23,86.38,22283752,MSFT
2017-12-19,86.35,86.35,85.27,85.83,23524787,MSFT
2017-12-20,86.2,86.3,84.71,85.52,23674931,MSFT
2017-12-21,86.05,86.1,85.4,85.5,17990745,MSFT
2017-12-22,85.4,85.63,84.92,85.51,14145841,MSFT
2017-12-26,85.31,85.5346,85.03,85.4,9891237,MSFT
2017-12-27,85.65,85.98,85.215,85.71,14678025,MSFT
2017-12-28,85.9,85.93,85.55,85.72,10594344,MSFT
2017-12-29,85.63,86.05,85.5,85.54,18717406,MSFT
2018-01-02,86.125,86.31,85.5,85.95,22483797,MSFT
2018-01-03,86.055,86.51,85.97,86.35,26061439,MSFT
2018-01-04,86.59,87.66,86.57,87.11,21911974,MSFT
2018-01-05,87.66,88.41,87.43,88.19,23407110,MSFT
2018-01-08,88.2,88.58,87.6046,88.28,22113049,MSFT
2018-01-09,88.65,88.7272,87.86,88.22,19484317,MSFT
2018-01-10,87.86,88.19,87.41,87.82,18652201,MSFT
2018-01-11,88.13,88.13,87.24,88.08,17808877,MSFT
2018-01-12,88.67,89.78,88.45,89.6,24271531,MSFT
2018-01-16,90.1,90.79,88.0104,88.35,36599736,MSFT
2018-01-17,89.08,90.28,88.75,90.14,25621164,MSFT
2018-01-18,89.8,90.67,89.66,90.1,24159683,MSFT
2018-01-19,90.14,90.61,89.66,90.0,36875013,MSFT
2018-01-22,90.0,91.62,89.74,91.61,23601555,MSFT
2018-01-23,91.9,92.3,91.54,91.9,23412841,MSFT
2018-01-24,92.55,93.43,91.58,91.82,33277483,MSFT
2018-01-25,92.465,93.24,91.93,92.33,26383238,MSFT
2018-01-26,93.12,94.06,92.58,94.06,29172167,MSFT
2018-01-29,95.14,95.45,93.72,93.92,31569940,MSFT
2018-01-30,93.3,93.66,92.1,92.74,38635053,MSFT
2018-01-31,93.75,95.4,93.51,95.01,48756338,MSFT
2018-02-01,94.79,96.07,93.5813,94.26,47227882,MSFT
2018-02-02,93.64,93.97,91.5,91.78,47867753,MSFT
2018-02-05,90.56,93.24,88.0,88.0,51031465,MSFT
2018-02-06,86.89,91.475,85.25,91.33,67998564,MSFT
2018-02-07,90.49,91.77,89.2,89.61,41107592,MSFT
2013-02-08,25.9635,26.28,25.7157,25.8528,25649820,NFLX
2013-02-11,25.5685,26.0071,24.9714,25.4128,29321782,NFLX
2013-02-12,25.8085,26.2228,25.1014,25.4214,34388802,NFLX
2013-02-13,25.8428,26.6285,25.6657,26.6098,40799094,NFLX
2013-02-14,26.7557,27.1214,26.3844,26.7714,31968685,NFLX
2013-02-15,26.9385,27.1428,26.6085,27.0731,26651786,NFLX
2013-02-19,27.2857,28.1671,27.1643,28.0643,34126330,NFLX
2013-02-20,28.2257,28.2314,26.6428,26.7314,34992125,NFLX
2013-02-21,26.5714,27.4571,26.0714,26.7357,36822583,NFLX
2013-02-22,26.2457,26.2557,25.49,25.6943,38841173,NFLX
2013-02-25,25.8557,26.7285,25.0643,25.6171,52156104,NFLX
2013-02-26,25.8,26.46,25.0857,26.2985,33878621,NFLX
2013-02-27,26.2257,26.5714,25.7944,26.3314,22583071,NFLX
2013-02-28,26.2585,27.4473,26.2157,26.8685,34291733,NFLX
2013-03-01,26.73,27.1914,26.6014,27.0528,21448756,NFLX
2013-03-04,26.9543,27.1543,25.2371,25.8871,47820353,NFLX
2013-03-05,26.3814,26.4728,25.44,25.9614,32308045,NFLX
2013-03-06,26.0214,26.4228,25.6543,26.1343,17400376,NFLX
2013-03-07,25.7143,26.0714,25.1657,25.9371,28692944,NFLX
2013-03-08,26.0643,26.55,25.8157,26.3857,23508898,NFLX
2013-03-11,26.2857,26.36,25.5728,25.7785,21013853,NFLX
2013-03-12,25.6228,26.31,25.6071,26.0157,21151053,NFLX
2013-03-13,26.7714,27.8843,26.6785,27.48,53814523,NFLX
2013-03-14,27.5271,27.5271,26.7243,26.91,28450744,NFLX
2013-03-15,27.0357,27.1414,26.3643,26.4071,20662355,NFLX
2013-03-18,25.9114,26.6814,25.7931,26.5128,18048226,NFLX
2013-03-19,26.5714,26.6785,25.6071,25.91,19868674,NFLX
2013-03-20,26.0885,26.2642,25.7757,26.15,11131960,NFLX
2013-03-21,26.0428,26.7714,25.9957,25.9985,18801734,NFLX
2013-03-22,26.1571,26.2657,25.6428,25.9,14187971,NFLX
2013-03-25,26.0614,26.4057,25.6814,25.8271,15024583,NFLX
2013-03-26,26.2857,27.52,26.2285,27.23,46804100,NFLX
2013-03-27,27.0914,28.1514,26.9043,27.1771,40471914,NFLX
2013-03-28,27.25,27.5571,26.9428,27.04,19584607,NFLX
2013-04-01,27.2785,27.3571,25.9243,26.0614,22933365,NFLX
2013-04-02,26.2714,26.4542,25.1571,25.2414,32276853,NFLX
2013-04-03,25.2935,25.4757,23.4657,24.2485,75354062,NFLX
2013-04-04,23.91,24.304,23.4014,23.8128,34456926,NFLX
2013-04-05,23.36,24.3571,23.2185,23.5228,32512256,NFLX
2013-04-08,23.69,23.7571,22.7143,23.2943,31743943,NFLX
2013-04-09,23.3557,24.4814,23.15,24.1943,34045361,NFLX
2013-04-10,24.0,24.2071,23.5585,23.7243,29708994,NFLX
2013-04-11,24.1185,24.7714,24.1171,24.7157,32878902,NFLX
2013-04-12,25.2843,25.3771,24.4573,24.7428,37795758,NFLX
2013-04-15,25.08,26.0499,24.9714,25.2143,46524275,NFLX
2013-04-16,24.9957,25.39,24.61,25.1214,29708945,NFLX
2013-04-17,24.9057,25.3414,24.0385,24.1943,27543747,NFLX
2013-04-18,24.4285,24.5571,23.1143,23.4028,23109254,NFLX
2013-04-19,23.6428,24.1671,23.29,23.3385,20157452,NFLX
2013-04-22,23.6743,25.2143,23.6743,24.91,83741056,NFLX
2013-04-23,30.7957,31.34,29.93,30.9985,114777621,NFLX
2013-04-24,31.0857,32.0428,30.46,30.96,46890739,NFLX
2013-04-25,30.9971,31.2557,30.4671,30.5357,29270563,NFLX
2013-04-26,31.0,31.0185,30.36,30.7928,21777385,NFLX
2013-04-29,30.9443,31.1043,30.2871,30.7161,20785107,NFLX
2013-04-30,30.6571,31.3928,30.6057,30.8671,25070199,NFLX
2013-05-01,30.8457,31.0555,30.2357,30.4157,18358578,NFLX
2013-05-02,30.4628,30.7785,30.0271,30.6414,18327099,NFLX
2013-05-03,30.8257,31.1757,30.3857,30.4928,15431423,NFLX
2013-05-06,29.9471,30.35,29.1457,30.0985,31730426,NFLX
2013-05-07,29.8257,30.0743,29.3714,29.4643,17071985,NFLX
2013-05-08,29.2757,30.0571,29.2185,29.8014,17622528,NFLX
2013-05-09,29.7185,31.2685,29.5028,30.9157,36105776,NFLX
2013-05-10,30.9157,31.3928,30.6514,31.0991,18844490,NFLX
2013-05-13,31.0243,32.8128,31.02,32.7684,41342742,NFLX
2013-05-14,33.1414,33.7985,32.9714,33.4243,38516681,NFLX
2013-05-15,34.21,35.0614,33.9757,34.7714,36027936,NFLX
2013-05-16,35.2785,35.55,33.6,33.8614,28051415,NFLX
2013-05-17,34.0757,34.6785,33.7143,34.1428,20132070,NFLX
2013-05-20,34.0628,34.5214,33.8228,34.2214,14763980,NFLX
2013-05-21,34.2914,34.4143,33.5714,33.87,11490584,NFLX
2013-05-22,33.4857,34.0285,32.3771,32.6514,21766640,NFLX
2013-05-23,32.2428,32.6,31.65,32.3114,16197202,NFLX
2013-05-24,32.1757,32.7143,32.0714,32.6771,11807299,NFLX
2013-05-28,33.1071,33.7085,30.425,30.5985,39373005,NFLX
2013-05-29,30.65,31.6257,29.9871,30.7628,34097973,NFLX
2013-05-30,30.8614,31.8571,30.2214,31.8085,24082716,NFLX
2013-05-31,32.1771,32.7971,32.0071,32.3214,25415089,NFLX
2013-06-03,32.4357,32.5,31.0814,31.71,21270389,NFLX
2013-06-04,31.445,32.5071,31.2243,32.1871,23006662,NFLX
2013-06-05,31.8843,32.5714,31.2,31.9228,33096000,NFLX
2013-06-06,31.7314,32.2,30.5714,31.1057,26068819,NFLX
2013-06-07,31.2343,31.5457,30.8071,31.46,15291787,NFLX
2013-06-10,31.8614,31.9043,30.8657,31.5614,13811441,NFLX
2013-06-11,31.1214,31.4671,30.5428,30.6371,14210126,NFLX
2013-06-12,30.8328,30.8328,29.5528,29.6628,19107487,NFLX
2013-06-13,29.7128,30.7928,29.3928,30.77,18507237,NFLX
2013-06-14,30.6814,31.0414,30.3314,30.57,12488259,NFLX
2013-06-17,32.22,32.9285,31.9643,32.7471,35842184,NFLX
2013-06-18,32.8914,33.0,32.3428,32.69,17431064,NFLX
2013-06-19,32.5714,33.6971,32.5158,33.1871,22352799,NFLX
2013-06-20,32.7814,33.0,31.5057,31.9314,21115808,NFLX
2013-06-21,32.15,32.34,30.6,30.9857,23381862,NFLX
2013-06-24,30.4285,31.2971,29.8571,30.8,17892042,NFLX
2013-06-25,30.2814,30.5,29.6514,30.4143,20917540,NFLX
2013-06-26,30.65,31.1785,30.1171,30.3,18833920,NFLX
2013-06-27,30.4157,30.9617,29.9428,30.71,18326364,NFLX
2013-06-28,30.61,30.9,30.0071,30.1557,19580617,NFLX
2013-07-01,30.5171,32.19,30.2857,32.04,24516884,NFLX
2013-07-02,32.1757,32.4957,31.1428,31.6371,17729278,NFLX
2013-07-03,31.7314,32.0,31.2785,31.5585,8641451,NFLX
2013-07-05,31.7271,32.1785,31.3328,32.1571,9956919,NFLX
2013-07-08,32.4257,33.6057,32.2157,33.3,24285219,NFLX
2013-07-09,33.5771,35.3443,33.5528,35.3403,35508298,NFLX
2013-07-10,35.0785,35.2714,34.1728,34.8314,22735846,NFLX
2013-07-11,35.4285,35.6,34.4028,34.8814,21145733,NFLX
2013-07-12,35.1185,36.7757,35.1071,36.7515,34238281,NFLX
2013-07-15,37.0571,37.1214,36.0185,36.8542,20611388,NFLX
2013-07-16,36.7557,38.0528,36.6714,37.2114,33354622,NFLX
2013-07-17,37.32,38.3228,36.9528,38.2742,19507019,NFLX
2013-07-18,38.6157,38.6157,37.7142,38.0585,20464591,NFLX
2013-07-19,38.2042,38.2784,37.5971,37.7965,18109266,NFLX
2013-07-22,38.1214,38.3928,36.7314,37.4228,45155670,NFLX
2013-07-23,35.9142,37.4621,35.1714,35.7514,76811315,NFLX
2013-07-24,35.6743,36.0357,34.3143,34.4714,33401571,NFLX
2013-07-25,34.3657,35.38,34.2728,35.2485,19633852,NFLX
2013-07-26,34.9457,35.2828,34.4014,35.1871,17825381,NFLX
2013-07-29,35.1514,35.81,34.6428,34.9943,13215139,NFLX
2013-07-30,35.0571,35.4157,34.5443,34.8228,10631404,NFLX
2013-07-31,34.7728,35.3,34.5628,34.9263,13122235,NFLX
2013-08-01,35.22,35.7142,34.9385,35.5885,14205926,NFLX
2013-08-02,35.62,35.62,34.9714,35.1685,13879663,NFLX
2013-08-05,34.8443,36.2714,34.4828,36.2628,22967000,NFLX
2013-08-06,36.2785,36.8,35.7285,36.5571,20415983,NFLX
2013-08-07,36.3371,36.7814,35.5228,35.6014,16330398,NFLX
2013-08-08,35.9814,36.2707,35.4928,35.7714,14814961,NFLX
2013-08-09,35.7128,36.2442,35.6857,36.1071,12322877,NFLX
2013-08-12,35.8971,36.7142,35.7742,36.6571,17804955,NFLX
2013-08-13,36.95,37.457,36.18,37.0271,21940611,NFLX
2013-08-14,36.9,37.6842,36.8593,37.4014,17400082,NFLX
2013-08-15,37.0,37.2128,35.9085,36.2014,16628857,NFLX
2013-08-16,36.1728,37.1642,35.8758,36.9814,21354403,NFLX
2013-08-19,36.8571,37.6428,36.8214,37.1114,15497580,NFLX
2013-08-20,37.5614,39.0771,37.5,39.0414,30118277,NFLX
2013-08-21,38.9842,39.2357,38.2142,38.6242,21258559,NFLX
2013-08-22,38.9314,39.0657,38.3185,38.5357,9965004,NFLX
2013-08-23,38.5785,39.77,38.4314,39.7657,22326654,NFLX
2013-08-26,39.4442,41.4206,39.1485,40.3885,30694370,NFLX
2013-08-27,39.8785,40.84,39.2142,39.4342,23070642,NFLX
2013-08-28,39.8085,40.7142,39.4857,40.48,19356008,NFLX
2013-08-29,40.5757,41.4614,40.5485,41.1214,19063436,NFLX
2013-08-30,41.1785,41.2614,40.4214,40.5585,15149638,NFLX
2013-09-03,41.0614,41.53,40.65,41.2857,19972589,NFLX
2013-09-04,41.2628,41.8657,40.9985,41.7757,19701269,NFLX
2013-09-05,42.4,42.7042,42.06,42.1585,19076610,NFLX
2013-09-06,42.3328,42.3585,41.4571,41.6485,17701250,NFLX
2013-09-09,41.8214,42.1857,41.4685,42.0214,13842556,NFLX
2013-09-10,42.4999,44.7485,42.4014,44.7228,36610063,NFLX
2013-09-11,44.82,44.8828,43.4114,44.0428,29948114,NFLX
2013-09-12,43.12,43.7785,42.6214,43.058,21948822,NFLX
2013-09-13,43.1428,43.7142,42.7414,43.6642,15035468,NFLX
2013-09-16,44.2857,44.3128,43.1142,43.1657,14084343,NFLX
2013-09-17,43.1485,43.3228,42.5285,42.7928,18201848,NFLX
2013-09-18,42.7085,43.9542,42.5885,43.8457,13735330,NFLX
2013-09-19,44.0528,44.1064,43.43,43.6425,17351831,NFLX
2013-09-20,43.6914,45.1267,43.66,44.8328,30794043,NFLX
2013-09-23,45.77,45.77,42.7885,43.1485,32031377,NFLX
2013-09-24,43.0428,44.2,42.9071,43.7842,18786348,NFLX
2013-09-25,44.0285,44.4,43.4371,43.8771,14640353,NFLX
2013-09-26,44.0057,44.9271,43.9285,44.7871,12464816,NFLX
2013-09-27,44.3942,44.7885,44.2428,44.6285,8301188,NFLX
2013-09-30,43.96,44.5928,43.6,44.1728,12531379,NFLX
2013-10-01,44.9671,46.3857,44.8571,46.3742,29705459,NFLX
2013-10-02,46.0128,47.6571,45.9457,47.2471,30586031,NFLX
2013-10-03,47.2871,47.7857,45.4357,45.96,24625489,NFLX
2013-10-04,46.24,46.9,45.5057,46.7514,16814329,NFLX
2013-10-07,46.2914,46.71,45.45,45.4514,14635236,NFLX
2013-10-08,45.6128,45.9314,42.795,43.1885,28559517,NFLX
2013-10-09,42.89,42.9392,40.4,41.2042,41971580,NFLX
2013-10-10,43.0,43.9185,42.3428,43.4277,30694699,NFLX
2013-10-11,43.473,43.9442,42.8757,42.9782,19200349,NFLX
2013-10-14,44.3728,46.4671,43.7142,46.3371,45659733,NFLX
2013-10-15,46.4428,46.7614,45.62,45.9557,26909701,NFLX
2013-10-16,45.73,46.5,45.4657,46.1254,18876487,NFLX
2013-10-17,46.03,47.1728,45.6657,47.1571,19329877,NFLX
2013-10-18,47.7142,48.0685,46.8,47.6428,25454926,NFLX
2013-10-21,48.9885,50.7736,48.5857,50.7128,65089920,NFLX
2013-10-22,55.4057,55.5942,45.9285,46.0748,181099968,NFLX
2013-10-23,45.3314,47.8842,45.2857,47.1771,58429168,NFLX
2013-10-24,47.3485,48.1214,46.2371,47.3171,33559561,NFLX
2013-10-25,47.2857,48.1714,46.5585,46.8615,24083199,NFLX
2013-10-28,46.43,47.28,44.5442,44.8571,34260884,NFLX
2013-10-29,45.51,46.7671,44.1714,46.7571,30966593,NFLX
2013-10-30,46.96,46.99,45.0885,45.4485,21676340,NFLX
2013-10-31,45.4442,46.6642,45.1,46.0685,18489681,NFLX
2013-11-01,46.9757,47.6428,46.5571,47.0378,22035902,NFLX
2013-11-04,47.2785,48.2557,46.45,48.2285,21940562,NFLX
2013-11-05,47.9342,48.9142,47.5785,48.7857,17320345,NFLX
2013-11-06,48.4985,49.1957,47.5414,47.9471,20793808,NFLX
2013-11-07,48.4285,48.5242,46.4514,46.6942,20042456,NFLX
2013-11-08,46.7028,47.9428,46.5028,47.8428,19467805,NFLX
2013-11-11,47.5357,48.5,46.9457,48.2728,16824262,NFLX
2013-11-12,48.0257,48.5,47.3357,47.6757,12248586,NFLX
2013-11-13,47.6028,47.9228,47.0142,47.8977,11995886,NFLX
2013-11-14,47.97,49.1428,47.8742,48.9385,20121241,NFLX
2013-11-15,49.2285,49.9842,49.0114,49.9657,20190324,NFLX
2013-11-18,49.9999,50.0699,48.5,48.8242,20262865,NFLX
2013-11-19,48.6814,49.5457,47.7485,48.1842,17057670,NFLX
2013-11-20,49.05,49.4785,48.2357,48.5028,19488707,NFLX
2013-11-21,48.8914,49.8114,48.81,49.7857,16015048,NFLX
2013-11-22,49.8328,50.0857,49.1428,49.6928,14211113,NFLX
2013-11-25,49.5571,50.4185,49.2871,50.0342,13986546,NFLX
2013-11-26,50.0714,50.9228,49.6528,50.7428,14689080,NFLX
2013-11-27,51.0157,51.9779,50.5057,51.7842,16832907,NFLX
2013-11-29,52.0071,52.5428,51.8585,52.2571,8388135,NFLX
2013-12-02,52.1257,52.5657,51.3728,51.9885,11676875,NFLX
2013-12-03,51.6985,51.9399,50.9285,51.8485,13403565,NFLX
2013-12-04,51.5128,52.6642,50.8928,50.8957,19399457,NFLX
2013-12-05,51.1142,51.5899,50.4842,51.1514,13793178,NFLX
2013-12-06,51.5771,51.6185,50.2857,50.6342,12082035,NFLX
2013-12-09,50.7385,51.4099,50.5157,50.8099,11724300,NFLX
2013-12-10,50.7214,52.0628,50.4742,51.8714,14102669,NFLX
2013-12-11,52.0528,53.0228,51.7457,51.9971,20100801,NFLX
2013-12-12,51.9528,53.5485,51.9357,53.3328,21318766,NFLX
2013-12-13,53.7357,53.8571,52.6871,52.7099,17876628,NFLX
2013-12-16,52.8542,52.9999,52.0357,52.3299,13921404,NFLX
2013-12-17,52.3928,53.9571,52.3242,53.5528,18516771,NFLX
2013-12-18,53.4085,53.8571,52.3585,53.7485,19895029,NFLX
2013-12-19,53.4571,54.2657,53.3357,53.8199,13856626,NFLX
2013-12-20,53.7857,54.2414,53.4771,53.6671,18822132,NFLX
2013-12-23,54.0985,54.7757,53.8044,54.3685,12662944,NFLX
2013-12-24,54.3942,54.8514,53.9257,54.0557,5577845,NFLX
2013-12-26,54.0157,54.4157,53.6905,53.8471,12275704,NFLX
2013-12-27,53.8728,54.1071,52.2585,52.4999,16954049,NFLX
2013-12-30,52.5171,52.7914,51.2914,52.4271,15080219,NFLX
2013-12-31,52.2142,52.7357,51.9471,52.5957,10527202,NFLX
2014-01-02,52.4014,52.5114,51.5428,51.8314,12333979,NFLX
2014-01-03,51.9999,52.4956,51.8428,51.8714,10818885,NFLX
2014-01-06,51.8899,52.0442,50.4757,51.3671,15503915,NFLX
2014-01-07,49.6842,49.6985,48.1528,48.5,36210153,NFLX
2014-01-08,48.1042,49.4257,48.0742,48.7128,20018985,NFLX
2014-01-09,48.8242,49.14,47.8571,48.15,17017301,NFLX
2014-01-10,48.2957,48.3767,47.2185,47.4485,16249758,NFLX
2014-01-13,47.3042,49.81,47.3042,48.1157,27247857,NFLX
2014-01-14,48.7771,48.8,47.51,48.28,19770296,NFLX
2014-01-15,47.8571,48.3671,45.5814,47.1971,40479404,NFLX
2014-01-16,46.9157,47.6957,46.0028,47.3828,21139797,NFLX
2014-01-17,47.4385,47.8314,46.8914,47.1485,16434446,NFLX
2014-01-21,47.4614,47.496,45.75,46.9585,25240754,NFLX
2014-01-22,47.0714,47.777,46.7644,47.6757,49331009,NFLX
2014-01-23,55.3428,56.5185,53.9271,55.5314,91360052,NFLX
2014-01-24,54.8114,55.8142,54.7685,55.1542,35713125,NFLX
2014-01-27,55.3414,55.9285,52.9371,54.4614,32589193,NFLX
2014-01-28,54.4742,58.2014,54.3942,58.1099,43746773,NFLX
2014-01-29,57.5885,58.1914,56.8642,57.2028,29026893,NFLX
2014-01-30,58.1571,58.4557,57.3585,57.8099,18408341,NFLX
2014-01-31,57.4728,58.9142,57.4714,58.4757,23646686,NFLX
2014-02-03,58.8428,58.8785,57.2449,57.7685,20153441,NFLX
2014-02-04,57.9214,58.3614,56.7157,57.9871,18101433,NFLX
2014-02-05,57.5928,58.2499,56.8571,57.7742,16782612,NFLX
2014-02-06,58.0599,58.7014,57.2028,58.2728,12906831,NFLX
2014-02-07,59.0628,61.4999,58.6514,61.4257,33050829,NFLX
2014-02-10,61.3471,61.7671,60.6114,61.4914,13848555,NFLX
2014-02-11,61.4228,62.2512,60.7871,61.9985,13684454,NFLX
2014-02-12,62.1114,62.1285,60.7914,61.2757,15682919,NFLX
2014-02-13,60.8128,62.7842,60.7144,62.3642,18723075,NFLX
2014-02-14,62.4371,62.5285,61.6699,62.2157,12087859,NFLX
2014-02-18,62.4228,63.0348,61.1428,62.4071,15518349,NFLX
2014-02-19,61.6671,62.3214,61.1385,61.1757,16050517,NFLX
2014-02-20,61.4785,62.5385,61.3085,62.1357,12013281,NFLX
2014-02-21,62.6714,62.6714,61.3788,61.7471,13523055,NFLX
2014-02-24,62.2099,64.2414,61.2142,63.8571,26097533,NFLX
2014-02-25,64.2857,65.3985,63.5714,64.7185,18736487,NFLX
2014-02-26,65.1285,65.1428,63.7142,64.1128,15018031,NFLX
2014-02-27,63.9771,64.8751,63.9771,64.6042,10326036,NFLX
2014-02-28,64.7328,64.8856,62.9999,63.6614,15774983,NFLX
2014-03-03,63.0271,63.6785,62.5857,63.6557,13523895,NFLX
2014-03-04,64.4171,64.9999,63.6557,64.9971,12405561,NFLX
2014-03-05,64.8556,65.2628,64.5585,64.7856,10881465,NFLX
2014-03-06,64.9914,65.4285,64.1411,64.3585,11824344,NFLX
2014-03-07,64.8671,64.9342,63.6442,64.0528,11574437,NFLX
2014-03-10,64.0671,64.1108,61.7287,62.8499,15459675,NFLX
2014-03-11,63.2342,63.8114,62.2357,62.4971,10453079,NFLX
2014-03-12,61.9542,62.7856,61.3828,62.3685,12152063,NFLX
2014-03-13,62.8157,62.8971,61.1828,61.4371,11390225,NFLX
2014-03-14,61.1042,62.1414,60.4285,60.6414,15005844,NFLX
2014-03-17,61.1699,61.5428,60.3299,60.3885,10704666,NFLX
2014-03-18,60.3385,60.8942,59.4999,60.0357,14728917,NFLX
2014-03-19,59.9814,60.7783,59.5799,60.0128,10531542,NFLX
2014-03-20,59.9528,61.7428,59.9285,60.6099,14495075,NFLX
2014-03-21,60.8714,61.1914,57.9628,57.9985,26799059,NFLX
2014-03-24,57.9271,58.0642,52.6571,54.1285,42484022,NFLX
2014-03-25,54.1428,54.9899,52.2499,52.9771,30405592,NFLX
2014-03-26,53.2871,53.9214,52.3672,53.1828,27159321,NFLX
2014-03-27,53.0014,53.9757,51.6471,52.0257,28671909,NFLX
2014-03-28,51.4599,52.7142,50.8214,51.2671,24699353,NFLX
2014-03-31,51.6442,52.4085,49.9828,50.2899,22125362,NFLX
2014-04-01,50.2499,52.1785,50.2485,52.0985,21357084,NFLX
2014-04-02,52.2371,53.0071,51.1857,51.8399,24176208,NFLX
2014-04-03,51.6185,52.1571,50.0142,50.6699,22001427,NFLX
2014-04-04,50.7785,50.8571,47.9828,48.1871,34990256,NFLX
2014-04-07,48.6442,49.7414,47.3014,48.2857,37351223,NFLX
2014-04-08,48.5785,50.1123,48.3414,49.8414,25792130,NFLX
2014-04-09,50.1471,50.5571,49.0214,50.4328,20529103,NFLX
2014-04-10,50.6399,51.0685,47.7157,47.8185,24917956,NFLX
2014-04-11,47.2571,47.8314,46.23,46.6728,30165856,NFLX
2014-04-14,47.5557,47.8571,46.5057,47.3685,18001067,NFLX
2014-04-15,47.0114,47.3671,44.5857,46.61,30826544,NFLX
2014-04-16,47.2928,47.71,46.1942,47.3442,16122890,NFLX
2014-04-17,48.1085,49.9614,47.5,49.3914,32141907,NFLX
2014-04-21,49.9,49.9142,48.3285,49.7842,47892649,NFLX
2014-04-22,53.8042,54.4114,52.1185,53.2714,64702379,NFLX
2014-04-23,51.8185,52.4999,50.4285,50.4999,40347181,NFLX
2014-04-24,50.3571,50.8427,47.8285,49.1528,30659629,NFLX
2014-04-25,48.2085,48.7728,46.0,46.0114,33113493,NFLX
2014-04-28,45.4357,45.8428,42.7857,44.8871,47123643,NFLX
2014-04-29,44.6057,46.3757,44.5757,45.6957,23135490,NFLX
2014-04-30,45.4171,46.0571,44.3214,46.0057,23631923,NFLX
2014-05-01,46.2928,49.3842,46.15,48.0741,37013753,NFLX
2014-05-02,48.2157,49.1285,47.7214,48.6642,26230295,NFLX
2014-05-05,48.2957,49.3542,48.0142,49.1971,20336071,NFLX
2014-05-06,49.1028,49.6742,46.52,46.5985,22722868,NFLX
2014-05-07,46.59,46.8344,45.0301,45.7914,25682468,NFLX
2014-05-08,45.3085,47.3885,44.9085,45.9514,21182511,NFLX
2014-05-09,46.0114,47.1342,45.3357,46.9357,17968643,NFLX
2014-05-12,47.2657,49.3614,47.2171,49.35,21401415,NFLX
2014-05-13,49.2071,50.6099,48.6771,49.5914,20831762,NFLX
2014-05-14,49.5785,50.6285,49.4371,50.2685,19909652,NFLX
2014-05-15,50.1214,50.2557,48.4828,49.17,23373973,NFLX
2014-05-16,49.3528,49.9957,48.5485,49.9828,19077779,NFLX
2014-05-19,49.5714,52.4602,49.5075,52.0714,25423706,NFLX
2014-05-20,52.1442,53.2428,51.7714,53.0957,28843437,NFLX
2014-05-21,53.5885,55.8128,53.3357,55.7999,39967319,NFLX
2014-05-22,55.8399,56.7857,55.3571,55.9714,33228594,NFLX
2014-05-23,55.9485,57.4957,55.6658,57.4785,22140601,NFLX
2014-05-27,57.4285,57.4599,56.1642,56.9728,26752866,NFLX
2014-05-28,56.7428,57.8857,56.2142,57.3199,19880084,NFLX
2014-05-29,57.6285,59.4271,57.0785,59.3142,22862644,NFLX
2014-05-30,59.3114,60.2485,58.8014,59.6899,29254967,NFLX
2014-06-02,59.9257,60.4157,58.9285,60.2942,20501467,NFLX
2014-06-03,59.9985,60.7999,59.5785,59.6528,17140074,NFLX
2014-06-04,59.5371,60.6428,59.0428,60.4585,17444735,NFLX
2014-06-05,60.5357,61.3428,59.7957,61.1928,18946123,NFLX
2014-06-06,61.4299,62.1271,61.1942,61.4471,15734915,NFLX
2014-06-09,61.3571,61.5214,60.0128,60.4414,16710953,NFLX
2014-06-10,60.7885,62.2914,60.7171,61.1842,22940848,NFLX
2014-06-11,60.7471,61.7999,60.7142,61.4285,13752816,NFLX
2014-06-12,61.2957,61.4639,60.0714,60.3499,15839082,NFLX
2014-06-13,60.4285,61.1285,59.6014,61.1014,15789697,NFLX
2014-06-16,60.9328,61.6014,60.4885,61.4657,12550419,NFLX
2014-06-17,62.5771,64.0128,62.5385,63.3785,28999670,NFLX
2014-06-18,63.3814,64.4028,62.8928,64.0971,18796344,NFLX
2014-06-19,64.2042,64.2128,62.5799,63.0557,17341198,NFLX
2014-06-20,63.0285,63.2685,62.1399,62.8828,13247787,NFLX
2014-06-23,62.7657,63.1228,62.2214,62.7885,10691751,NFLX
2014-06-24,62.5785,64.2771,62.2142,62.3371,20399071,NFLX
2014-06-25,62.1428,63.5371,61.9042,63.4585,15763384,NFLX
2014-06-26,62.9699,63.1628,62.3928,62.8014,14249025,NFLX
2014-06-27,62.6171,63.3128,62.4857,63.1542,15589511,NFLX
2014-06-30,63.2657,63.8382,62.8128,62.9428,10614002,NFLX
2014-07-01,65.1756,67.6685,65.0428,67.5856,38039386,NFLX
2014-07-02,67.6399,67.9814,66.5771,66.6771,17322207,NFLX
2014-07-03,67.1656,67.5171,66.9814,67.4785,11359495,NFLX
2014-07-07,67.4428,67.4614,65.7142,65.8028,18339230,NFLX
2014-07-08,65.6642,65.8571,62.7544,63.5785,26200958,NFLX
2014-07-09,63.7399,64.1914,62.8185,63.2857,21016002,NFLX
2014-07-10,62.0559,63.4556,61.1714,62.6499,24397541,NFLX
2014-07-11,63.0657,63.4471,62.45,62.8514,14237132,NFLX
2014-07-14,63.3285,65.0685,62.7142,64.6542,17439100,NFLX
2014-07-15,64.3842,64.4813,63.1814,64.1557,13519471,NFLX
2014-07-16,64.8671,65.0999,63.3428,63.4914,13452124,NFLX
2014-07-17,63.3257,64.1214,62.6128,62.7657,13276389,NFLX
2014-07-18,62.9728,63.4714,62.2492,63.4528,11772201,NFLX
2014-07-21,64.5271,65.3571,63.9457,64.5642,34670965,NFLX
2014-07-22,63.2828,63.5242,60.723,61.5842,57177918,NFLX
2014-07-23,61.4871,62.2014,60.9299,61.1285,17278065,NFLX
2014-07-24,61.3528,61.4584,59.8599,60.7685,18638704,NFLX
2014-07-25,60.7142,61.1671,60.0571,60.2657,11616017,NFLX
2014-07-28,60.3157,60.8442,59.7885,60.6657,11960907,NFLX
2014-07-29,60.4585,61.1985,60.4585,60.6114,9287369,NFLX
2014-07-30,60.6785,62.1842,60.6157,62.0514,15306193,NFLX
2014-07-31,61.4657,61.8528,60.1842,60.3885,13827009,NFLX
2014-08-01,60.2514,61.1037,58.9299,60.7714,18949987,NFLX
2014-08-04,61.0285,61.4285,60.1114,60.3857,10694607,NFLX
2014-08-05,60.1857,61.1428,60.0442,60.4071,10665487,NFLX
2014-08-06,60.1428,62.1285,60.0785,61.4714,15840573,NFLX
2014-08-07,62.1857,64.2785,62.0785,64.2385,27334916,NFLX
2014-08-08,64.3142,64.4242,63.1499,63.6928,15506120,NFLX
2014-08-11,64.1742,65.3785,64.1014,64.5056,13253779,NFLX
2014-08-12,64.4785,64.7142,63.3442,63.7728,10849524,NFLX
2014-08-13,64.0857,64.8878,63.8314,64.5042,9051903,NFLX
2014-08-14,64.6014,64.9999,64.0314,64.4099,6676369,NFLX
2014-08-15,64.4985,65.9999,64.0857,65.5842,22053577,NFLX
2014-08-18,66.0085,67.0714,65.8928,66.5714,13522061,NFLX
2014-08-19,66.7271,67.2142,66.0614,66.8785,10907015,NFLX
2014-08-20,66.7142,67.6785,66.3629,67.4556,12170830,NFLX
2014-08-21,67.3256,68.0214,66.8101,67.4356,11753280,NFLX
2014-08-22,67.2771,68.507,67.1499,68.4556,13746516,NFLX
2014-08-25,68.7928,69.3285,68.2185,68.7042,13503882,NFLX
2014-08-26,68.3571,68.8356,67.7929,68.4799,10158379,NFLX
2014-08-27,68.4856,68.6064,67.6614,67.8142,10394909,NFLX
2014-08-28,67.5214,68.2114,67.2585,67.8871,7601867,NFLX
2014-08-29,68.1214,68.6428,67.7342,68.2342,9839410,NFLX
2014-09-02,68.3571,68.3985,67.7985,68.0856,8834532,NFLX
2014-09-03,68.6456,69.6571,68.0756,68.1985,16227498,NFLX
2014-09-04,68.4442,68.8128,67.4471,67.5242,11962335,NFLX
2014-09-05,67.6042,68.1928,67.1528,67.9542,11953340,NFLX
2014-09-08,67.7714,68.6571,67.7428,68.4756,7675514,NFLX
2014-09-09,69.4714,69.898,68.0571,68.4299,19755036,NFLX
2014-09-10,68.5999,69.2499,68.148,69.1985,9110731,NFLX
2014-09-11,68.9385,69.1942,68.5242,68.7942,7869988,NFLX
2014-09-12,69.0928,69.2699,68.0171,68.0785,13432153,NFLX
2014-09-15,68.2199,68.2199,65.2642,65.3928,20616771,NFLX
2014-09-16,64.0571,65.4485,63.6571,65.2728,26844013,NFLX
2014-09-17,65.2728,65.5521,64.4699,64.9328,12135655,NFLX
2014-09-18,65.3528,65.9085,64.7599,65.5728,10631341,NFLX
2014-09-19,65.8571,65.9042,64.8814,65.3599,11962755,NFLX
2014-09-22,65.1814,65.2785,62.6971,63.2542,16176874,NFLX
2014-09-23,63.0328,64.0014,62.9285,63.4142,11474295,NFLX
2014-09-24,63.4942,64.5228,63.2199,64.3656,9556603,NFLX
2014-09-25,64.2714,64.6214,63.2028,63.3557,9853270,NFLX
2014-09-26,63.5714,64.3771,63.4128,64.1071,10404695,NFLX
2014-09-29,63.4385,64.3628,63.1457,64.2228,9517529,NFLX
2014-09-30,64.6142,65.3127,64.2571,64.4542,12478207,NFLX
2014-10-01,64.0985,64.2857,62.4699,62.6857,15421658,NFLX
2014-10-02,62.6999,64.3556,62.5542,64.2828,18453435,NFLX
2014-10-03,64.7414,65.7999,64.6442,65.6485,15292396,NFLX
2014-10-06,65.9999,66.7442,65.8571,66.2114,13711348,NFLX
2014-10-07,65.8714,66.6114,65.1428,65.1785,13760117,NFLX
2014-10-08,65.2356,66.7999,64.4834,66.6942,14344064,NFLX
2014-10-09,66.6614,66.8556,65.6514,65.9456,14933275,NFLX
2014-10-10,65.6856,66.4056,64.4914,64.5828,19122845,NFLX
2014-10-13,64.4642,64.6385,61.8571,62.6542,20231323,NFLX
2014-10-14,63.6442,64.5699,62.5899,64.1599,16759701,NFLX
2014-10-15,63.4957,64.4256,61.4542,64.0842,59927574,NFLX
2014-10-16,47.5328,52.3099,47.2857,51.6714,92304996,NFLX
2014-10-17,51.4014,51.4385,48.7857,51.0128,79185463,NFLX
2014-10-20,50.8571,52.7414,50.7931,51.3171,33538421,NFLX
2014-10-21,51.7514,52.3985,50.7771,52.2842,19392527,NFLX
2014-10-22,52.7128,54.5685,51.8857,53.5214,32175689,NFLX
2014-10-23,54.3599,55.1099,54.0357,54.7199,19926837,NFLX
2014-10-24,54.6542,55.2857,54.4014,55.0028,14662830,NFLX
2014-10-27,54.8428,54.9285,53.8142,54.1999,14951363,NFLX
2014-10-28,54.2499,55.2671,54.0499,55.1742,11750844,NFLX
2014-10-29,55.1742,55.2396,53.9671,54.0142,12560058,NFLX
2014-10-30,53.9299,54.6199,53.5142,54.1442,10593681,NFLX
2014-10-31,54.9142,56.2528,54.8571,56.1099,20486739,NFLX
2014-11-03,56.1757,56.5028,55.0157,55.4871,17608381,NFLX
2014-11-04,55.2742,55.3214,54.1099,54.6828,11389833,NFLX
2014-11-05,55.0871,55.4057,53.7702,54.3399,13645758,NFLX
2014-11-06,53.9999,55.0471,53.9071,54.7571,9991933,NFLX
2014-11-07,54.7771,55.0357,54.1857,54.8799,9303980,NFLX
2014-11-10,54.7142,55.6357,54.1428,55.3242,9711317,NFLX
2014-11-11,55.3242,56.2999,54.5442,54.6499,14849177,NFLX
2014-11-12,54.4471,55.1371,53.8634,54.8371,10958724,NFLX
2014-11-13,54.9228,55.0069,53.9321,54.2014,10490466,NFLX
2014-11-14,54.1971,55.3171,54.0807,55.1485,10988621,NFLX
2014-11-17,55.0542,55.6428,54.3928,54.4485,9225643,NFLX
2014-11-18,54.4285,54.9857,54.3614,54.4328,7927178,NFLX
2014-11-19,54.7442,55.2928,51.8085,51.8714,24515421,NFLX
2014-11-20,51.8699,53.3228,51.5714,52.5914,15425431,NFLX
2014-11-21,53.2114,53.3214,51.3571,51.4685,17877783,NFLX
2014-11-24,51.5085,51.9226,50.7714,50.9242,17863909,NFLX
2014-11-25,50.1457,50.3476,49.1428,49.8557,28100842,NFLX
2014-11-26,50.1542,50.5271,49.7454,50.1657,10065321,NFLX
2014-11-28,50.5128,50.5714,49.4271,49.5128,6702255,NFLX
2014-12-01,49.2857,49.5714,48.2343,48.83,11964673,NFLX
2014-12-02,48.7571,50.4771,48.6914,50.3299,14271698,NFLX
2014-12-03,50.2214,50.7314,49.1814,50.7314,13831902,NFLX
2014-12-04,50.4285,51.1357,49.9085,50.0857,11864713,NFLX
2014-12-05,50.1471,50.6428,49.7328,50.1314,9929871,NFLX
2014-12-08,49.8814,49.9828,48.29,48.4971,13628643,NFLX
2014-12-09,47.82,49.3371,47.0028,49.1114,17994368,NFLX
2014-12-10,49.0214,49.2471,47.6657,47.76,12674977,NFLX
2014-12-11,48.0128,48.7,47.6557,47.8042,11771424,NFLX
2014-12-12,47.4171,48.3228,46.98,47.7828,13574519,NFLX
2014-12-15,48.0557,48.4185,46.6185,46.72,12025545,NFLX
2014-12-16,46.4271,47.07,45.1428,45.2057,16981174,NFLX
2014-12-17,45.3757,47.8671,45.0772,47.6642,20193047,NFLX
2014-12-18,48.4,48.9285,47.2328,47.7742,15639365,NFLX
2014-12-19,47.9,48.72,47.6214,48.5885,15048061,NFLX
2014-12-22,48.5428,49.24,47.7485,48.0971,8007650,NFLX
2014-12-23,48.2871,48.4278,47.4728,48.0614,8307964,NFLX
2014-12-24,48.0728,49.07,47.9985,48.8714,5412407,NFLX
2014-12-26,48.8442,49.4842,48.5342,48.5785,8847447,NFLX
2014-12-29,47.97,49.1042,47.6528,48.8471,8608586,NFLX
2014-12-30,48.7142,49.14,48.5388,49.0328,7011221,NFLX
2014-12-31,49.0328,49.3914,48.7871,48.8014,8627773,NFLX
2015-01-02,49.1514,50.3314,48.7314,49.8485,13474825,NFLX
2015-01-05,49.2585,49.2585,47.1472,47.3114,18165021,NFLX
2015-01-06,47.3471,47.64,45.6614,46.5014,16037952,NFLX
2015-01-07,47.3471,47.4214,46.2714,46.7428,9850022,NFLX
2015-01-08,47.12,47.8357,46.4785,47.7792,9624209,NFLX
2015-01-09,47.6314,48.02,46.8985,47.0414,9577960,NFLX
2015-01-12,47.09,47.1985,45.2642,45.5471,12944610,NFLX
2015-01-13,46.0214,47.0482,45.9,46.2557,18729256,NFLX
2015-01-14,47.0714,47.37,45.68,46.32,19884599,NFLX
2015-01-15,46.5471,46.7857,45.8442,46.2514,11678688,NFLX
2015-01-16,46.8571,48.25,46.3814,48.1914,19696474,NFLX
2015-01-20,48.5714,49.9999,47.7142,49.8285,40551287,NFLX
2015-01-21,59.2342,59.2399,57.4099,58.4685,66902766,NFLX
2015-01-22,58.5714,61.3742,57.8285,61.2057,33319398,NFLX
2015-01-23,60.9885,62.7428,60.8814,62.4935,26784352,NFLX
2015-01-26,62.5714,63.8985,61.9571,63.7942,21269045,NFLX
2015-01-27,63.0871,65.3399,63.0499,64.8814,24612553,NFLX
2015-01-28,64.7414,64.8214,63.0814,63.2085,24532858,NFLX
2015-01-29,63.2042,63.9271,62.4999,63.3999,15127938,NFLX
2015-01-30,63.1328,63.9842,62.6557,63.1142,13215601,NFLX
2015-02-02,62.8428,63.4285,61.9557,63.0092,12990789,NFLX
2015-02-03,63.3199,65.4671,62.7299,65.2742,16439913,NFLX
2015-02-04,65.0414,65.1742,63.8892,64.1014,12450942,NFLX
2015-02-05,64.5414,65.1385,63.6657,64.1299,14248724,NFLX
2015-02-06,64.2499,64.4285,63.1757,63.4799,8898260,NFLX
2015-02-09,63.1985,63.7857,62.6371,63.2949,8179332,NFLX
2015-02-10,63.4599,65.1576,63.1014,64.8499,15418879,NFLX
2015-02-11,64.8299,66.1414,64.5571,64.9842,13953296,NFLX
2015-02-12,65.0585,65.6071,64.4514,65.2471,8471939,NFLX
2015-02-13,65.4285,66.6299,65.4228,66.5856,12968746,NFLX
2015-02-17,66.5156,67.3714,65.9442,67.1371,11170404,NFLX
2015-02-18,67.0228,68.0699,66.6456,67.8656,10316831,NFLX
2015-02-19,67.8571,68.7142,67.5742,67.7999,10438554,NFLX
2015-02-20,67.9499,68.3744,67.6371,68.3142,9421846,NFLX
2015-02-23,68.2999,68.3142,67.1428,67.4056,9031701,NFLX
2015-02-24,67.3728,68.0835,67.3556,67.8399,6075202,NFLX
2015-02-25,67.8071,68.7942,67.8071,68.3328,6859867,NFLX
2015-02-26,68.6256,69.4998,68.4299,69.0042,10852884,NFLX
2015-02-27,69.0814,69.4285,67.8185,67.8442,11516694,NFLX
2015-03-02,67.7142,68.6071,67.2342,68.6071,10186925,NFLX
2015-03-03,68.3442,68.4564,67.5071,67.8156,7426608,NFLX
2015-03-04,67.5299,67.9256,66.1828,67.1099,17453779,NFLX
2015-03-05,67.4285,67.4641,66.4199,66.8071,11248986,NFLX
2015-03-06,66.6428,66.9258,64.8442,64.8742,12888540,NFLX
2015-03-09,64.9899,65.0928,62.8285,63.6614,18970931,NFLX
2015-03-10,63.0157,63.3514,61.9828,62.1514,17947034,NFLX
2015-03-11,62.2399,63.9405,62.2399,62.8842,16363417,NFLX
2015-03-12,63.3471,64.5828,63.3399,64.0457,14654647,NFLX
2015-03-13,63.9071,64.0571,62.3671,62.6285,10160997,NFLX
2015-03-16,61.5471,61.5471,59.6199,60.2814,26796119,NFLX
2015-03-17,59.7128,60.6942,59.3842,59.7885,18428130,NFLX
2015-03-18,59.7385,60.6499,59.2999,60.4457,14634935,NFLX
2015-03-19,60.4599,61.2119,60.2557,60.7442,11449823,NFLX
2015-03-20,61.3371,61.7857,60.8957,61.1849,13641838,NFLX
2015-03-23,60.8899,61.1557,60.3301,60.7142,7664104,NFLX
2015-03-24,61.1357,63.0985,61.1188,62.6114,16888746,NFLX
2015-03-25,62.6842,62.6914,60.2442,60.2499,21652386,NFLX
2015-03-26,59.6285,60.4471,59.3899,59.7514,16038785,NFLX
2015-03-27,59.3299,59.8471,58.5728,59.2528,15851934,NFLX
2015-03-30,59.7157,60.5642,59.3642,60.3671,13272378,NFLX
2015-03-31,60.1099,60.4199,59.4557,59.5271,14248605,NFLX
2015-04-01,59.6428,59.7857,58.7028,59.0171,14639744,NFLX
2015-04-02,59.0714,59.6071,58.8614,59.1542,9864211,NFLX
2015-04-06,58.7685,60.4471,58.4642,60.3299,10730328,NFLX
2015-04-07,60.4971,60.8485,60.0428,60.4942,9977716,NFLX
2015-04-08,61.2014,63.1071,61.1845,63.0499,22327697,NFLX
2015-04-09,62.9999,63.1357,62.1142,62.7857,13455540,NFLX
2015-04-10,64.3971,64.9956,63.9471,64.9385,22367093,NFLX
2015-04-13,67.2399,69.2856,67.0571,67.8114,44436945,NFLX
2015-04-14,68.8571,69.1428,67.4214,68.3871,28642138,NFLX
2015-04-15,68.7042,68.7042,67.3639,67.9228,42528619,NFLX
2015-04-16,75.9999,81.2499,75.7142,80.2928,104500746,NFLX
2015-04-17,79.7785,82.1428,79.7142,81.6499,58306367,NFLX
2015-04-20,81.7856,82.3042,80.3813,81.0556,30766400,NFLX
2015-04-21,81.2342,81.4842,79.7999,80.0628,15925574,NFLX
2015-04-22,80.2113,80.7128,79.5442,79.6685,12089511,NFLX
2015-04-23,79.6556,80.3428,78.9556,79.8656,12687283,NFLX
2015-04-24,80.1728,80.8085,79.5071,79.7706,11045237,NFLX
2015-04-27,80.2928,81.7856,80.2299,80.8685,15247001,NFLX
2015-04-28,80.5899,81.2785,79.9442,80.4371,8826475,NFLX
2015-04-29,80.0699,81.0556,79.6442,80.4071,9540468,NFLX
2015-04-30,80.2371,80.8356,79.1242,79.4999,10565254,NFLX
2015-05-01,79.8556,79.9671,78.8942,79.5756,8906086,NFLX
2015-05-04,79.5713,79.7142,78.8999,79.2713,7967085,NFLX
2015-05-05,81.2385,82.4428,80.7571,80.7928,27116285,NFLX
2015-05-06,81.0285,81.2142,79.5213,80.0771,11504507,NFLX
2015-05-07,80.1142,80.7942,79.4571,80.7485,10220595,NFLX
2015-05-08,81.0413,82.1528,80.9642,82.0856,13828248,NFLX
2015-05-11,82.3242,84.8571,82.1856,84.2778,23882383,NFLX
2015-05-12,83.8085,83.8085,82.9928,83.3771,11906972,NFLX
2015-05-13,83.4042,84.1971,82.6913,82.8728,11155725,NFLX
2015-05-14,83.2856,83.9242,82.3299,83.8356,8898659,NFLX
2015-05-15,86.3642,88.3483,85.7556,87.6071,37053009,NFLX
2015-05-18,87.5442,88.5341,87.0242,88.2671,14811944,NFLX
2015-05-19,88.8885,89.7856,87.8099,88.0685,19101306,NFLX
2015-05-20,88.2142,89.1085,87.3628,88.7899,12757129,NFLX
2015-05-21,89.0813,89.5713,88.1813,89.0028,12767020,NFLX
2015-05-22,89.1785,89.4071,88.6928,88.8385,7466039,NFLX
2015-05-26,88.8742,89.0612,87.7862,87.9928,9645720,NFLX
2015-05-27,88.1428,89.9071,87.9285,89.8571,10506412,NFLX
2015-05-28,89.7142,89.8556,88.9299,89.5071,7821541,NFLX
2015-05-29,89.4728,90.2056,88.9556,89.1513,12712014,NFLX
2015-06-01,88.8371,89.1216,87.9442,89.0028,9925832,NFLX
2015-06-02,88.7113,89.6785,88.4056,89.1299,7528927,NFLX
2015-06-03,89.2428,89.7328,88.6442,88.8085,6237994,NFLX
2015-06-04,88.3785,89.4285,88.0428,89.3485,10074379,NFLX
2015-06-05,89.2142,90.5399,89.1256,90.4599,11624347,NFLX
2015-06-08,90.7142,90.8156,88.9956,89.6042,11148914,NFLX
2015-06-09,89.3342,92.7142,89.3342,92.4499,22025080,NFLX
2015-06-10,93.3956,98.9699,93.2256,95.8713,57121379,NFLX
2015-06-11,96.8899,96.9185,94.087,95.0942,26623387,NFLX
2015-06-12,94.9156,95.3428,94.1242,94.4185,10278821,NFLX
2015-06-15,92.8571,93.5913,91.6585,93.4313,19053951,NFLX
2015-06-16,94.2428,95.607,93.6913,95.2728,16043020,NFLX
2015-06-17,95.1328,95.1328,93.9573,94.2713,9905119,NFLX
2015-06-18,94.6513,95.3413,94.3685,94.7428,8963122,NFLX
2015-06-19,96.2428,96.4178,93.8213,93.8713,19814802,NFLX
2015-06-22,95.0428,96.6928,94.1885,96.4142,16732905,NFLX
2015-06-23,96.3356,97.3899,95.7499,97.3128,15626436,NFLX
2015-06-24,100.0142,100.8913,96.397,96.9442,77138796,NFLX
2015-06-25,95.4813,95.9999,93.4585,94.8913,41623204,NFLX
2015-06-26,95.2999,95.3142,93.0885,93.0885,30314697,NFLX
2015-06-29,91.5056,92.9128,91.1171,92.2313,24575887,NFLX
2015-06-30,93.357,94.3556,92.7856,93.8485,16880458,NFLX
2015-07-01,94.8056,95.2385,93.2185,93.6356,14699419,NFLX
2015-07-02,93.9985,94.1985,93.2142,94.0442,11053231,NFLX
2015-07-06,93.4728,94.9285,93.3399,94.5713,11808384,NFLX
2015-07-07,95.0128,95.427,92.6228,94.0913,21573272,NFLX
2015-07-08,93.4713,93.9956,92.2842,93.507,12990691,NFLX
2015-07-09,94.8999,95.8456,94.2856,95.727,16731316,NFLX
2015-07-10,97.5228,98.5027,96.8999,97.2285,21636594,NFLX
2015-07-13,98.0985,102.3085,98.0787,101.087,33205011,NFLX
2015-07-14,101.2713,101.6356,99.6528,100.3713,19736437,NFLX
2015-07-15,99.97,100.75,97.05,98.13,30898594,NFLX
2015-07-16,111.02,116.49,107.68,115.81,63460992,NFLX
2015-07-17,117.34,117.88,114.24,114.77,25136948,NFLX
2015-07-20,114.7,114.7,110.14,110.55,22676913,NFLX
2015-07-21,110.21,113.71,109.32,112.51,14085422,NFLX
2015-07-22,112.14,113.88,110.5608,111.5,10500548,NFLX
2015-07-23,110.91,112.18,109.84,110.1,8306774,NFLX
2015-07-24,111.55,111.68,108.9,109.34,8125065,NFLX
2015-07-27,107.79,109.86,106.25,106.43,11302624,NFLX
2015-07-28,107.29,107.94,103.88,106.9,11155945,NFLX
2015-07-29,106.83,107.75,105.4,107.08,6695640,NFLX
2015-07-30,106.4,111.9,105.4,111.56,14229196,NFLX
2015-07-31,111.95,115.0,111.15,114.31,16349071,NFLX
2015-08-03,114.6,114.6,111.78,112.56,10144817,NFLX
2015-08-04,113.15,122.79,113.0,121.15,29653323,NFLX
2015-08-05,125.62,129.29,122.705,123.71,26946486,NFLX
2015-08-06,126.29,128.85,122.04,126.45,24716746,NFLX
2015-08-07,126.42,126.6,121.3,123.52,17360669,NFLX
2015-08-10,126.09,126.5,121.51,123.03,13424574,NFLX
2015-08-11,120.01,123.76,120.0,122.74,11596811,NFLX
2015-08-12,121.47,122.45,118.66,120.51,13881612,NFLX
2015-08-13,120.99,125.73,119.34,123.73,15284397,NFLX
2015-08-14,124.96,125.0,123.0,123.39,8667683,NFLX
2015-08-17,123.14,125.7,122.59,125.36,9233848,NFLX
2015-08-18,125.26,126.749,123.55,124.05,9381994,NFLX
2015-08-19,123.5,123.7,121.5,122.06,10115271,NFLX
2015-08-20,119.8,121.45,111.34,112.49,28045318,NFLX
2015-08-21,106.2,110.0,102.751,103.96,33228296,NFLX
2015-08-24,88.75,109.63,85.5,96.88,59951948,NFLX
2015-08-25,107.75,107.88,101.5,101.52,37620719,NFLX
2015-08-26,107.15,110.28,102.02,110.13,36164638,NFLX
2015-08-27,114.94,118.25,113.02,117.66,37056071,NFLX
2015-08-28,116.46,119.35,115.88,117.63,20240237,NFLX
2015-08-31,115.24,117.0,113.76,115.03,17005581,NFLX
2015-09-01,109.36,111.24,103.82,105.79,35977081,NFLX
2015-09-02,109.31,109.5,100.3,105.44,39843254,NFLX
2015-09-03,102.69,104.17,100.11,101.06,29546652,NFLX
2015-09-04,98.05,99.928,97.34,98.79,24211978,NFLX
2015-09-08,102.08,102.5,93.55,94.95,43479650,NFLX
2015-09-09,96.51,102.79,95.52,99.18,35524441,NFLX
2015-09-10,99.42,100.85,96.78,99.48,21031866,NFLX
2015-09-11,98.57,100.85,97.23,97.51,17373920,NFLX
2015-09-14,96.84,97.91,94.33,95.69,15545991,NFLX
2015-09-15,95.22,99.65,93.61,99.16,22591084,NFLX
2015-09-16,99.7,104.48,99.33,104.08,28058216,NFLX
2015-09-17,103.67,107.5,101.83,104.21,25817651,NFLX
2015-09-18,102.0,104.36,100.71,102.62,21715034,NFLX
2015-09-21,103.3,103.77,99.5568,100.3,17900624,NFLX
2015-09-22,98.29,99.9,97.0,98.47,16717919,NFLX
2015-09-23,98.6,99.74,97.66,98.07,10264540,NFLX
2015-09-24,97.11,104.0,96.78,103.76,21274471,NFLX
2015-09-25,105.3,105.4487,101.57,102.24,19066632,NFLX
2015-09-28,101.57,103.3275,97.8414,99.47,17026639,NFLX
2015-09-29,99.63,100.63,96.85,98.35,17405941,NFLX
2015-09-30,99.91,103.46,99.05,103.26,17027579,NFLX
2015-10-01,102.91,106.11,101.12,105.98,17426948,NFLX
2015-10-02,103.01,106.87,101.45,106.11,21526717,NFLX
2015-10-05,107.48,112.28,105.76,111.25,21157937,NFLX
2015-10-06,110.33,112.25,105.64,108.33,20836303,NFLX
2015-10-07,108.84,109.78,106.75,108.1,12329535,NFLX
2015-10-08,107.94,115.05,102.6,114.93,42831944,NFLX
2015-10-09,114.11,115.83,112.44,113.33,22455205,NFLX
2015-10-12,114.45,115.42,112.36,113.45,12624497,NFLX
2015-10-13,112.85,113.72,108.78,109.73,17512118,NFLX
2015-10-14,111.5,111.63,108.05,110.23,33231481,NFLX
2015-10-15,103.77,104.88,99.1,101.09,48484328,NFLX
2015-10-16,100.21,101.65,98.41,98.99,21340511,NFLX
2015-10-19,98.07,103.62,96.26,101.69,29964714,NFLX
2015-10-20,101.06,102.11,97.58,98.99,17345614,NFLX
2015-10-21,99.67,100.34,97.01,97.96,13759583,NFLX
2015-10-22,98.07,99.93,96.86,97.32,12786768,NFLX
2015-10-23,97.61,101.56,97.27,100.04,18019886,NFLX
2015-10-26,100.05,103.31,99.38,103.04,12234824,NFLX
2015-10-27,102.58,104.72,101.23,103.07,12066402,NFLX
2015-10-28,102.9,106.21,102.06,105.8,13093962,NFLX
2015-10-29,105.0,106.91,104.75,105.12,9841406,NFLX
2015-10-30,105.12,110.1,104.9,108.38,15571468,NFLX
2015-11-02,109.2,109.37,106.3,107.64,11784573,NFLX
2015-11-03,107.36,111.05,107.24,109.74,12484136,NFLX
2015-11-04,110.36,114.28,109.39,114.05,17505023,NFLX
2015-11-05,113.75,115.68,111.72,113.5,13814939,NFLX
2015-11-06,113.39,114.8,112.05,114.06,10936608,NFLX
2015-11-09,113.36,114.0,108.64,109.86,16154632,NFLX
2015-11-10,108.86,112.84,108.01,112.7,11166372,NFLX
2015-11-11,113.08,114.61,111.41,112.86,11039154,NFLX
2015-11-12,112.52,115.25,108.2,108.92,17568163,NFLX
2015-11-13,108.34,109.07,103.27,103.65,18819418,NFLX
2015-11-16,102.97,111.65,101.86,111.35,19866161,NFLX
2015-11-17,112.11,118.79,111.7,117.1,33016302,NFLX
2015-11-18,117.94,121.0,116.1,120.63,23353565,NFLX
2015-11-19,120.25,123.13,119.61,120.22,19253236,NFLX
2015-11-20,120.85,124.07,119.21,123.84,17977001,NFLX
2015-11-23,124.3,126.2,121.66,125.03,15726984,NFLX
2015-11-24,123.67,124.66,120.03,123.31,18335255,NFLX
2015-11-25,124.23,125.2,122.36,124.16,10980677,NFLX
2015-11-27,123.85,126.39,123.59,125.44,6645484,NFLX
2015-11-30,126.03,126.6,122.89,123.33,13894031,NFLX
2015-12-01,124.47,125.57,122.42,125.37,12550755,NFLX
2015-12-02,125.53,131.35,124.93,128.93,24105712,NFLX
2015-12-03,129.62,132.2,126.39,126.81,26647260,NFLX
2015-12-04,127.0,130.99,125.75,130.93,20250411,NFLX
2015-12-07,131.19,133.27,122.75,125.36,23351610,NFLX
2015-12-08,121.51,128.24,121.1,126.98,18591147,NFLX
2015-12-09,127.7,128.78,122.33,124.2,17788797,NFLX
2015-12-10,124.5,125.21,121.62,122.91,13474119,NFLX
2015-12-11,121.45,123.0,118.6,118.91,16105315,NFLX
2015-12-14,119.77,120.9,114.66,120.67,18735608,NFLX
2015-12-15,121.93,123.3,118.54,118.6,11759993,NFLX
2015-12-16,119.8,123.0,118.09,122.64,13180982,NFLX
2015-12-17,123.97,126.35,122.42,122.51,17284872,NFLX
2015-12-18,120.85,122.19,117.92,118.02,17948060,NFLX
2015-12-21,119.51,119.59,115.66,116.63,11669993,NFLX
2015-12-22,117.3,117.43,114.86,116.24,9689044,NFLX
2015-12-23,116.91,118.56,115.78,118.16,9324333,NFLX
2015-12-24,118.22,118.8,117.3,117.33,3541403,NFLX
2015-12-28,117.26,117.35,113.85,117.11,8424276,NFLX
2015-12-29,118.19,119.6,116.92,119.12,8159211,NFLX
2015-12-30,118.95,119.02,116.43,116.71,8149686,NFLX
2015-12-31,116.21,117.46,114.28,114.38,9273008,NFLX
2016-01-04,109.0,110.0,105.21,109.96,20794848,NFLX
2016-01-05,110.45,110.58,105.85,107.66,17664562,NFLX
2016-01-06,105.29,117.91,104.96,117.68,33045656,NFLX
2016-01-07,116.36,122.18,112.29,114.56,33636661,NFLX
2016-01-08,116.33,117.72,111.1,111.39,18067140,NFLX
2016-01-11,112.13,116.79,111.2,114.97,21920390,NFLX
2016-01-12,116.11,117.78,115.08,116.58,15133522,NFLX
2016-01-13,114.43,114.48,104.53,106.56,24921587,NFLX
2016-01-14,105.65,109.25,101.21,107.06,23664784,NFLX
2016-01-15,102.43,105.5,101.72,104.04,19775141,NFLX
2016-01-19,106.57,110.14,105.55,107.89,35722752,NFLX
2016-01-20,108.91,109.99,97.0501,107.74,53009419,NFLX
2016-01-21,108.32,108.51,102.1,102.35,31027503,NFLX
2016-01-22,104.7225,104.99,99.22,100.72,26821771,NFLX
2016-01-25,99.78,102.68,99.0,99.12,20321102,NFLX
2016-01-26,99.74,100.55,94.85,97.83,22083897,NFLX
2016-01-27,96.61,97.8495,90.59,91.15,25556187,NFLX
2016-01-28,93.84,95.25,90.11,94.41,24562311,NFLX
2016-01-29,92.0,94.39,90.63,91.84,20463895,NFLX
2016-02-01,91.79,97.18,91.3,94.09,19684477,NFLX
2016-02-02,95.54,96.65,90.73,91.49,21906495,NFLX
2016-02-03,92.41,92.69,86.14,90.74,27466034,NFLX
2016-02-04,89.5,91.25,86.54,89.71,19108600,NFLX
2016-02-05,88.23,88.95,81.86,82.79,25929257,NFLX
2016-02-08,80.57,84.7,79.95,83.32,25035634,NFLX
2016-02-09,81.75,88.4,81.55,86.13,25892874,NFLX
2016-02-10,89.0,92.21,87.42,88.45,23146517,NFLX
2016-02-11,87.42,88.39,82.911,86.35,21820321,NFLX
2016-02-12,86.64,89.72,85.26,87.4,19067683,NFLX
2016-02-16,89.0,90.14,87.54,89.05,16356604,NFLX
2016-02-17,90.13,94.77,89.64,94.76,18323834,NFLX
2016-02-18,94.8,94.9,90.31,90.49,17695324,NFLX
2016-02-19,89.98,91.4,88.03,89.23,14259205,NFLX
2016-02-22,90.75,93.11,88.3,91.93,16321822,NFLX
2016-02-23,91.4,92.49,89.05,89.12,12744428,NFLX
2016-02-24,88.5,91.76,86.7,91.61,15972819,NFLX
2016-02-25,91.08,94.81,90.21,94.53,17898777,NFLX
2016-02-26,95.3,97.48,94.25,94.79,16975151,NFLX
2016-02-29,94.81,97.2,93.34,93.41,13663080,NFLX
2016-03-01,94.58,99.16,93.61,98.3,17048790,NFLX
2016-03-02,98.01,99.48,95.9,97.61,19102849,NFLX
2016-03-03,97.83,98.35,95.39,97.93,15320921,NFLX
2016-03-04,98.76,102.22,98.32,101.58,23414622,NFLX
2016-03-07,101.0,101.79,95.25,95.49,23906672,NFLX
2016-03-08,95.0,98.28,94.5,96.23,14796968,NFLX
2016-03-09,96.82,98.37,95.0,98.0,12298660,NFLX
2016-03-10,98.18,99.74,95.45,97.36,17002063,NFLX
2016-03-11,99.51,99.6,96.05,97.66,15114299,NFLX
2016-03-14,97.2,99.42,97.17,98.13,11251874,NFLX
2016-03-15,97.87,98.51,96.43,97.86,9691768,NFLX
2016-03-16,97.53,99.73,97.5,99.35,12630530,NFLX
2016-03-17,99.05,101.39,99.0,99.72,13824964,NFLX
2016-03-18,100.5,102.41,100.01,101.12,15453454,NFLX
2016-03-21,101.15,102.1,99.5,101.06,9578466,NFLX
2016-03-22,100.48,101.52,99.2,99.84,9069905,NFLX
2016-03-23,99.75,100.39,98.81,99.59,8313480,NFLX
2016-03-24,98.64,98.85,97.07,98.36,10671139,NFLX
2016-03-28,98.34,101.44,97.82,101.21,12432217,NFLX
2016-03-29,101.08,104.33,101.0,104.13,16008868,NFLX
2016-03-30,104.65,104.91,101.4805,102.19,14704994,NFLX
2016-03-31,102.43,103.53,101.05,102.23,9747539,NFLX
2016-04-01,102.93,105.79,102.47,105.7,14182359,NFLX
2016-04-04,105.9,105.92,103.2,104.35,10940426,NFLX
2016-04-05,103.47,105.75,103.25,104.94,10060916,NFLX
2016-04-06,105.3,106.44,104.25,104.83,9605800,NFLX
2016-04-07,104.31,106.435,103.6,104.45,10774911,NFLX
2016-04-08,105.12,105.326,102.82,103.81,7857592,NFLX
2016-04-11,104.04,104.98,102.62,102.68,7451315,NFLX
2016-04-12,103.15,107.22,102.21,106.98,12436982,NFLX
2016-04-13,108.0,111.28,107.88,109.65,16701709,NFLX
2016-04-14,110.01,111.64,109.15,110.42,9553688,NFLX
2016-04-15,110.64,111.85,109.7803,111.51,11746065,NFLX
2016-04-18,109.9,110.7,106.02,108.4,32816416,NFLX
2016-04-19,99.49,101.37,94.2,94.34,55728765,NFLX
2016-04-20,94.34,96.98,93.14,96.77,26613506,NFLX
2016-04-21,97.31,97.38,94.78,94.98,19919415,NFLX
2016-04-22,94.847,96.69,94.21,95.9,15806320,NFLX
2016-04-25,95.7,95.7461,92.8,93.56,14985382,NFLX
2016-04-26,93.5,93.55,91.25,92.43,15330856,NFLX
2016-04-27,92.18,92.5,90.21,91.04,12218929,NFLX
2016-04-28,91.5,92.67,90.09,90.28,11474907,NFLX
2016-04-29,90.5,90.56,88.21,90.03,13968018,NFLX
2016-05-02,90.41,93.22,89.8901,93.11,12547005,NFLX
2016-05-03,92.08,93.25,91.3,91.54,10593880,NFLX
2016-05-04,91.0,92.16,90.35,90.79,7394742,NFLX
2016-05-05,90.91,92.0775,89.25,89.37,10368491,NFLX
2016-05-06,88.83,90.88,88.11,90.84,10433936,NFLX
2016-05-09,90.73,91.828,89.9,90.54,9543705,NFLX
2016-05-10,91.14,93.25,91.09,92.89,11175913,NFLX
2016-05-11,92.4,92.59,89.9,90.02,11692864,NFLX
2016-05-12,90.32,90.41,85.74,87.74,20408118,NFLX
2016-05-13,87.39,88.59,86.26,87.88,11571389,NFLX
2016-05-16,87.56,90.0,86.15,89.12,11247812,NFLX
2016-05-17,89.0,90.87,88.172,88.63,11571267,NFLX
2016-05-18,88.25,91.72,88.25,90.5,13911836,NFLX
2016-05-19,90.16,91.27,88.3,89.55,11450323,NFLX
2016-05-20,90.08,93.28,89.98,92.49,15063042,NFLX
2016-05-23,92.98,95.2924,92.85,94.89,13992330,NFLX
2016-05-24,95.98,99.14,95.75,97.89,21246023,NFLX
2016-05-25,99.0,100.31,98.3,100.2,15211295,NFLX
2016-05-26,103.21,104.0,101.38,102.81,17824673,NFLX
2016-05-27,102.44,103.5,101.44,103.3,9092127,NFLX
2016-05-31,102.95,103.45,102.13,102.57,8725656,NFLX
2016-06-01,101.5,101.92,100.16,101.51,8393380,NFLX
2016-06-02,101.39,102.15,100.77,101.25,7992448,NFLX
2016-06-03,100.99,101.0,98.53,99.59,9223994,NFLX
2016-06-06,100.29,101.0712,99.72,100.74,6828128,NFLX
2016-06-07,101.2,101.63,99.77,99.89,6474742,NFLX
2016-06-08,100.02,100.28,97.6,97.86,9423938,NFLX
2016-06-09,97.22,98.433,96.664,97.09,8923803,NFLX
2016-06-10,94.88,95.35,93.28,93.75,12907900,NFLX
2016-06-13,95.02,97.2,93.62,93.85,13484345,NFLX
2016-06-14,94.16,95.8,93.27,94.12,9480388,NFLX
2016-06-15,94.61,95.46,93.5,94.29,7675449,NFLX
2016-06-16,94.18,95.56,93.2474,95.44,7550774,NFLX
2016-06-17,95.75,95.77,94.2,94.45,8046841,NFLX
2016-06-20,95.22,95.88,93.65,93.8,9026376,NFLX
2016-06-21,93.87,93.88,90.77,90.99,15199727,NFLX
2016-06-22,90.78,91.98,89.77,90.01,9454685,NFLX
2016-06-23,90.62,91.68,88.15,91.66,10819033,NFLX
2016-06-24,87.53,90.49,87.21,88.44,11248582,NFLX
2016-06-27,87.88,88.0,84.81,85.33,13775706,NFLX
2016-06-28,87.41,88.88,86.41,87.97,11545631,NFLX
2016-06-29,89.67,91.97,88.7,91.06,11687079,NFLX
2016-06-30,90.91,91.7201,89.9,91.48,9098971,NFLX
2016-07-01,95.0,97.0,94.8,96.67,16167210,NFLX
2016-07-05,95.2,101.27,93.31,97.91,25879367,NFLX
2016-07-06,95.03,96.0,93.55,94.6,16301211,NFLX
2016-07-07,94.7,95.38,93.18,95.1,9913509,NFLX
2016-07-08,96.0,97.41,95.3,97.06,8335375,NFLX
2016-07-11,96.19,96.869,94.3,94.67,13276161,NFLX
2016-07-12,95.07,96.72,94.09,95.97,11617410,NFLX
2016-07-13,96.26,96.72,94.8,96.43,8768863,NFLX
2016-07-14,97.0,98.27,96.8,98.02,9885009,NFLX
2016-07-15,98.52,98.7,97.41,98.39,9041865,NFLX
2016-07-18,98.43,99.84,97.24,98.81,28669659,NFLX
2016-07-19,85.43,86.75,84.5,85.84,55681209,NFLX
2016-07-20,86.67,88.49,85.82,87.91,23525141,NFLX
2016-07-21,88.3,88.38,85.21,85.99,16083996,NFLX
2016-07-22,86.48,86.5,85.11,85.89,11363917,NFLX
2016-07-25,85.73,87.87,85.01,87.66,14135027,NFLX
2016-07-26,91.03,93.1,90.9,91.41,19577623,NFLX
2016-07-27,91.5,92.06,90.1,92.04,8727517,NFLX
2016-07-28,91.92,92.21,90.68,91.65,6227698,NFLX
2016-07-29,91.19,91.749,90.59,91.25,6960222,NFLX
2016-08-01,91.23,94.67,90.5,94.37,10666945,NFLX
2016-08-02,94.0,94.08,92.18,93.56,9836233,NFLX
2016-08-03,93.28,94.67,92.55,93.1,7030916,NFLX
2016-08-04,93.2,93.7319,91.82,93.44,6043394,NFLX
2016-08-05,93.77,97.74,93.56,97.03,18364801,NFLX
2016-08-08,95.91,95.93,94.0,95.11,10135401,NFLX
2016-08-09,95.12,95.81,93.48,93.99,9175413,NFLX
2016-08-10,94.4,94.75,92.95,93.93,6511142,NFLX
2016-08-11,94.6,96.33,94.37,95.89,8547659,NFLX
2016-08-12,95.53,96.83,95.08,96.59,6592923,NFLX
2016-08-15,96.83,96.91,95.24,95.31,7304620,NFLX
2016-08-16,95.19,95.61,94.4,95.12,6311339,NFLX
2016-08-17,94.94,96.93,94.85,96.37,8315615,NFLX
2016-08-18,95.98,97.2168,95.17,96.16,7252629,NFLX
2016-08-19,96.05,96.78,95.51,95.87,6942892,NFLX
2016-08-22,95.67,96.13,94.95,95.26,5830548,NFLX
2016-08-23,95.68,96.59,95.48,95.94,5239106,NFLX
2016-08-24,96.13,96.36,94.91,95.18,6276468,NFLX
2016-08-25,96.38,98.245,96.04,97.32,10823055,NFLX
2016-08-26,97.33,97.95,96.57,97.58,6617636,NFLX
2016-08-29,96.97,98.4497,96.57,97.3,8008430,NFLX
2016-08-30,97.84,98.85,97.14,97.45,6093536,NFLX
2016-08-31,97.48,97.88,96.76,97.45,4690614,NFLX
2016-09-01,97.81,97.98,96.916,97.38,4148621,NFLX
2016-09-02,97.9,98.18,97.01,97.38,4247182,NFLX
2016-09-06,97.76,100.32,97.649,100.09,9036092,NFLX
2016-09-07,100.11,100.19,98.42,99.15,6468512,NFLX
2016-09-08,99.23,100.05,98.82,99.66,5201208,NFLX
2016-09-09,99.06,99.39,96.5,96.5,7373319,NFLX
2016-09-12,95.91,99.29,95.71,99.05,7718351,NFLX
2016-09-13,97.17,98.0,95.33,96.09,11788078,NFLX
2016-09-14,97.35,98.35,96.96,97.01,8528450,NFLX
2016-09-15,97.23,97.97,96.53,97.34,5299930,NFLX
2016-09-16,97.1,99.49,97.04,99.48,9445109,NFLX
2016-09-19,99.9,100.35,97.82,98.06,8616183,NFLX
2016-09-20,98.78,99.16,97.66,98.25,4736762,NFLX
2016-09-21,96.9,97.1,93.26,94.88,20042236,NFLX
2016-09-22,95.54,95.88,94.23,95.83,11214973,NFLX
2016-09-23,95.75,96.97,95.43,95.94,6179471,NFLX
2016-09-26,95.38,95.38,94.04,94.56,6739188,NFLX
2016-09-27,95.04,97.64,95.0,97.07,9680100,NFLX
2016-09-28,97.1,97.59,96.02,97.48,7235109,NFLX
2016-09-29,97.31,98.31,96.6,96.67,6217636,NFLX
2016-09-30,96.9,99.53,96.79,98.55,9807925,NFLX
2016-10-03,98.0,103.39,98.0,102.63,15344490,NFLX
2016-10-04,103.19,104.44,101.86,102.34,12143104,NFLX
2016-10-05,103.5,106.97,103.4301,106.28,12942880,NFLX
2016-10-06,104.97,105.47,103.88,105.07,6587738,NFLX
2016-10-07,103.98,106.5,103.5501,104.82,8659518,NFLX
2016-10-10,103.18,104.53,102.76,103.33,6699653,NFLX
2016-10-11,102.31,102.9,99.86,100.59,9032854,NFLX
2016-10-12,100.88,102.47,99.22,99.5,7426504,NFLX
2016-10-13,98.01,100.5,97.63,100.23,8319333,NFLX
2016-10-14,101.59,102.099,100.35,101.47,9531056,NFLX
2016-10-17,100.5,100.73,98.38,99.8,26589483,NFLX
2016-10-18,116.63,119.82,116.5,118.79,42168221,NFLX
2016-10-19,118.25,122.45,118.0,121.87,21981734,NFLX
2016-10-20,121.97,123.75,121.06,123.35,14492827,NFLX
2016-10-21,122.5,127.85,122.31,127.5,18832428,NFLX
2016-10-24,127.42,129.29,126.15,127.33,15980674,NFLX
2016-10-25,126.52,128.06,125.75,126.51,8253941,NFLX
2016-10-26,126.29,128.72,125.75,126.97,8602407,NFLX
2016-10-27,127.43,128.18,125.93,126.47,6914182,NFLX
2016-10-28,126.08,128.93,126.0118,126.57,7077252,NFLX
2016-10-31,126.85,126.9,124.4,124.87,6517512,NFLX
2016-11-01,124.98,125.83,121.8,123.3,6978621,NFLX
2016-11-02,122.83,124.07,121.83,122.34,4816526,NFLX
2016-11-03,122.31,123.72,121.84,122.14,5041321,NFLX
2016-11-04,122.0,123.43,121.62,122.03,5077719,NFLX
2016-11-07,124.26,125.75,123.37,124.58,5827126,NFLX
2016-11-08,124.12,125.81,123.22,124.34,4690756,NFLX
2016-11-09,121.84,123.65,120.8611,122.19,7705673,NFLX
2016-11-10,122.76,122.97,113.7,115.42,19718703,NFLX
2016-11-11,114.9,116.63,113.11,114.78,11080251,NFLX
2016-11-14,114.75,115.9,110.68,113.38,9932379,NFLX
2016-11-15,114.55,116.41,113.091,113.59,7445094,NFLX
2016-11-16,112.96,116.12,111.81,115.19,5933728,NFLX
2016-11-17,115.13,116.81,113.56,115.03,6232744,NFLX
2016-11-18,115.73,116.42,113.51,115.21,6746783,NFLX
2016-11-21,116.2,118.72,116.19,117.96,7064528,NFLX
2016-11-22,118.32,119.46,116.98,118.04,7007188,NFLX
2016-11-23,117.76,118.89,117.31,117.69,4521314,NFLX
2016-11-25,117.64,118.39,117.18,117.41,1616260,NFLX
2016-11-28,117.05,117.62,115.71,116.93,5278861,NFLX
2016-11-29,117.3,119.18,117.1316,117.51,7082264,NFLX
2016-11-30,119.0,120.37,116.3913,117.0,7715103,NFLX
2016-12-01,117.52,118.68,113.95,117.22,8636943,NFLX
2016-12-02,116.75,120.98,116.75,120.81,8953590,NFLX
2016-12-05,120.73,120.75,118.4,119.16,7626283,NFLX
2016-12-06,120.1,124.79,119.42,124.57,11513209,NFLX
2016-12-07,124.48,125.75,123.25,125.39,8204687,NFLX
2016-12-08,125.4,126.35,122.16,123.24,8987712,NFLX
2016-12-09,123.78,124.3,121.73,122.88,4700783,NFLX
2016-12-12,122.84,124.03,122.3,122.83,3917605,NFLX
2016-12-13,123.51,125.09,122.7809,123.78,5564509,NFLX
2016-12-14,123.43,124.4,122.5,123.44,6110273,NFLX
2016-12-15,123.44,127.43,122.95,125.0,7376184,NFLX
2016-12-16,126.39,126.68,124.01,124.22,7867975,NFLX
2016-12-19,124.3,126.44,122.87,125.45,4867276,NFLX
2016-12-20,125.46,126.3,124.64,125.12,3937812,NFLX
2016-12-21,125.53,127.7372,125.0,126.5,6514793,NFLX
2016-12-22,126.84,127.5,125.18,125.58,4161410,NFLX
2016-12-23,125.61,126.28,125.08,125.59,2010382,NFLX
2016-12-27,126.24,129.05,125.7,128.35,5288164,NFLX
2016-12-28,129.07,129.07,125.76,125.89,4389162,NFLX
2016-12-29,125.95,126.14,124.2,125.33,3445056,NFLX
2016-12-30,126.24,126.57,123.6,123.8,4455351,NFLX
2017-01-03,124.96,128.19,124.31,127.49,9437856,NFLX
2017-01-04,127.49,130.17,126.55,129.41,7843559,NFLX
2017-01-05,129.22,132.75,128.9,131.81,10185516,NFLX
2017-01-06,132.08,133.88,129.81,131.07,10657878,NFLX
2017-01-09,131.48,131.99,129.89,130.95,5771835,NFLX
2017-01-10,131.27,132.22,129.29,129.89,5985809,NFLX
2017-01-11,130.91,131.5,129.2475,130.5,5615061,NFLX
2017-01-12,130.63,130.85,128.5,129.18,5388880,NFLX
2017-01-13,131.15,133.93,130.58,133.7,10515015,NFLX
2017-01-17,135.04,135.4,132.09,132.89,12220202,NFLX
2017-01-18,133.21,133.65,131.06,133.26,16168617,NFLX
2017-01-19,142.01,143.46,138.25,138.41,23203441,NFLX
2017-01-20,139.36,140.79,137.66,138.6,9497394,NFLX
2017-01-23,138.65,139.49,137.31,137.39,7433896,NFLX
2017-01-24,138.11,140.93,137.03,140.11,7754673,NFLX
2017-01-25,140.8,141.39,139.05,139.52,7612888,NFLX
2017-01-26,140.45,141.21,138.51,138.96,6038313,NFLX
2017-01-27,139.46,142.49,139.0,142.45,8323866,NFLX
2017-01-30,141.77,141.967,138.8,141.22,8122481,NFLX
2017-01-31,140.55,141.83,139.7,140.71,4411631,NFLX
2017-02-01,141.2,142.41,139.3,140.78,6033422,NFLX
2017-02-02,140.61,141.04,139.05,139.2,3462370,NFLX
2017-02-03,139.51,140.64,139.1,140.25,3512568,NFLX
2017-02-06,140.0,141.0,139.16,140.97,3552066,NFLX
2017-02-07,141.49,144.28,141.05,144.0,8573515,NFLX
2017-02-08,143.57,145.07,142.56,144.74,6887050,NFLX
2017-02-09,144.98,145.09,143.58,144.14,4555119,NFLX
2017-02-10,144.68,145.2992,143.97,144.82,6171936,NFLX
2017-02-13,145.19,145.95,143.05,143.2,4790435,NFLX
2017-02-14,143.2,144.11,140.05,140.82,8367786,NFLX
2017-02-15,140.72,142.43,140.51,142.27,5309050,NFLX
2017-02-16,142.42,142.44,141.07,142.01,2847496,NFLX
2017-02-17,141.75,142.9,141.27,142.22,4588073,NFLX
2017-02-21,142.99,143.38,141.81,142.6,3571481,NFLX
2017-02-22,142.92,144.0,142.17,143.86,3481968,NFLX
2017-02-23,144.45,144.49,141.5196,142.78,4667978,NFLX
2017-02-24,141.88,143.56,141.55,143.25,3302714,NFLX
2017-02-27,143.12,143.92,142.38,143.41,3907377,NFLX
2017-02-28,143.3,143.57,141.85,142.13,3862221,NFLX
2017-03-01,142.84,143.26,142.1,142.65,4170649,NFLX
2017-03-02,142.15,142.7,139.09,139.53,6119945,NFLX
2017-03-03,139.69,140.91,138.26,139.14,5401104,NFLX
2017-03-06,141.0,142.84,140.54,141.94,7116118,NFLX
2017-03-07,141.99,142.4,140.38,141.43,4241037,NFLX
2017-03-08,141.47,142.06,139.7704,140.32,4092550,NFLX
2017-03-09,140.04,141.24,139.74,140.53,2652740,NFLX
2017-03-10,141.39,141.8,140.28,140.89,3318464,NFLX
2017-03-13,140.9,143.71,140.321,143.52,4922432,NFLX
2017-03-14,142.95,143.31,141.7,143.19,4660294,NFLX
2017-03-15,144.2,145.52,143.23,145.25,5987198,NFLX
2017-03-16,145.5,146.5,144.22,144.39,5286456,NFLX
2017-03-17,144.05,145.76,143.4,145.11,6281316,NFLX
2017-03-20,145.45,146.25,144.58,145.83,3421046,NFLX
2017-03-21,146.75,147.7,142.1,142.42,7669753,NFLX
2017-03-22,142.545,143.8,140.76,142.65,6486893,NFLX
2017-03-23,142.14,142.89,141.26,141.84,3712625,NFLX
2017-03-24,142.36,142.8,141.58,142.02,3546599,NFLX
2017-03-27,140.83,144.39,140.0,144.06,4771650,NFLX
2017-03-28,144.1,146.11,143.92,145.17,4638003,NFLX
2017-03-29,145.5,147.18,144.9089,146.47,3855031,NFLX
2017-03-30,146.81,148.29,146.53,148.06,4461068,NFLX
2017-03-31,148.0,148.225,147.33,147.81,3888237,NFLX
2017-04-03,146.7,148.005,145.74,146.92,4609336,NFLX
2017-04-04,146.84,147.09,144.89,145.5,4368919,NFLX
2017-04-05,146.19,146.25,143.26,143.62,4607636,NFLX
2017-04-06,144.0,144.14,143.01,143.74,3312410,NFLX
2017-04-07,143.79,143.89,142.71,143.11,3032571,NFLX
2017-04-10,143.04,144.65,141.21,143.85,5807440,NFLX
2017-04-11,144.28,144.54,141.98,144.35,4621451,NFLX
2017-04-12,144.85,145.74,143.55,143.83,4386954,NFLX
2017-04-13,144.25,144.55,142.76,142.92,3685789,NFLX
2017-04-17,144.43,147.32,144.43,147.25,16364743,NFLX
2017-04-18,147.34,147.4,140.0,143.36,19670975,NFLX
2017-04-19,143.37,144.0,138.66,139.76,12395064,NFLX
2017-04-20,140.3,141.8,139.27,141.18,7248180,NFLX
2017-04-21,141.39,143.03,140.9028,142.87,6824786,NFLX
2017-04-24,143.61,144.5,143.4,143.83,4800920,NFLX
2017-04-25,147.46,153.52,146.22,152.16,20674167,NFLX
2017-04-26,151.53,152.15,148.9,150.17,9274081,NFLX
2017-04-27,150.6,153.49,149.3,153.08,7719365,NFLX
2017-04-28,152.71,152.97,150.94,152.2,6366247,NFLX
2017-05-01,151.91,157.7,151.61,155.35,9031631,NFLX
2017-05-02,155.76,156.5,154.61,156.45,5384839,NFLX
2017-05-03,156.29,156.54,154.88,155.59,3931244,NFLX
2017-05-04,155.59,157.9,154.55,157.25,5582330,NFLX
2017-05-05,158.55,158.59,155.9,156.6,5341735,NFLX
2017-05-08,156.55,157.64,155.3,156.38,4818794,NFLX
2017-05-09,156.1,157.85,155.97,157.46,3911027,NFLX
2017-05-10,157.82,161.1,156.56,160.28,6869879,NFLX
2017-05-11,160.33,160.52,157.55,158.54,5677360,NFLX
2017-05-12,159.11,160.84,158.51,160.81,5092885,NFLX
2017-05-15,160.25,161.78,159.76,160.02,4971954,NFLX
2017-05-16,160.5,161.18,159.33,159.41,3464912,NFLX
2017-05-17,158.09,158.78,153.0,153.2,8184483,NFLX
2017-05-18,153.61,156.89,153.24,155.7,6802670,NFLX
2017-05-19,156.15,158.05,155.91,157.02,4091486,NFLX
2017-05-22,157.86,158.6,156.43,157.16,3744055,NFLX
2017-05-23,157.75,158.31,156.8,157.95,3370930,NFLX
2017-05-24,158.35,158.48,157.17,157.75,2989797,NFLX
2017-05-25,161.0,164.1,160.55,163.05,8560961,NFLX
2017-05-26,162.84,163.05,161.12,162.43,4834291,NFLX
2017-05-30,163.6,164.75,162.71,163.22,4828637,NFLX
2017-05-31,163.61,164.0,160.74,163.07,5328919,NFLX
2017-06-01,163.52,163.9316,161.7,162.99,3896317,NFLX
2017-06-02,163.42,165.36,162.8,165.18,4259081,NFLX
2017-06-05,165.49,165.5,163.43,165.06,3875174,NFLX
2017-06-06,164.95,166.82,164.51,165.17,4382092,NFLX
2017-06-07,165.6,166.4,164.4086,165.61,3353099,NFLX
2017-06-08,166.12,166.87,164.84,165.88,3719102,NFLX
2017-06-09,166.27,166.27,154.5,158.03,10291954,NFLX
2017-06-12,155.3,155.53,148.31,151.44,14114477,NFLX
2017-06-13,154.38,155.68,150.13,152.72,8484746,NFLX
2017-06-14,154.34,155.615,150.28,152.2,6461758,NFLX
2017-06-15,149.44,152.56,147.3,151.76,7319746,NFLX
2017-06-16,151.45,153.53,150.39,152.38,6909705,NFLX
2017-06-19,154.29,155.58,152.41,153.4,6544298,NFLX
2017-06-20,153.68,154.5,151.4,152.05,4878673,NFLX
2017-06-21,152.5,155.38,152.26,155.03,5803446,NFLX
2017-06-22,155.13,155.2,153.7,154.89,3769167,NFLX
2017-06-23,155.01,158.19,153.76,158.02,6250761,NFLX
2017-06-26,158.78,159.97,156.56,157.5,6015974,NFLX
2017-06-27,156.62,156.9775,150.7197,151.03,7424252,NFLX
2017-06-28,151.64,154.2,150.12,153.41,5589883,NFLX
2017-06-29,152.82,152.82,148.0,150.09,7142462,NFLX
2017-06-30,149.76,150.71,148.42,149.41,5213315,NFLX
2017-07-03,149.8,150.45,145.8,146.17,3908215,NFLX
2017-07-05,146.58,148.26,145.58,147.61,4627803,NFLX
2017-07-06,146.13,147.27,144.25,146.25,5486482,NFLX
2017-07-07,146.65,150.75,146.65,150.18,5561263,NFLX
2017-07-10,150.34,153.23,149.65,152.67,5360606,NFLX
2017-07-11,152.37,155.23,151.55,154.33,4898645,NFLX
2017-07-12,155.77,158.8,155.77,158.75,8481779,NFLX
2017-07-13,158.51,160.13,156.98,158.21,6700052,NFLX
2017-07-14,159.3,161.35,157.97,161.12,5549221,NFLX
2017-07-17,162.91,163.55,160.0201,161.7,17496685,NFLX
2017-07-18,176.12,185.0,174.24,183.6,41587395,NFLX
2017-07-19,182.97,187.17,181.75,183.86,17344321,NFLX
2017-07-20,183.84,185.92,182.7,183.6,7907182,NFLX
2017-07-21,182.72,191.5,182.71,188.54,9277448,NFLX
2017-07-24,188.685,190.25,187.01,187.91,8797260,NFLX
2017-07-25,187.79,188.66,185.81,186.97,5374472,NFLX
2017-07-26,187.7,189.7043,187.51,189.08,4479290,NFLX
2017-07-27,189.89,190.0,179.38,182.68,11220982,NFLX
2017-07-28,182.0,185.03,181.18,184.04,6201947,NFLX
2017-07-31,184.26,184.9738,180.65,181.66,4883606,NFLX
2017-08-01,182.49,184.62,181.43,182.03,5112707,NFLX
2017-08-02,182.22,182.57,177.8149,180.74,5771336,NFLX
2017-08-03,180.53,181.2248,178.02,179.23,4627732,NFLX
2017-08-04,179.6,181.0,178.5,180.27,4491055,NFLX
2017-08-07,181.0,182.27,179.1,181.33,4609788,NFLX
2017-08-08,181.37,181.91,177.45,178.36,6104043,NFLX
2017-08-09,171.43,175.96,170.01,175.78,9670502,NFLX
2017-08-10,174.03,174.45,167.6,169.14,9693057,NFLX
2017-08-11,169.86,172.58,169.0,171.4,5022334,NFLX
2017-08-14,169.8,172.45,168.8,171.0,7468408,NFLX
2017-08-15,171.53,171.88,168.25,168.5,5656064,NFLX
2017-08-16,167.5,170.5,166.25,169.98,7013557,NFLX
2017-08-17,169.23,170.58,165.72,166.09,5229188,NFLX
2017-08-18,165.95,169.97,165.8,166.54,7385736,NFLX
2017-08-21,166.91,168.99,164.23,166.76,6480708,NFLX
2017-08-22,167.76,169.93,167.04,169.34,4886326,NFLX
2017-08-23,168.35,169.64,166.7,169.06,4632256,NFLX
2017-08-24,169.86,171.2363,166.15,168.13,5361749,NFLX
2017-08-25,168.58,168.75,165.5,165.95,4064040,NFLX
2017-08-28,166.43,168.67,165.6,167.12,3657264,NFLX
2017-08-29,165.0,169.68,164.73,168.81,4620920,NFLX
2017-08-30,169.5,174.85,169.37,174.69,8034743,NFLX
2017-08-31,175.45,176.24,173.86,174.71,6940990,NFLX
2017-09-01,175.55,176.48,173.92,174.74,3812968,NFLX
2017-09-05,173.4,175.88,172.44,174.52,4597441,NFLX
2017-09-06,175.25,179.46,173.73,179.25,8742643,NFLX
2017-09-07,178.8,180.35,177.1,179.0,6036146,NFLX
2017-09-08,178.45,180.39,176.25,176.42,4590846,NFLX
2017-09-11,178.1,182.47,178.03,181.74,5979447,NFLX
2017-09-12,182.55,185.33,180.6435,185.15,6689568,NFLX
2017-09-13,184.07,184.4995,182.55,183.64,4320349,NFLX
2017-09-14,183.25,185.2882,182.07,182.63,4510722,NFLX
2017-09-15,182.73,184.93,181.43,182.35,5591743,NFLX
2017-09-18,183.61,185.45,182.73,184.62,5359569,NFLX
2017-09-19,184.98,186.23,184.17,185.68,4982086,NFLX
2017-09-20,186.1,186.5,183.2,185.51,4624993,NFLX
2017-09-21,185.82,189.95,184.51,188.78,7148104,NFLX
2017-09-22,188.4,189.85,186.39,187.35,5464312,NFLX
2017-09-25,186.46,186.55,177.7,178.55,9367231,NFLX
2017-09-26,180.7,180.95,176.55,179.38,5602471,NFLX
2017-09-27,181.01,183.34,180.7,181.97,5710544,NFLX
2017-09-28,181.25,181.95,179.36,180.7,4076986,NFLX
2017-09-29,180.73,182.9,180.65,181.35,4227864,NFLX
2017-10-02,182.11,182.8,176.58,177.01,7342007,NFLX
2017-10-03,177.65,179.7,177.55,179.19,3956940,NFLX
2017-10-04,181.41,186.7,181.25,184.45,9235867,NFLX
2017-10-05,185.65,194.49,184.49,194.39,19412690,NFLX
2017-10-06,194.3,198.92,192.05,198.02,15348356,NFLX
2017-10-09,199.1,199.4,196.56,196.87,6971714,NFLX
2017-10-10,197.85,198.3,192.1,195.08,6233823,NFLX
2017-10-11,195.57,196.2199,193.81,194.95,6450161,NFLX
2017-10-12,196.75,198.62,194.71,195.86,7753341,NFLX
2017-10-13,199.7,200.8199,197.1866,199.49,12081252,NFLX
2017-10-16,201.95,202.83,197.86,202.68,22105442,NFLX
2017-10-17,200.11,204.38,197.77,199.48,23900118,NFLX
2017-10-18,199.99,200.01,194.25,195.54,11198938,NFLX
2017-10-19,193.01,195.25,191.16,195.13,7034602,NFLX
2017-10-20,195.9,196.38,193.77,194.16,5995568,NFLX
2017-10-23,194.17,194.8999,191.0346,192.47,6979994,NFLX
2017-10-24,192.75,196.735,191.4,196.02,7069108,NFLX
2017-10-25,195.38,197.055,193.01,193.77,5315269,NFLX
2017-10-26,194.66,197.61,194.08,195.21,5185830,NFLX
2017-10-27,197.2,200.65,196.22,199.54,8128567,NFLX
2017-10-30,199.62,201.099,197.0721,198.37,5439563,NFLX
2017-10-31,198.21,198.59,195.218,196.43,5518595,NFLX
2017-11-01,197.24,199.199,196.0,198.0,5017420,NFLX
2017-11-02,197.45,199.44,197.0901,199.32,3606332,NFLX
2017-11-03,199.8,200.55,197.99,200.01,3678829,NFLX
2017-11-06,200.0,202.48,198.09,200.13,5846581,NFLX
2017-11-07,200.0,200.61,194.8,195.89,6467969,NFLX
2017-11-08,196.0,197.09,194.74,196.44,4237398,NFLX
2017-11-09,194.46,194.49,190.81,193.9,5910216,NFLX
2017-11-10,191.61,192.59,189.5,192.02,6622168,NFLX
2017-11-13,191.12,196.05,191.0,195.08,4606951,NFLX
2017-11-14,193.64,195.88,193.0,195.71,3450513,NFLX
2017-11-15,194.54,195.42,191.53,192.12,4203072,NFLX
2017-11-16,194.33,197.7,193.75,195.51,5678355,NFLX
2017-11-17,195.74,195.95,192.65,193.2,3906333,NFLX
2017-11-20,193.3,194.32,191.9,194.1,3827474,NFLX
2017-11-21,195.04,197.52,194.971,196.23,4787311,NFLX
2017-11-22,196.58,196.75,193.63,196.32,5895402,NFLX
2017-11-24,196.65,196.9,195.33,195.75,2160535,NFLX
2017-11-27,195.56,195.85,194.0,195.05,3210145,NFLX
2017-11-28,195.34,199.68,194.01,199.18,6981094,NFLX
2017-11-29,198.91,199.029,184.32,188.15,14202713,NFLX
2017-11-30,190.31,190.86,186.68,187.58,6630051,NFLX
2017-12-01,186.99,189.8,185.0,186.82,6219531,NFLX
2017-12-04,189.36,189.72,178.38,184.04,9069765,NFLX
2017-12-05,183.5,188.14,181.19,184.21,5783697,NFLX
2017-12-06,183.38,186.4844,182.88,185.3,5490088,NFLX
2017-12-07,185.71,187.34,183.22,185.2,4659542,NFLX
2017-12-08,186.5,189.42,186.3,188.54,4987270,NFLX
2017-12-11,187.85,189.42,185.91,186.22,5298583,NFLX
2017-12-12,186.01,187.85,184.8183,185.73,4265907,NFLX
2017-12-13,186.1,188.69,185.41,187.86,4710041,NFLX
2017-12-14,187.98,192.64,187.2,189.56,7792849,NFLX
2017-12-15,189.61,191.43,188.01,190.12,7285641,NFLX
2017-12-18,191.2,191.65,188.9,190.42,5010961,NFLX
2017-12-19,190.18,190.2981,185.75,187.02,7032978,NFLX
2017-12-20,187.94,189.11,185.26,188.82,6545394,NFLX
2017-12-21,189.44,190.95,187.58,188.62,4729836,NFLX
2017-12-22,188.33,190.95,186.8,189.94,3878904,NFLX
2017-12-26,189.78,189.94,186.4,187.76,3045652,NFLX
2017-12-27,187.8,188.1,185.22,186.24,4002098,NFLX
2017-12-28,187.18,194.49,186.85,192.71,10107392,NFLX
2017-12-29,192.51,193.95,191.22,191.96,5187606,NFLX
2018-01-02,196.1,201.65,195.42,201.07,10966889,NFLX
2018-01-03,202.05,206.21,201.5,205.05,8591369,NFLX
2018-01-04,206.2,207.05,204.0006,205.63,6029616,NFLX
2018-01-05,207.25,210.02,205.59,209.99,7033240,NFLX
2018-01-08,210.02,212.5,208.44,212.05,5580178,NFLX
2018-01-09,212.11,212.98,208.59,209.31,6125855,NFLX
2018-01-10,207.57,213.64,206.91,212.52,5951486,NFLX
2018-01-11,214.29,217.75,213.35,217.24,7659485,NFLX
2018-01-12,217.18,222.55,216.0,221.23,8199423,NFLX
2018-01-16,224.24,226.07,217.2,221.53,13516067,NFLX
2018-01-17,221.0,221.15,216.32,217.5,9123056,NFLX
2018-01-18,220.34,220.58,216.55,220.33,8225339,NFLX
2018-01-19,222.75,223.49,218.5,220.46,10548567,NFLX
2018-01-22,222.0,227.785,221.2,227.58,17703293,NFLX
2018-01-23,255.05,257.71,248.02,250.29,27705332,NFLX
2018-01-24,250.88,261.71,249.311,261.3,17352448,NFLX
2018-01-25,263.0,272.3,260.23,269.7,15336378,NFLX
2018-01-26,271.485,274.6,268.76,274.6,11021839,NFLX
2018-01-29,274.2,286.81,273.92,284.59,17529749,NFLX
2018-01-30,277.0,282.73,272.7,278.8,12482852,NFLX
2018-01-31,281.94,282.289,269.58,270.3,11695072,NFLX
2018-02-01,266.41,271.95,263.38,265.07,9669011,NFLX
2018-02-02,263.0,270.62,262.71,267.43,9123610,NFLX
2018-02-05,262.0,267.899,250.03,254.26,11896053,NFLX
2018-02-06,247.7,266.7,245.0,265.72,12595801,NFLX
2018-02-07,266.58,272.45,264.325,264.56,8981548,NFLX
2013-02-08,39.35,39.735,39.275,39.45,12913800,V
2013-02-11,39.395,39.5425,38.985,39.0825,11032112,V
2013-02-12,39.21,39.425,39.105,39.2,9805312,V
2013-02-13,39.1125,39.3475,38.535,38.6925,13915520,V
2013-02-14,38.65,39.1625,38.575,38.995,12760368,V
2013-02-15,39.0875,39.52,38.935,39.4975,17891168,V
2013-02-19,39.5025,39.6975,39.165,39.4025,13209680,V
2013-02-20,39.28,39.4025,38.7975,38.855,15688968,V
2013-02-21,38.78,39.5725,38.6975,39.36,14220580,V
2013-02-22,39.575,39.895,39.1725,39.8575,11737004,V
2013-02-25,39.8,40.0875,38.9725,38.9725,11177204,V
2013-02-26,39.0025,39.6475,39.0025,39.4575,11355204,V
2013-02-27,39.3625,40.025,39.325,39.9675,8317656,V
2013-02-28,40.085,40.085,39.5775,39.66,11231148,V
2013-03-01,39.4825,39.715,39.1625,39.52,13212916,V
2013-03-04,39.44,39.885,39.3875,39.875,6569720,V
2013-03-05,40.0225,40.445,39.965,40.0725,10267472,V
2013-03-06,40.215,40.425,40.05,40.265,7515924,V
2013-03-07,40.2175,40.445,39.9125,40.1275,8687144,V
2013-03-08,40.335,40.35,39.9725,40.1675,9574364,V
2013-03-11,40.3425,40.4,40.1025,40.295,6741784,V
2013-03-12,40.17,40.2425,39.7575,39.95,8340716,V
2013-03-13,39.875,40.1,39.7125,39.8425,11021016,V
2013-03-14,39.85,40.2675,39.825,40.165,14859112,V
2013-03-15,40.0075,40.1598,39.6325,39.6375,17615660,V
2013-03-18,39.32,39.795,39.1,39.5175,15163892,V
2013-03-19,39.5,39.8375,38.92,39.0,17599860,V
2013-03-20,39.25,39.9925,39.18,39.8325,16070016,V
2013-03-21,39.6125,39.9325,39.45,39.45,14883172,V
2013-03-22,39.5525,40.04,39.43,40.0225,18748648,V
2013-03-25,40.1875,41.07,40.125,41.0,19331340,V
2013-03-26,41.225,41.945,41.135,41.865,17267556,V
2013-03-27,41.6525,42.3075,41.3775,42.165,13371644,V
2013-03-28,42.1875,42.74,42.0325,42.46,12458428,V
2013-04-01,42.4375,42.7475,41.7253,41.8375,13236436,V
2013-04-02,42.105,42.225,41.8275,41.9875,9578152,V
2013-04-03,42.105,42.1325,41.07,41.1875,16624688,V
2013-04-04,41.355,41.6325,41.2525,41.62,8903828,V
2013-04-05,41.0525,41.355,40.8975,41.29,7962988,V
2013-04-08,41.41,41.5925,41.12,41.5725,6125312,V
2013-04-09,41.7075,41.72,41.0025,41.1875,6005468,V
2013-04-10,41.2425,41.825,41.2425,41.7475,8996936,V
2013-04-11,41.75,41.975,41.555,41.905,6493196,V
2013-04-12,41.4775,41.7075,41.275,41.4375,7076436,V
2013-04-15,41.155,41.22,40.3225,40.3225,10773268,V
2013-04-16,40.6625,41.2,40.625,41.1775,10096152,V
2013-04-17,40.935,41.0075,40.485,40.5575,9543540,V
2013-04-18,40.6475,40.8475,40.3175,40.3525,21010624,V
2013-04-19,40.52,41.0275,40.4375,40.99,7621504,V
2013-04-22,40.8925,41.0875,40.6225,40.8825,5403332,V
2013-04-23,41.0675,41.42,40.8825,41.415,6324076,V
2013-04-24,41.415,41.8925,41.4,41.765,7447196,V
2013-04-25,41.9775,42.62,41.86,42.19,9335380,V
2013-04-26,42.19,42.3987,41.785,41.8075,6127132,V
2013-04-29,41.9325,42.125,41.79,41.975,10692968,V
2013-04-30,42.1475,42.475,42.01,42.115,12166080,V
2013-05-01,41.7475,42.065,40.9,41.505,12244060,V
2013-05-02,42.5,44.915,42.5,43.85,30676084,V
2013-05-03,44.24,45.21,44.1075,44.885,15026356,V
2013-05-06,44.835,45.1916,44.5312,44.7225,13067040,V
2013-05-07,44.8725,44.965,44.305,44.9475,11876096,V
2013-05-08,44.865,44.875,44.4252,44.815,14448868,V
2013-05-09,44.8075,44.97,44.5575,44.645,11500984,V
2013-05-10,44.67,44.755,44.3875,44.6875,13840184,V
2013-05-13,44.645,45.11,44.5325,44.7325,12479684,V
2013-05-14,44.745,45.3725,44.66,45.08,16076624,V
2013-05-15,44.9975,45.4505,44.9175,45.44,13622964,V
2013-05-16,45.435,45.435,44.945,44.95,9912028,V
2013-05-17,45.22,46.145,45.13,46.1425,13248752,V
2013-05-20,45.9775,46.225,45.2,45.4025,21191732,V
2013-05-21,45.385,45.6725,45.0975,45.3875,13429516,V
2013-05-22,45.52,46.105,45.025,45.035,19565244,V
2013-05-23,44.595,44.8775,44.2775,44.525,16836868,V
2013-05-24,44.47,45.275,44.225,45.1125,12306180,V
2013-05-28,45.61,45.635,44.9175,45.0075,9932496,V
2013-05-29,44.805,45.05,44.5175,44.535,7490024,V
2013-05-30,44.585,45.4975,44.585,45.2575,9627708,V
2013-05-31,45.1425,45.35,44.525,44.535,12515232,V
2013-06-03,44.6875,45.17,44.3775,45.0475,15235436,V
2013-06-04,44.85,45.4375,44.675,45.05,13528012,V
2013-06-05,44.9675,45.0475,44.2152,44.305,12176748,V
2013-06-06,44.1725,44.855,44.1,44.8375,14665524,V
2013-06-07,45.1625,45.25,44.8875,44.985,13898416,V
2013-06-10,45.135,45.785,44.9075,45.5825,13784812,V
2013-06-11,45.1375,45.4875,44.89,44.915,7856292,V
2013-06-12,45.16,45.16,44.6775,44.7875,9994624,V
2013-06-13,44.7875,45.69,44.6775,45.5625,9757420,V
2013-06-14,45.5125,45.62,45.0275,45.2325,7426984,V
2013-06-17,45.58,45.93,45.375,45.5875,14778992,V
2013-06-18,45.43,46.3075,45.43,46.0025,7578924,V
2013-06-19,46.0625,46.2825,45.6325,45.6575,12220712,V
2013-06-20,45.3825,45.62,44.615,44.615,15536572,V
2013-06-21,45.0,45.375,44.7,44.875,17923692,V
2013-06-24,44.5275,44.87,43.92,44.5675,15527364,V
2013-06-25,44.95,45.345,44.625,45.1175,12721904,V
2013-06-26,45.4725,45.785,45.12,45.6625,10393064,V
2013-06-27,45.86,46.25,45.625,46.065,11102128,V
2013-06-28,46.065,46.18,45.555,45.6875,12658668,V
2013-07-01,45.975,46.865,45.9075,46.305,11615672,V
2013-07-02,46.27,46.76,46.0652,46.31,8754560,V
2013-07-03,46.045,46.86,45.9825,46.76,4532928,V
2013-07-05,47.2175,47.715,46.875,47.6975,8504916,V
2013-07-08,47.9,48.1925,47.015,47.025,16994740,V
2013-07-09,47.2375,47.3825,46.65,46.8,23331236,V
2013-07-10,46.8375,46.9528,46.4525,46.675,15690728,V
2013-07-11,47.335,47.515,46.88,47.49,14237072,V
2013-07-12,47.475,47.6825,47.2875,47.68,7790640,V
2013-07-15,47.875,47.9575,47.45,47.5625,14528948,V
2013-07-16,47.5475,47.6825,47.175,47.345,7509664,V
2013-07-17,47.11,47.4875,47.035,47.41,11118004,V
2013-07-18,47.5525,47.8498,47.4875,47.7525,5936680,V
2013-07-19,47.77,47.9975,47.3513,47.48,9051228,V
2013-07-22,47.5525,47.8275,47.3125,47.805,7930144,V
2013-07-23,47.6825,47.8675,47.135,47.145,11706188,V
2013-07-24,47.4475,47.4625,46.415,46.6875,13990840,V
2013-07-25,47.75,49.0,47.75,48.6525,21922972,V
2013-07-26,48.5,48.65,47.9575,48.3,8709024,V
2013-07-29,48.215,48.3725,47.8125,47.9925,5776980,V
2013-07-30,48.175,48.3,47.7875,47.86,13911236,V
2013-07-31,48.4375,48.725,42.7475,44.2525,90034484,V
2013-08-01,45.44,45.44,43.32,44.7925,74268860,V
2013-08-02,45.405,46.0225,45.21,46.0,21607084,V
2013-08-05,46.0,46.285,45.7,46.135,11479412,V
2013-08-06,46.0525,46.0775,45.212,45.7225,19986932,V
2013-08-07,45.3525,45.5,44.975,45.3475,15560284,V
2013-08-08,45.6025,45.6397,44.9825,45.195,9626704,V
2013-08-09,45.2,45.3368,44.89,44.9525,10028272,V
2013-08-12,44.85,44.995,44.6,44.94,13622468,V
2013-08-13,45.125,45.16,44.67,44.8075,11407020,V
2013-08-14,44.8775,45.3725,44.5875,44.5875,15339828,V
2013-08-15,44.3625,44.3725,43.3625,43.4825,17288460,V
2013-08-16,43.43,43.6825,43.09,43.2825,12612420,V
2013-08-19,43.0825,44.2225,43.0525,43.745,11982012,V
2013-08-20,43.6525,43.8175,43.225,43.305,14135724,V
2013-08-21,43.315,45.375,43.13,44.5975,30930940,V
2013-08-22,44.91,45.3575,44.255,44.73,10586888,V
2013-08-23,45.1,45.1475,44.405,44.775,9808584,V
2013-08-26,44.865,44.865,43.7425,43.75,13779620,V
2013-08-27,43.245,43.77,43.1425,43.5425,12756844,V
2013-08-28,43.3425,43.9475,43.3425,43.8025,15672060,V
2013-08-29,43.7775,44.32,43.6975,43.8425,9404832,V
2013-08-30,43.8525,43.875,43.4525,43.605,9886588,V
2013-09-03,44.0075,44.6,43.8125,44.255,12551628,V
2013-09-04,44.225,44.47,43.8125,44.0475,9753136,V
2013-09-05,44.0325,44.175,43.8075,44.0525,7406820,V
2013-09-06,44.08,44.4725,43.7625,44.1675,6697464,V
2013-09-09,44.32,44.6625,44.32,44.6375,10801516,V
2013-09-10,45.6025,46.1625,45.3325,46.1475,19507356,V
2013-09-11,46.25,46.6325,45.7275,46.5775,11006132,V
2013-09-12,46.6075,46.9525,46.265,46.265,14030192,V
2013-09-13,46.3725,47.325,46.3,47.25,16403404,V
2013-09-16,47.74,47.77,47.22,47.345,12592880,V
2013-09-17,47.33,47.975,47.1388,47.9,10400684,V
2013-09-18,47.605,48.5,47.5425,48.4125,10475392,V
2013-09-19,48.6325,49.5,48.5025,48.6775,14966568,V
2013-09-20,48.825,49.7075,48.4675,49.7075,57690908,V
2013-09-23,49.49,50.215,49.0,49.06,19551704,V
2013-09-24,49.06,49.2,48.155,48.335,15128100,V
2013-09-25,48.3175,48.5,47.67,47.89,10601924,V
2013-09-26,48.1125,48.625,47.915,48.39,9326500,V
2013-09-27,47.9975,48.4275,47.9525,48.2625,7258448,V
2013-09-30,47.7,47.99,47.5625,47.775,9568604,V
2013-10-01,47.8225,48.4025,47.5175,48.305,9384812,V
2013-10-02,47.975,48.25,47.75,47.955,8712536,V
2013-10-03,47.9975,48.0275,46.935,47.1625,19659908,V
2013-10-04,47.16,47.7875,47.0025,47.62,9366004,V
2013-10-07,46.9875,46.9875,46.58,46.5825,11800492,V
2013-10-08,46.56,47.095,45.6275,45.6325,17672340,V
2013-10-09,45.85,46.175,45.0275,45.9625,13448172,V
2013-10-10,46.485,47.28,46.3875,47.2575,10865588,V
2013-10-11,47.2,48.05,46.875,48.05,11913652,V
2013-10-14,47.5925,48.4475,47.505,48.36,8922368,V
2013-10-15,48.2575,48.604,47.8425,47.8425,10568560,V
2013-10-16,48.105,48.9525,47.96,48.9075,10382900,V
2013-10-17,48.9175,49.6875,48.8675,49.57,12606168,V
2013-10-18,49.68,50.2475,49.2375,50.1125,14387264,V
2013-10-21,50.2625,50.42,49.815,50.01,11526052,V
2013-10-22,50.0125,50.67,49.8775,49.995,12202764,V
2013-10-23,49.67,49.7769,49.295,49.7225,7476456,V
2013-10-24,49.9675,50.845,49.9025,50.7275,8886896,V
2013-10-25,50.935,50.975,50.38,50.765,11014844,V
2013-10-28,50.8925,51.125,50.6125,50.77,6857020,V
2013-10-29,50.87,51.3125,50.87,51.06,8599468,V
2013-10-30,51.215,51.225,50.41,50.955,11919760,V
2013-10-31,49.2612,49.725,48.565,49.1675,23983764,V
2013-11-01,49.7375,50.2425,49.63,49.79,13233532,V
2013-11-04,49.92,50.0,49.0475,49.105,11090132,V
2013-11-05,48.845,49.4935,48.75,49.3425,11083668,V
2013-11-06,49.685,50.0475,49.3475,49.755,8878816,V
2013-11-07,49.9925,50.09,49.025,49.025,10833184,V
2013-11-08,48.9425,49.615,48.9425,49.5725,11304848,V
2013-11-11,49.66,49.9237,49.5543,49.8175,8385020,V
2013-11-12,49.7025,49.795,49.2125,49.5675,9016572,V
2013-11-13,49.1625,49.945,49.125,49.945,8181404,V
2013-11-14,49.9825,50.0575,49.6925,50.0375,10909500,V
2013-11-15,49.94,50.635,49.935,50.5,12391592,V
2013-11-18,50.5,50.6775,49.8175,49.975,16382268,V
2013-11-19,50.0875,50.1,49.205,49.3475,14462624,V
2013-11-20,49.445,50.05,49.4175,49.53,10197220,V
2013-11-21,49.82,50.5,49.3625,50.4025,12792332,V
2013-11-22,50.425,50.585,49.96,50.53,8151780,V
2013-11-25,50.63,50.6625,50.3275,50.4825,6742700,V
2013-11-26,50.665,50.9,50.405,50.88,11255140,V
2013-11-27,50.875,51.2075,50.7575,50.9975,5939516,V
2013-11-29,51.1275,51.2675,50.865,50.865,4139016,V
2013-12-02,51.025,51.6225,51.025,51.2825,8761892,V
2013-12-03,49.9825,50.65,49.9825,50.4375,17060036,V
2013-12-04,50.445,50.8325,50.27,50.685,11762160,V
2013-12-05,50.5475,50.735,50.38,50.4275,13260616,V
2013-12-06,50.925,50.96,50.25,50.4675,9109456,V
2013-12-09,50.4438,50.675,50.34,50.3975,12671312,V
2013-12-10,50.2275,50.4225,49.8575,49.8575,15669324,V
2013-12-11,50.25,51.9775,50.25,51.415,40328072,V
2013-12-12,51.2425,51.4125,50.625,50.86,11469228,V
2013-12-13,51.1275,52.0,50.98,51.84,17687056,V
2013-12-16,52.01,52.6425,51.8225,51.9375,14793864,V
2013-12-17,52.155,53.4525,51.96,53.3125,20681576,V
2013-12-18,53.275,53.87,52.5,53.8375,16147084,V
2013-12-19,53.7325,54.4673,53.635,54.02,13401868,V
2013-12-20,54.18,54.55,53.975,53.9925,23267296,V
2013-12-23,54.2475,54.7075,54.1375,54.5075,8015428,V
2013-12-24,54.6175,54.8965,54.255,54.6825,5207644,V
2013-12-26,54.7475,55.0625,54.7475,55.05,4898860,V
2013-12-27,55.25,55.35,54.7875,54.9175,5243000,V
2013-12-30,55.1475,55.404,54.925,55.2275,5940188,V
2013-12-31,55.38,55.68,55.2575,55.67,6453264,V
2014-01-02,55.385,55.5075,54.875,55.2525,10668220,V
2014-01-03,55.4375,55.6225,55.0575,55.29,7809816,V
2014-01-06,55.295,55.5775,54.8975,54.9575,8579560,V
2014-01-07,55.1875,55.5275,55.115,55.3775,8180204,V
2014-01-08,55.355,55.75,55.16,55.555,8487180,V
2014-01-09,55.8875,56.13,55.415,55.4775,8451228,V
2014-01-10,55.46,55.685,55.0025,55.2825,6430904,V
2014-01-13,55.505,56.0463,54.6525,54.725,13554716,V
2014-01-14,54.685,55.6625,54.5825,55.6625,10851728,V
2014-01-15,55.7125,56.225,55.4575,55.94,11288588,V
2014-01-16,55.7975,55.94,55.3225,55.4425,13516640,V
2014-01-17,55.5125,58.065,55.51,58.045,38361740,V
2014-01-21,58.5975,58.875,57.705,57.9825,19770128,V
2014-01-22,58.1,58.455,57.92,58.2475,7254812,V
2014-01-23,57.915,58.0825,56.915,57.0625,13664840,V
2014-01-24,56.6,56.74,55.3125,55.3125,16094744,V
2014-01-27,55.5175,55.5175,53.78,54.055,19487536,V
2014-01-28,54.405,55.59,54.35,55.24,17866884,V
2014-01-29,54.775,55.1856,54.125,54.28,16824676,V
2014-01-30,56.4375,56.5,54.0775,55.22,20050324,V
2014-01-31,54.0325,54.725,53.7773,53.8575,24471584,V
2014-02-03,54.1275,54.4588,53.0175,53.3675,21743148,V
2014-02-04,53.54,53.97,52.845,53.635,14915444,V
2014-02-05,53.31,54.185,53.2803,53.9025,13523608,V
2014-02-06,54.02,54.7525,53.945,54.7525,12728848,V
2014-02-07,55.0475,55.5,54.615,55.445,12580416,V
2014-02-10,55.4725,55.5325,54.9975,55.1375,10318436,V
2014-02-11,55.2825,55.7225,55.0125,55.5825,9817868,V
2014-02-12,55.86,56.225,55.7225,56.0425,14656320,V
2014-02-13,55.7125,56.1875,55.615,56.0125,13158980,V
2014-02-14,56.0675,56.56,55.8775,56.5,12745548,V
2014-02-18,56.62,57.12,56.405,56.515,13428924,V
2014-02-19,56.4675,56.9475,55.92,55.97,9342232,V
2014-02-20,56.04,56.2425,55.6475,55.865,8810584,V
2014-02-21,55.9325,56.1675,55.745,55.84,9137596,V
2014-02-24,55.9325,56.8575,55.8663,56.5475,10879264,V
2014-02-25,56.5475,57.1075,56.3728,56.7775,11341748,V
2014-02-26,56.8075,56.975,56.315,56.5275,10413568,V
2014-02-27,56.5475,56.95,56.4,56.57,8106904,V
2014-02-28,56.6175,56.9975,55.175,56.485,14006976,V
2014-03-03,55.81,56.01,54.8975,55.36,16422960,V
2014-03-04,56.2875,56.4925,55.645,56.375,14939076,V
2014-03-05,56.405,56.45,55.575,55.7025,11329892,V
2014-03-06,55.94,56.5175,55.83,55.965,9125960,V
2014-03-07,56.2375,56.4325,55.885,56.39,8971584,V
2014-03-10,56.3775,56.5925,56.18,56.375,7355232,V
2014-03-11,56.4875,57.0975,56.1575,56.795,11065384,V
2014-03-12,56.53,56.92,56.3225,56.525,9400596,V
2014-03-13,56.665,56.8725,55.1075,55.195,11996536,V
2014-03-14,55.155,55.4802,54.64,55.1925,13696284,V
2014-03-17,55.4975,55.97,55.345,55.945,8809800,V
2014-03-18,56.15,56.6925,55.8125,56.6025,8304828,V
2014-03-19,56.6525,56.7725,55.5,55.955,7888832,V
2014-03-20,56.03,56.03,55.2275,55.455,11890688,V
2014-03-21,55.7425,58.1675,54.925,55.8425,38097696,V
2014-03-24,56.3475,56.5575,54.775,55.1875,18236012,V
2014-03-25,55.5475,55.76,54.6,54.6,11678368,V
2014-03-26,54.9875,55.0475,53.92,53.92,10667356,V
2014-03-27,53.7225,54.0425,53.2625,53.9425,10523928,V
2014-03-28,53.62,54.085,52.63,53.0225,14949844,V
2014-03-31,53.1975,53.965,52.9177,53.965,11639284,V
2014-04-01,54.27,54.5397,53.6375,53.675,9092024,V
2014-04-02,53.695,54.125,53.3425,53.665,9342376,V
2014-04-03,53.9475,54.07,53.345,53.7525,14227788,V
2014-04-04,53.8925,53.9275,51.4375,51.925,24484052,V
2014-04-07,51.695,51.86,50.2552,50.8525,40159600,V
2014-04-08,50.705,51.48,50.5,50.6475,21756416,V
2014-04-09,51.145,51.945,50.655,51.885,19166028,V
2014-04-10,52.065,52.2675,50.0375,50.3875,20432336,V
2014-04-11,49.8075,50.0,48.71,49.1575,29940648,V
2014-04-14,49.95,50.4875,49.5025,50.2525,20953096,V
2014-04-15,50.96,51.235,49.7925,51.0125,19233132,V
2014-04-16,51.75,52.39,51.37,52.34,15832712,V
2014-04-17,52.585,52.885,51.9875,51.9875,13379428,V
2014-04-21,52.245,52.375,52.0975,52.2825,10024080,V
2014-04-22,52.335,52.645,52.1325,52.4925,9840268,V
2014-04-23,52.575,52.575,52.0,52.205,8823036,V
2014-04-24,52.45,52.625,51.8975,52.35,13547036,V
2014-04-25,50.0,50.95,49.64,49.7325,38252420,V
2014-04-28,49.875,50.4825,49.7525,50.355,24263088,V
2014-04-29,50.4725,51.0125,50.4475,50.6675,12761224,V
2014-04-30,50.565,50.91,50.475,50.6525,12146640,V
2014-05-01,51.025,51.8275,50.84,51.5225,14273132,V
2014-05-02,51.435,51.775,51.0,51.105,10909288,V
2014-05-05,50.9375,51.97,50.75,51.7825,13794736,V
2014-05-06,51.675,51.755,51.3,51.34,10873108,V
2014-05-07,51.7525,52.25,51.1088,52.175,14733460,V
2014-05-08,52.2325,53.025,52.1525,52.725,14613708,V
2014-05-09,52.545,52.7175,52.0375,52.7025,11795560,V
2014-05-12,52.77,53.12,52.7575,52.925,8732816,V
2014-05-13,52.9975,53.1725,52.85,53.015,7137552,V
2014-05-14,52.8,52.97,52.465,52.465,6852788,V
2014-05-15,52.25,52.4225,51.605,51.8625,12698028,V
2014-05-16,51.8975,52.5225,51.8975,52.4525,12283908,V
2014-05-19,52.345,52.745,52.2125,52.59,7039712,V
2014-05-20,52.58,52.58,51.85,51.98,8752780,V
2014-05-21,52.2125,52.6673,52.1475,52.525,9096584,V
2014-05-22,52.5325,52.57,52.1737,52.3425,16870016,V
2014-05-23,52.4975,53.0675,52.4263,53.0175,11128052,V
2014-05-27,53.2475,53.63,53.205,53.625,9677532,V
2014-05-28,53.625,53.625,53.2512,53.45,7223280,V
2014-05-29,53.5,53.6725,53.375,53.6675,5260332,V
2014-05-30,53.97,53.9875,53.3325,53.7075,6142704,V
2014-06-02,53.8425,53.9225,53.21,53.38,6383700,V
2014-06-03,53.2575,53.308,52.7,52.83,9011896,V
2014-06-04,52.79,52.8575,52.3625,52.8575,12601292,V
2014-06-05,53.03,53.125,52.655,53.055,6597612,V
2014-06-06,53.1325,53.35,52.9025,53.25,10002916,V
2014-06-09,53.3725,53.4975,52.9075,53.145,5516436,V
2014-06-10,53.25,53.695,53.1875,53.5625,6851652,V
2014-06-11,53.2475,53.4775,53.03,53.17,6767444,V
2014-06-12,53.0975,53.2925,52.8075,52.9425,6218044,V
2014-06-13,52.9675,53.0175,52.7125,52.8225,7085204,V
2014-06-16,52.72,52.7475,52.4925,52.56,7909296,V
2014-06-17,52.535,52.98,52.475,52.7025,5728516,V
2014-06-18,52.6125,52.8125,52.2575,52.8125,10332768,V
2014-06-19,52.8675,53.04,52.005,52.58,15331316,V
2014-06-20,52.88,53.03,52.275,52.3725,18371640,V
2014-06-23,52.25,52.4525,52.045,52.3675,14765224,V
2014-06-24,52.3175,52.6475,51.845,51.9475,13101672,V
2014-06-25,51.8275,52.6225,51.8275,52.265,8256540,V
2014-06-26,52.4575,52.465,51.89,52.24,8580608,V
2014-06-27,52.025,52.475,51.9637,52.32,12961296,V
2014-06-30,52.165,52.935,52.125,52.6775,9985672,V
2014-07-01,52.9875,53.8375,52.9575,53.5625,10995284,V
2014-07-02,53.72,53.8725,53.5625,53.71,5780668,V
2014-07-03,53.8275,54.25,53.775,54.1275,5571640,V
2014-07-07,54.1075,54.3875,53.91,54.185,6634548,V
2014-07-08,54.1925,54.2225,53.2875,53.815,12158064,V
2014-07-09,53.875,54.07,53.6275,54.04,5178168,V
2014-07-10,53.45,54.2225,53.169,53.885,8536704,V
2014-07-11,53.9875,54.26,53.5925,54.25,5715920,V
2014-07-14,54.6875,55.59,54.4125,55.2575,13725012,V
2014-07-15,55.4175,56.1875,55.225,55.445,10902016,V
2014-07-16,55.735,55.79,55.27,55.6675,8854088,V
2014-07-17,55.485,55.5,54.4575,54.47,9832240,V
2014-07-18,54.795,55.4725,54.73,55.05,11083592,V
2014-07-21,54.8825,55.0325,54.6275,54.805,6175328,V
2014-07-22,55.23,55.6475,55.1525,55.315,7699120,V
2014-07-23,55.3725,55.635,55.17,55.3,8198896,V
2014-07-24,55.8475,55.9625,55.4575,55.685,11947576,V
2014-07-25,53.525,54.175,52.835,53.6925,27530272,V
2014-07-28,53.605,53.74,53.28,53.555,10405248,V
2014-07-29,53.6,53.9275,53.3325,53.375,10581464,V
2014-07-30,53.3725,53.6975,53.3613,53.515,10435520,V
2014-07-31,53.3175,53.34,52.7525,52.7525,13875508,V
2014-08-01,52.4675,53.265,52.445,52.9525,14100508,V
2014-08-04,53.2125,53.2925,52.88,53.04,8089004,V
2014-08-05,52.875,53.0975,52.2925,52.635,11151220,V
2014-08-06,52.495,52.845,52.4525,52.6725,7528464,V
2014-08-07,52.795,52.863,52.15,52.26,9586516,V
2014-08-08,52.22,52.6375,52.0525,52.615,9272652,V
2014-08-11,52.76,52.804,52.5075,52.645,9029432,V
2014-08-12,52.5225,52.8,52.3625,52.575,6442016,V
2014-08-13,52.7375,53.025,52.615,52.8575,6451148,V
2014-08-14,53.0225,53.1475,52.8275,53.13,7136780,V
2014-08-15,53.2225,53.33,52.4825,52.5475,8999448,V
2014-08-18,52.8725,53.6075,52.8175,53.58,8365424,V
2014-08-19,53.6875,53.9225,53.5326,53.75,8220116,V
2014-08-20,53.645,54.11,53.6075,54.05,7296988,V
2014-08-21,54.125,54.2425,53.9275,53.9375,5552508,V
2014-08-22,54.05,54.2375,53.825,54.0225,7163140,V
2014-08-25,54.3,54.33,53.9625,54.005,4963256,V
2014-08-26,54.1225,54.5,54.045,54.1825,6943976,V
2014-08-27,54.28,54.3825,53.8227,54.2825,8035580,V
2014-08-28,53.75,53.935,53.4425,53.65,11083456,V
2014-08-29,53.64,53.75,53.025,53.13,14646068,V
2014-09-02,53.3525,53.7425,53.1775,53.6825,8077416,V
2014-09-03,53.7675,54.04,53.5775,53.725,7788888,V
2014-09-04,53.86,54.03,53.5,53.565,9492552,V
2014-09-05,53.59,53.5925,53.275,53.5525,8202964,V
2014-09-08,53.5025,54.055,53.375,53.9425,10275216,V
2014-09-09,53.8225,53.8675,53.5,53.57,7328820,V
2014-09-10,53.5175,54.6625,53.51,54.22,12646876,V
2014-09-11,54.175,54.1875,53.6125,53.7375,8873840,V
2014-09-12,53.72,53.9375,53.1875,53.51,8710976,V
2014-09-15,53.4625,53.9025,53.4625,53.66,7039100,V
2014-09-16,53.7275,54.445,53.4125,54.325,9212124,V
2014-09-17,54.25,54.3725,53.425,53.8825,12327612,V
2014-09-18,53.9825,54.17,53.7863,54.11,9228532,V
2014-09-19,54.4225,54.5375,53.8725,54.0625,20475552,V
2014-09-22,54.245,54.245,53.4375,53.47,9079768,V
2014-09-23,53.475,53.475,53.115,53.115,7963564,V
2014-09-24,53.195,53.75,53.0625,53.6025,8339704,V
2014-09-25,53.51,53.5675,52.6051,52.6775,11732268,V
2014-09-26,52.8625,53.0545,52.64,52.985,7179304,V
2014-09-29,52.5525,52.865,52.28,52.7325,8788964,V
2014-09-30,52.7925,53.5057,52.755,53.3425,11464748,V
2014-10-01,53.2125,53.4525,52.4375,52.5025,11687260,V
2014-10-02,52.25,52.5,51.95,52.43,11412336,V
2014-10-03,52.7575,53.075,52.545,52.9975,9966504,V
2014-10-06,53.1475,53.2875,52.915,52.9475,8937896,V
2014-10-07,52.7025,52.7725,51.9625,52.0125,8950228,V
2014-10-08,52.0075,53.135,51.925,53.09,14039212,V
2014-10-09,53.0525,53.0525,51.895,51.9275,10997968,V
2014-10-10,51.9725,52.3925,51.245,51.245,11750448,V
2014-10-13,51.125,51.9375,50.93,51.07,12203956,V
2014-10-14,51.1025,51.475,50.61,50.68,14018232,V
2014-10-15,50.215,50.4925,49.2375,50.0625,19668072,V
2014-10-16,49.2725,50.8025,48.7975,50.75,15625440,V
2014-10-17,51.21,51.6425,50.8925,51.5,12731560,V
2014-10-20,51.3825,52.05,51.285,51.9625,7634976,V
2014-10-21,52.445,53.345,51.975,53.3275,12985940,V
2014-10-22,53.3225,53.4875,52.6925,52.73,11042152,V
2014-10-23,53.4675,53.975,53.17,53.57,9729692,V
2014-10-24,53.4075,53.5375,52.965,53.37,10904308,V
2014-10-27,53.265,53.6825,53.0525,53.3525,6658908,V
2014-10-28,53.6525,54.215,53.515,54.1775,10517288,V
2014-10-29,54.0775,54.6,53.4375,53.665,16095252,V
2014-10-30,57.1325,59.82,57.005,59.1625,50857784,V
2014-10-31,59.3225,60.625,59.3225,60.3575,24956304,V
2014-11-03,60.245,60.8,59.75,60.385,12726516,V
2014-11-04,59.9125,60.7525,59.775,60.7425,16644508,V
2014-11-05,61.04,63.085,61.0,62.3825,21939764,V
2014-11-06,62.3775,62.725,61.885,62.5225,13212028,V
2014-11-07,62.53,63.1075,62.26,63.1075,9507780,V
2014-11-10,62.995,63.1,62.1325,62.5525,13145396,V
2014-11-11,62.295,62.47,62.04,62.4325,8467776,V
2014-11-12,62.2125,63.04,62.085,62.9875,10897364,V
2014-11-13,63.1,63.1,62.3975,62.73,12473228,V
2014-11-14,62.785,62.79,62.1825,62.21,8532652,V
2014-11-17,62.145,62.8575,62.04,62.45,9876892,V
2014-11-18,62.4475,62.933,62.2675,62.4325,7648780,V
2014-11-19,62.5575,62.7075,61.7975,62.465,6642908,V
2014-11-20,61.8825,62.9725,61.8775,62.9175,6703860,V
2014-11-21,63.785,64.14,63.205,63.555,11886820,V
2014-11-24,63.75,63.8125,63.4,63.655,10724816,V
2014-11-25,63.84,64.5,63.705,64.315,12966300,V
2014-11-26,64.37,64.7375,63.9001,64.315,7978696,V
2014-11-28,64.6462,64.875,64.475,64.5475,5186708,V
2014-12-01,64.0675,65.1625,64.0675,64.5375,10925548,V
2014-12-02,64.7925,65.0625,64.5563,65.0025,8535316,V
2014-12-03,64.91,65.47,64.6725,65.4,9382216,V
2014-12-04,65.52,65.5625,65.013,65.285,7403544,V
2014-12-05,65.41,65.8725,65.25,65.8375,7837856,V
2014-12-08,65.875,66.4075,65.63,65.775,12342300,V
2014-12-09,64.875,66.1825,64.875,66.035,10454000,V
2014-12-10,65.945,66.21,65.25,65.43,8551652,V
2014-12-11,65.7375,66.395,65.6275,65.78,13383756,V
2014-12-12,65.1325,66.1125,64.195,64.195,15338560,V
2014-12-15,64.5425,64.7125,63.2725,64.175,12831172,V
2014-12-16,63.23,64.6125,63.0875,63.3525,12050340,V
2014-12-17,63.53,64.89,63.425,64.77,9726832,V
2014-12-18,65.46,66.1125,65.285,66.04,10318072,V
2014-12-19,65.84,66.145,65.345,65.4175,15563548,V
2014-12-22,65.605,66.0775,65.5075,66.0525,5703328,V
2014-12-23,66.2525,66.605,66.015,66.315,5539252,V
2014-12-24,66.3725,67.2125,66.345,66.9075,5237588,V
2014-12-26,66.9075,67.33,66.655,66.655,4768856,V
2014-12-29,66.62,66.925,66.2625,66.3575,5262444,V
2014-12-30,66.275,66.345,65.7705,66.1375,4781420,V
2014-12-31,66.37,66.8125,65.545,65.55,6032496,V
2015-01-02,65.845,66.6875,65.6225,66.255,8394080,V
2015-01-05,65.8725,65.875,64.7163,64.7925,12751200,V
2015-01-06,64.9475,65.195,63.7137,64.375,11070492,V
2015-01-07,64.61,65.285,64.3625,65.2375,9346840,V
2015-01-08,65.8,66.28,65.6575,66.1125,10443656,V
2015-01-09,65.9025,66.117,64.9426,65.1325,10523504,V
2015-01-12,65.26,65.5,64.785,65.005,6425516,V
2015-01-13,65.505,66.4525,64.7775,65.195,10283952,V
2015-01-14,64.16,64.65,63.53,63.89,12225292,V
2015-01-15,64.1775,64.3675,63.09,63.2825,10584704,V
2015-01-16,62.975,63.775,62.875,63.7375,11137144,V
2015-01-20,64.055,64.9225,63.565,64.21,14933704,V
2015-01-21,64.04,64.9075,63.625,64.32,9784004,V
2015-01-22,63.8625,64.75,63.3425,64.4,11565944,V
2015-01-23,64.63,65.1625,64.545,64.5725,6166604,V
2015-01-26,64.235,64.3225,63.45,64.1325,8552504,V
2015-01-27,63.4475,63.4475,62.145,62.7475,11027748,V
2015-01-28,63.1325,63.2525,61.575,61.59,11430860,V
2015-01-29,61.8825,62.2,61.2925,62.0,15668440,V
2015-01-30,65.1,65.9046,63.7275,63.7275,22151504,V
2015-02-02,64.0775,64.0775,62.425,63.835,13667040,V
2015-02-03,64.1775,65.1125,63.685,64.9475,15075516,V
2015-02-04,64.8975,66.6825,64.775,66.2225,22170932,V
2015-02-05,66.8125,67.95,66.475,67.95,16565612,V
2015-02-06,67.9375,68.1125,66.51,66.855,11241908,V
2015-02-09,66.8525,67.085,66.32,66.365,7834464,V
2015-02-10,66.6875,66.9675,65.9067,66.1375,9396996,V
2015-02-11,66.245,66.575,66.0625,66.4975,8795424,V
2015-02-12,66.905,67.7275,66.765,67.7275,11641792,V
2015-02-13,68.1875,68.1875,67.195,67.4075,8477504,V
2015-02-17,67.87,67.9975,67.4675,67.7175,6811388,V
2015-02-18,67.7175,67.75,67.0375,67.28,6429320,V
2015-02-19,67.5175,67.5175,67.0,67.275,5654804,V
2015-02-20,67.26,68.25,66.765,68.25,9034712,V
2015-02-23,68.24,68.33,67.5625,68.2525,6654672,V
2015-02-24,68.4525,68.4525,67.7925,68.1175,9049176,V
2015-02-25,67.815,68.5575,67.815,68.2525,6842864,V
2015-02-26,68.3,68.625,68.005,68.4375,13459712,V
2015-02-27,68.3675,68.5475,67.8275,67.8275,7965388,V
2015-03-02,69.1775,69.5725,68.61,69.5725,11653460,V
2015-03-03,69.6625,69.6625,68.375,68.825,8807124,V
2015-03-04,68.7875,68.7875,68.0625,68.4375,8021344,V
2015-03-05,68.75,68.785,68.4375,68.5325,6756076,V
2015-03-06,68.35,68.62,67.3125,67.335,11590692,V
2015-03-09,67.63,68.0525,67.27,67.855,8903900,V
2015-03-10,67.41,67.465,66.3,66.3,11125520,V
2015-03-11,66.4075,66.845,65.7625,66.1875,12105228,V
2015-03-12,66.6,67.5,66.575,67.395,9530808,V
2015-03-13,67.21,67.21,66.125,66.2575,12583356,V
2015-03-16,66.7225,67.5125,66.6575,67.255,9849580,V
2015-03-17,67.015,67.09,66.035,66.125,14290636,V
2015-03-18,66.0225,66.995,64.7525,66.9175,50657992,V
2015-03-19,66.83,67.19,65.75,66.81,15407485,V
2015-03-20,67.25,67.7,66.78,67.41,15372026,V
2015-03-23,68.03,68.21,67.07,67.08,8128038,V
2015-03-24,67.1,67.69,66.84,67.1,6534817,V
2015-03-25,67.1,67.43,65.73,65.73,13054254,V
2015-03-26,65.25,66.3,65.02,65.59,9487207,V
2015-03-27,65.52,65.81,65.15,65.54,6521105,V
2015-03-30,66.02,66.32,65.5,65.66,11237071,V
2015-03-31,65.47,66.205,65.39,65.41,7400471,V
2015-04-01,65.45,65.5195,64.45,65.18,7632997,V
2015-04-02,64.99,65.62,64.81,65.29,5083011,V
2015-04-06,64.73,65.64,64.4105,65.2,8351174,V
2015-04-07,65.38,66.19,65.31,65.8,6660777,V
2015-04-08,65.89,66.84,65.8,66.5,6604178,V
2015-04-09,66.57,66.82,65.76,66.44,5408457,V
2015-04-10,66.69,66.69,65.93,66.34,4628805,V
2015-04-13,66.22,66.8,65.51,65.61,5059770,V
2015-04-14,65.52,65.94,64.88,65.53,5621787,V
2015-04-15,65.6,65.91,65.3,65.68,5347147,V
2015-04-16,65.53,66.01,65.35,65.65,4121327,V
2015-04-17,65.1,65.5,64.35,64.52,11212862,V
2015-04-20,65.0,65.21,64.58,64.72,5948900,V
2015-04-21,65.03,65.83,64.99,65.35,9619744,V
2015-04-22,65.82,69.98,65.79,68.01,20912410,V
2015-04-23,68.2,68.2199,67.52,67.72,7193418,V
2015-04-24,68.13,68.18,67.31,67.48,6219940,V
2015-04-27,68.39,68.61,66.9301,67.1,7122407,V
2015-04-28,67.31,67.5,66.41,66.77,6297484,V
2015-04-29,66.86,68.46,66.78,67.34,9812432,V
2015-04-30,67.18,67.5,65.42,66.05,11780629,V
2015-05-01,65.22,66.66,65.15,65.77,10142798,V
2015-05-04,66.05,66.14,65.47,65.58,7426362,V
2015-05-05,65.77,66.39,65.6,65.96,8099808,V
2015-05-06,66.15,66.65,65.23,65.67,7084552,V
2015-05-07,65.58,66.78,65.5375,66.58,6660325,V
2015-05-08,67.14,70.1599,67.01,69.47,18359045,V
2015-05-11,69.3,69.7,68.79,69.02,10998489,V
2015-05-12,68.55,69.0,67.97,68.69,7438183,V
2015-05-13,68.75,68.88,68.19,68.65,5130304,V
2015-05-14,68.96,70.03,68.85,70.0,6491067,V
2015-05-15,70.1,70.69,69.311,69.57,7121014,V
2015-05-18,69.74,70.24,69.13,70.0,5554915,V
2015-05-19,70.14,70.5625,70.0,70.16,4351021,V
2015-05-20,70.25,70.32,69.48,69.78,4870062,V
2015-05-21,69.55,69.87,69.28,69.37,6483841,V
2015-05-22,69.3,69.85,69.3,69.62,4511698,V
2015-05-26,69.31,69.499,68.31,68.54,6228123,V
2015-05-27,68.85,69.74,68.5,69.49,7064824,V
2015-05-28,69.48,69.78,68.8,69.56,3894955,V
2015-05-29,69.33,69.6043,68.5151,68.68,6678126,V
2015-06-01,69.13,69.45,68.43,69.11,6309379,V
2015-06-02,68.73,69.46,68.01,69.04,4458019,V
2015-06-03,69.26,69.5,68.89,68.95,4906437,V
2015-06-04,68.63,69.145,68.025,68.21,6460018,V
2015-06-05,68.29,68.6998,68.0,68.37,4413051,V
2015-06-08,68.19,68.29,67.62,67.68,4864250,V
2015-06-09,67.67,68.09,67.5283,67.95,4439728,V
2015-06-10,68.22,69.67,68.11,69.63,6807778,V
2015-06-11,69.7,70.02,69.4152,69.64,5238730,V
2015-06-12,69.43,69.7383,69.02,69.33,4900741,V
2015-06-15,68.72,68.99,68.17,68.57,5995111,V
2015-06-16,68.45,69.17,68.2903,69.01,5937366,V
2015-06-17,69.11,69.41,68.511,68.75,7818293,V
2015-06-18,68.9,69.84,68.88,69.5,7596781,V
2015-06-19,69.27,69.33,68.48,68.69,8728814,V
2015-06-22,69.32,69.44,68.9,69.09,5511724,V
2015-06-23,69.1,69.5899,69.09,69.42,3888705,V
2015-06-24,69.11,69.4,68.76,68.86,4670595,V
2015-06-25,69.38,69.38,68.51,68.62,4705090,V
2015-06-26,68.7,69.21,68.41,68.75,7025589,V
2015-06-29,67.99,68.49,66.69,66.72,9706735,V
2015-06-30,67.34,67.48,66.76,67.15,6811014,V
2015-07-01,67.94,68.3,67.53,67.85,6260775,V
2015-07-02,68.15,68.32,67.62,68.24,5053044,V
2015-07-06,67.55,68.12,67.36,68.12,5270623,V
2015-07-07,68.11,68.2,66.53,67.77,6500716,V
2015-07-08,67.01,67.32,66.65,66.73,5973457,V
2015-07-09,67.65,67.9399,67.02,67.05,4837767,V
2015-07-10,67.98,68.54,67.91,68.42,5110161,V
2015-07-13,69.05,69.6,68.83,69.52,6832321,V
2015-07-14,69.97,70.3,69.47,70.1,5635409,V
2015-07-15,70.13,70.28,69.69,70.02,4506241,V
2015-07-16,70.43,70.59,69.97,70.57,6512488,V
2015-07-17,70.4,70.96,70.28,70.88,6287563,V
2015-07-20,71.29,73.0,71.23,72.7,10198462,V
2015-07-21,72.844,72.88,71.76,72.02,10919600,V
2015-07-22,71.94,72.15,71.62,71.97,6303165,V
2015-07-23,72.2,72.25,71.2,71.75,10755749,V
2015-07-24,76.78,76.92,74.4,74.8,21196114,V
2015-07-27,74.28,74.7099,73.582,73.86,10293792,V
2015-07-28,74.3,75.18,73.85,74.74,10054266,V
2015-07-29,74.95,76.43,74.67,76.01,13746934,V
2015-07-30,75.89,76.76,75.24,76.38,6506995,V
2015-07-31,76.45,76.51,75.32,75.34,8526346,V
2015-08-03,75.59,76.04,75.01,75.77,5810801,V
2015-08-04,75.53,76.08,75.03,75.27,6957856,V
2015-08-05,76.05,76.17,74.92,74.98,6976371,V
2015-08-06,75.3,75.42,73.55,73.58,7767766,V
2015-08-07,73.68,74.31,73.32,74.21,6484583,V
2015-08-10,74.89,75.18,73.85,74.38,6183517,V
2015-08-11,73.81,74.27,73.22,73.36,6475970,V
2015-08-12,72.87,73.835,72.39,73.54,7656064,V
2015-08-13,73.43,74.425,73.38,73.93,5992012,V
2015-08-14,73.85,74.4,73.45,74.22,3861503,V
2015-08-17,74.0,74.44,73.5,74.41,3473502,V
2015-08-18,74.26,74.73,74.01,74.47,6325531,V
2015-08-19,74.2,74.96,73.67,74.4,5886855,V
2015-08-20,73.56,74.53,72.81,73.95,12082313,V
2015-08-21,72.5,73.62,70.96,71.19,15752243,V
2015-08-24,64.16,71.06,60.0,68.36,20950616,V
2015-08-25,71.69,71.8,66.6,66.97,14485048,V
2015-08-26,69.37,70.99,67.9,70.69,12219954,V
2015-08-27,71.94,72.49,70.8,72.4,9122241,V
2015-08-28,72.1,72.665,71.6,72.46,6411408,V
2015-08-31,71.91,72.085,70.82,71.3,8313310,V
2015-09-01,69.41,70.39,68.5,68.96,11491455,V
2015-09-02,69.94,69.95,68.7,69.62,9217978,V
2015-09-03,70.45,71.085,69.99,70.4,9035174,V
2015-09-04,69.29,69.91,68.64,69.16,9469404,V
2015-09-08,70.75,71.01,69.55,70.53,7984865,V
2015-09-09,70.75,71.375,69.43,69.6,9022190,V
2015-09-10,69.5,70.65,69.46,70.23,7244174,V
2015-09-11,69.86,70.81,69.4575,70.76,6452146,V
2015-09-14,70.72,70.8,69.615,70.01,7059339,V
2015-09-15,70.48,70.7467,69.51,70.51,6962608,V
2015-09-16,70.45,71.11,70.05,70.99,8207593,V
2015-09-17,71.3,72.32,70.5,70.96,7663296,V
2015-09-18,69.82,70.81,69.71,69.79,14508062,V
2015-09-21,70.62,71.32,70.22,70.78,12756516,V
2015-09-22,70.0,70.39,69.31,70.25,11394027,V
2015-09-23,70.16,71.145,69.9,70.95,10655796,V
2015-09-24,70.35,70.63,69.64,70.24,8406708,V
2015-09-25,71.19,71.46,70.21,70.69,7756572,V
2015-09-28,70.19,70.28,67.03,67.2,15261204,V
2015-09-29,67.52,68.7,67.2,68.53,11326665,V
2015-09-30,69.32,69.66,68.26,69.66,9309180,V
2015-10-01,70.09,70.77,68.98,69.99,8679888,V
2015-10-02,68.8,70.73,68.36,70.67,7460435,V
2015-10-05,71.06,72.34,70.92,72.23,7286755,V
2015-10-06,72.22,72.54,71.83,72.08,5782470,V
2015-10-07,72.68,73.23,72.45,73.22,6273559,V
2015-10-08,73.0,73.93,72.83,73.9,5713137,V
2015-10-09,74.04,74.0899,73.4,73.98,5947767,V
2015-10-12,73.74,75.43,73.67,74.99,5586253,V
2015-10-13,74.46,75.25,74.15,75.0,7439403,V
2015-10-14,74.84,75.26,73.72,74.2,7568289,V
2015-10-15,74.96,75.41,74.58,75.34,6856217,V
2015-10-16,75.33,76.54,74.79,76.0,9117387,V
2015-10-19,75.93,77.325,75.93,76.99,9952627,V
2015-10-20,76.64,76.89,75.93,76.28,8148823,V
2015-10-21,76.94,76.94,75.31,75.46,7323764,V
2015-10-22,75.89,76.85,75.64,76.42,9093433,V
2015-10-23,77.46,77.63,74.95,77.07,11971306,V
2015-10-26,78.08,78.31,77.09,78.18,8019362,V
2015-10-27,78.03,78.18,77.055,77.52,9527422,V
2015-10-28,77.82,78.89,77.44,78.87,10850221,V
2015-10-29,78.59,78.71,77.93,78.51,7648608,V
2015-10-30,78.72,78.81,77.56,77.58,11186481,V
2015-11-02,75.19,76.21,74.53,75.22,29965980,V
2015-11-03,75.13,78.58,74.81,77.9,18899902,V
2015-11-04,78.37,78.83,77.9,78.35,8640849,V
2015-11-05,78.42,79.71,78.42,79.26,9392585,V
2015-11-06,79.57,79.57,78.32,78.75,8221596,V
2015-11-09,78.4,78.4,77.29,78.04,10157285,V
2015-11-10,77.65,79.53,77.61,79.48,8440283,V
2015-11-11,79.85,80.25,79.17,79.18,8024387,V
2015-11-12,78.86,79.1495,78.14,78.31,8939839,V
2015-11-13,78.02,78.97,77.77,78.11,9913239,V
2015-11-16,77.79,78.91,77.58,78.9,7804955,V
2015-11-17,78.94,79.275,78.47,78.83,6942598,V
2015-11-18,78.96,80.5,78.74,80.46,7212397,V
2015-11-19,80.6,81.01,79.85,80.15,6082166,V
2015-11-20,80.59,81.0,79.98,80.19,6764313,V
2015-11-23,80.59,80.78,79.56,80.11,5910579,V
2015-11-24,79.23,80.2,79.21,79.79,6040756,V
2015-11-25,79.78,80.09,79.56,79.56,4268669,V
2015-11-27,79.64,80.15,79.61,79.84,3139602,V
2015-11-30,80.06,80.13,78.96,79.01,8874643,V
2015-12-01,79.53,79.93,78.765,79.91,6702065,V
2015-12-02,79.83,80.15,78.97,79.04,7309979,V
2015-12-03,79.36,79.77,78.08,78.29,8689600,V
2015-12-04,78.58,80.4,78.45,80.4,9944571,V
2015-12-07,80.13,80.49,79.07,79.55,15262382,V
2015-12-08,78.98,79.67,78.36,79.07,11343973,V
2015-12-09,78.83,79.75,77.3975,77.88,15361478,V
2015-12-10,77.91,79.11,77.625,78.12,8717058,V
2015-12-11,77.14,77.14,75.52,76.11,15623258,V
2015-12-14,76.2,77.33,75.58,76.87,10360978,V
2015-12-15,78.37,79.45,78.21,78.62,11355315,V
2015-12-16,79.45,79.98,78.15,79.86,10497510,V
2015-12-17,79.98,80.28,78.63,78.69,7555339,V
2015-12-18,78.04,78.19,76.28,76.32,16271171,V
2015-12-21,76.9,77.36,76.4,77.17,8442145,V
2015-12-22,77.43,77.4899,76.66,77.38,5699106,V
2015-12-23,78.08,78.6639,77.56,78.56,6335907,V
2015-12-24,78.35,78.71,78.18,78.26,2188783,V
2015-12-28,78.04,78.65,77.82,78.53,3680933,V
2015-12-29,79.0,79.39,78.9,79.21,4627142,V
2015-12-30,79.07,79.19,78.255,78.35,4230445,V
2015-12-31,78.24,78.8,77.55,77.55,6538335,V
2016-01-04,76.06,76.38,75.01,75.7,13476760,V
2016-01-05,76.25,76.51,75.54,76.27,8972650,V
2016-01-06,75.0,75.85,74.85,75.27,16092022,V
2016-01-07,73.76,75.09,73.35,73.79,12470822,V
2016-01-08,74.06,74.51,72.75,72.88,9977557,V
2016-01-11,73.11,74.08,72.66,73.92,13069486,V
2016-01-12,74.52,75.0,74.02,74.76,10236921,V
2016-01-13,75.27,75.39,72.99,73.1,12659586,V
2016-01-14,73.15,74.52,72.66,73.8,10426162,V
2016-01-15,71.94,72.95,70.66,71.83,18470454,V
2016-01-19,72.94,73.02,70.66,71.39,16009579,V
2016-01-20,69.96,71.41,69.04,70.68,16586004,V
2016-01-21,70.72,72.33,70.1,71.56,11931171,V
2016-01-22,72.67,73.18,72.13,72.7,8652558,V
2016-01-25,72.76,72.91,71.58,71.74,9126184,V
2016-01-26,72.18,72.27,71.55,71.88,7500186,V
2016-01-27,71.98,72.48,70.58,70.91,9020505,V
2016-01-28,71.42,71.85,69.33,69.33,15295612,V
2016-01-29,70.43,74.5,68.76,74.49,40427768,V
2016-02-01,74.08,74.78,73.25,74.38,12623493,V
2016-02-02,73.5,74.2061,73.13,73.4,9572667,V
2016-02-03,73.76,74.625,72.43,74.38,9941917,V
2016-02-04,74.1,74.63,72.755,73.68,14735704,V
2016-02-05,73.56,73.61,70.55,71.54,12939383,V
2016-02-08,69.95,70.04,66.3,67.77,30542608,V
2016-02-09,66.39,69.48,66.12,68.33,14882767,V
2016-02-10,69.14,71.03,69.07,70.15,11369543,V
2016-02-11,67.79,69.07,67.425,68.47,13962057,V
2016-02-12,69.44,70.47,69.12,70.42,8710244,V
2016-02-16,71.41,71.75,70.395,71.1,8780670,V
2016-02-17,71.73,72.12,71.3,72.03,8494095,V
2016-02-18,71.89,72.25,71.0208,71.24,6938144,V
2016-02-19,71.03,71.72,70.3,71.53,7750898,V
2016-02-22,72.3,73.19,72.1,73.06,7481531,V
2016-02-23,72.95,73.1224,71.99,72.15,6177031,V
2016-02-24,71.25,72.195,70.38,71.85,7728583,V
2016-02-25,71.96,73.34,71.935,73.27,6840918,V
2016-02-26,73.74,73.91,72.69,72.73,6714095,V
2016-02-29,72.86,73.895,72.39,72.39,7786082,V
2016-03-01,72.99,74.64,72.9,74.64,8705314,V
2016-03-02,74.5,74.6,73.66,74.3,5739136,V
2016-03-03,74.48,74.5,73.36,73.91,6588268,V
2016-03-04,74.22,74.25,73.61,73.9,9475258,V
2016-03-07,73.39,73.45,71.35,71.94,16671856,V
2016-03-08,71.5,71.52,70.51,70.62,12394402,V
2016-03-09,71.0,71.082,69.9,70.68,9291563,V
2016-03-10,71.14,71.399,69.58,70.22,10135051,V
2016-03-11,71.15,72.009,70.68,71.63,9466361,V
2016-03-14,71.6,71.72,70.95,71.49,7916550,V
2016-03-15,71.18,71.91,70.66,71.91,6442828,V
2016-03-16,71.68,72.83,71.51,72.37,7561777,V
2016-03-17,72.28,73.67,72.17,73.14,7410874,V
2016-03-18,73.5,74.1,73.13,73.78,15026196,V
2016-03-21,73.58,73.94,73.15,73.77,7397407,V
2016-03-22,73.24,73.65,72.93,72.96,6796807,V
2016-03-23,72.95,74.1693,72.77,73.91,7287120,V
2016-03-24,73.65,74.16,73.4101,74.14,6303855,V
2016-03-28,74.14,74.27,73.72,74.08,7283310,V
2016-03-29,74.02,75.59,73.92,75.38,10541504,V
2016-03-30,75.9,77.0,75.84,76.78,9691857,V
2016-03-31,76.62,76.92,75.95,76.48,7490770,V
2016-04-01,76.25,78.25,75.8,77.59,10183430,V
2016-04-04,77.97,78.3099,77.53,77.83,6905791,V
2016-04-05,77.14,77.47,76.585,76.97,6012003,V
2016-04-06,77.08,78.28,77.0,78.21,6220442,V
2016-04-07,77.71,77.98,77.19,77.58,7542091,V
2016-04-08,78.08,78.62,77.812,78.03,5327470,V
2016-04-11,78.36,78.78,77.77,77.82,5957176,V
2016-04-12,77.72,78.55,77.65,78.52,5963021,V
2016-04-13,79.03,79.93,78.91,79.71,9187302,V
2016-04-14,79.76,80.67,79.31,80.33,11470291,V
2016-04-15,80.25,80.69,79.9,80.08,7186655,V
2016-04-18,80.2,81.55,79.83,81.45,7761240,V
2016-04-19,81.5,81.73,80.37,80.75,8324721,V
2016-04-20,80.88,81.64,80.55,81.15,8521341,V
2016-04-21,81.5,81.67,80.675,80.79,9536936,V
2016-04-22,78.0,79.355,77.28,79.11,18216044,V
2016-04-25,78.69,78.84,77.82,78.14,11184600,V
2016-04-26,78.45,78.7,78.11,78.53,6071828,V
2016-04-27,78.41,79.0,78.17,78.76,6319411,V
2016-04-28,78.35,79.27,77.6,77.68,8322598,V
2016-04-29,77.52,78.01,76.86,77.24,8092698,V
2016-05-02,77.81,78.47,77.16,78.46,7636765,V
2016-05-03,77.43,78.36,76.93,77.19,7666257,V
2016-05-04,76.56,77.38,76.35,77.07,8853996,V
2016-05-05,77.14,77.7,77.01,77.36,6002253,V
2016-05-06,77.23,77.8,76.78,77.72,6172569,V
2016-05-09,77.69,78.36,77.58,78.22,9242313,V
2016-05-10,78.42,79.33,78.41,79.21,6802592,V
2016-05-11,79.14,79.33,77.29,77.3,8432461,V
2016-05-12,77.8,78.19,77.07,77.89,7512769,V
2016-05-13,77.71,78.28,76.83,76.83,7562720,V
2016-05-16,77.02,78.055,76.96,77.8,8597943,V
2016-05-17,77.57,77.92,76.52,76.79,7169929,V
2016-05-18,76.71,77.88,76.4,77.43,6288521,V
2016-05-19,76.87,77.25,76.22,76.88,5552176,V
2016-05-20,77.34,78.04,77.18,77.67,6302077,V
2016-05-23,77.76,77.99,77.14,77.21,5934308,V
2016-05-24,77.66,79.5,77.66,79.38,7582311,V
2016-05-25,79.5,79.67,78.95,79.06,5849768,V
2016-05-26,79.4,79.4,78.87,79.0,4284037,V
2016-05-27,78.84,79.66,78.84,79.66,4374565,V
2016-05-31,79.86,79.87,78.76,78.94,8639598,V
2016-06-01,78.69,79.315,78.57,79.22,4507035,V
2016-06-02,79.27,79.95,78.93,79.95,5627533,V
2016-06-03,79.55,80.2,79.16,79.94,7628027,V
2016-06-06,80.29,80.9,80.17,80.54,7620131,V
2016-06-07,80.7,81.0,80.54,80.6,5515733,V
2016-06-08,80.6,81.71,80.47,81.65,8860853,V
2016-06-09,81.23,81.54,80.9763,81.26,6670927,V
2016-06-10,80.75,80.75,79.84,80.18,7859907,V
2016-06-13,79.0,80.18,78.38,78.4,10424584,V
2016-06-14,78.12,78.75,77.96,78.57,7891725,V
2016-06-15,78.57,78.84,78.05,78.17,7423966,V
2016-06-16,77.89,78.52,77.14,78.35,9650828,V
2016-06-17,78.32,78.33,76.83,76.99,14602150,V
2016-06-20,78.3,78.38,77.32,77.34,9957495,V
2016-06-21,77.81,78.01,77.15,77.33,9200991,V
2016-06-22,77.58,77.76,76.53,76.53,9626738,V
2016-06-23,77.76,78.24,76.87,78.23,13566150,V
2016-06-24,74.8,76.04,74.45,75.05,18374978,V
2016-06-27,74.18,74.58,73.25,73.34,16346791,V
2016-06-28,75.04,75.5,74.4866,75.16,14815204,V
2016-06-29,75.98,76.76,75.71,76.74,12178124,V
2016-06-30,76.99,77.14,73.8,74.17,24877318,V
2016-07-01,74.5,75.94,74.1,74.48,13821423,V
2016-07-05,74.25,74.97,73.83,74.67,11080996,V
2016-07-06,74.12,74.75,73.83,74.06,11263807,V
2016-07-07,74.32,75.29,74.27,74.51,8806656,V
2016-07-08,75.3,76.55,74.79,76.42,10974962,V
2016-07-11,76.81,77.192,76.3912,76.52,8185921,V
2016-07-12,76.68,77.57,76.55,77.48,10245511,V
2016-07-13,77.68,77.78,77.2,77.46,6559168,V
2016-07-14,78.06,78.54,77.69,78.14,6607383,V
2016-07-15,78.65,78.75,78.05,78.3,8153431,V
2016-07-18,78.35,78.6965,78.23,78.31,4864213,V
2016-07-19,77.75,78.887,77.63,78.72,9395544,V
2016-07-20,78.75,79.75,78.75,79.36,7922144,V
2016-07-21,79.44,79.73,78.4,78.79,9227274,V
2016-07-22,79.98,80.08,78.33,79.91,12532423,V
2016-07-25,80.17,80.17,78.73,78.94,7979850,V
2016-07-26,78.98,79.06,77.94,78.49,9673171,V
2016-07-27,78.46,78.79,77.53,78.53,10194400,V
2016-07-28,78.69,80.0,78.55,79.19,8709660,V
2016-07-29,79.24,79.35,78.0,78.05,7777737,V
2016-08-01,78.31,78.53,77.73,78.26,8908838,V
2016-08-02,78.07,78.47,77.75,78.28,7909986,V
2016-08-03,78.28,78.71,78.21,78.71,7272723,V
2016-08-04,78.83,79.65,78.75,79.48,5954363,V
2016-08-05,79.73,80.24,79.66,80.14,6662509,V
2016-08-08,80.23,80.34,79.8,79.95,5119724,V
2016-08-09,79.96,80.48,79.95,80.06,4455661,V
2016-08-10,79.97,80.22,79.51,79.68,5945458,V
2016-08-11,80.0,80.28,79.84,80.12,6577663,V
2016-08-12,79.8,80.08,79.65,80.02,4420370,V
2016-08-15,80.13,81.15,80.02,80.91,6290330,V
2016-08-16,80.42,80.91,80.22,80.82,6182560,V
2016-08-17,80.71,80.865,80.4,80.84,4655396,V
2016-08-18,80.01,80.59,79.91,80.27,7453931,V
2016-08-19,80.01,80.47,79.74,80.47,8480876,V
2016-08-22,80.34,81.08,79.96,81.06,7954481,V
2016-08-23,81.37,81.76,80.8,80.8,10007765,V
2016-08-24,80.8,80.98,80.19,80.29,5027955,V
2016-08-25,80.29,80.5221,80.0,80.32,5773650,V
2016-08-26,80.62,81.14,80.17,80.57,7932220,V
2016-08-29,80.54,80.99,80.54,80.87,4766662,V
2016-08-30,81.0,81.19,80.715,81.17,4128693,V
2016-08-31,80.95,81.1999,80.71,80.9,7386069,V
2016-09-01,81.14,81.55,80.97,81.3,6240551,V
2016-09-02,81.57,82.145,81.5,82.0,6408854,V
2016-09-06,82.0,82.53,81.81,82.53,8140388,V
2016-09-07,82.48,83.26,82.36,83.24,9304730,V
2016-09-08,83.02,83.6264,82.59,82.97,7961076,V
2016-09-09,82.398,82.81,81.33,81.33,11562959,V
2016-09-12,81.34,83.13,81.1843,82.97,9882701,V
2016-09-13,82.41,82.44,81.62,81.89,8834328,V
2016-09-14,81.46,82.22,81.45,81.49,10999521,V
2016-09-15,81.42,82.13,81.19,82.01,10636516,V
2016-09-16,81.74,82.26,81.42,82.07,11702036,V
2016-09-19,82.43,83.04,82.23,82.51,8361653,V
2016-09-20,82.97,83.23,82.32,82.48,6473252,V
2016-09-21,82.92,83.25,82.27,83.22,7536200,V
2016-09-22,83.42,83.79,83.2,83.36,6599440,V
2016-09-23,83.33,83.45,82.52,82.54,8283718,V
2016-09-26,82.15,82.26,81.685,81.81,8486752,V
2016-09-27,81.79,82.38,81.5,82.16,7969487,V
2016-09-28,82.38,83.01,81.94,82.97,7974323,V
2016-09-29,82.72,83.06,81.79,81.92,5885376,V
2016-09-30,82.16,83.035,81.68,82.7,9776837,V
2016-10-03,82.42,83.1066,82.3,82.86,8155414,V
2016-10-04,83.28,83.53,82.58,82.73,5771983,V
2016-10-05,82.96,83.45,82.9,83.35,6163375,V
2016-10-06,83.12,83.478,82.88,83.36,7687143,V
2016-10-07,83.49,83.7,82.64,82.88,8238129,V
2016-10-10,83.13,83.54,82.94,83.12,7371537,V
2016-10-11,82.68,82.79,81.57,82.04,6227356,V
2016-10-12,81.84,82.54,81.82,82.25,3923636,V
2016-10-13,81.65,82.13,81.11,81.87,6810946,V
2016-10-14,82.04,83.19,82.04,82.45,6698083,V
2016-10-17,82.58,82.69,82.04,82.15,8473733,V
2016-10-18,81.5,82.37,81.35,81.58,11680407,V
2016-10-19,81.65,82.87,81.65,82.81,8440945,V
2016-10-20,83.05,83.1,82.17,82.5,6945209,V
2016-10-21,82.02,82.54,81.58,82.35,8043196,V
2016-10-24,83.27,83.59,82.71,83.17,16266997,V
2016-10-25,82.15,82.99,81.7,82.03,15085850,V
2016-10-26,81.62,82.26,81.41,81.75,8748420,V
2016-10-27,81.96,82.27,81.61,81.92,7039234,V
2016-10-28,82.52,83.36,82.11,82.22,10919564,V
2016-10-31,82.44,82.9,82.355,82.51,10024036,V
2016-11-01,82.64,82.6908,81.33,81.62,10881514,V
2016-11-02,80.89,81.38,80.52,80.58,9170944,V
2016-11-03,80.75,81.13,80.54,80.65,7563109,V
2016-11-04,80.65,81.24,80.325,80.36,7588118,V
2016-11-07,81.64,82.53,81.45,82.51,7277898,V
2016-11-08,82.39,83.16,82.15,82.88,7151960,V
2016-11-09,81.81,83.3,81.22,83.24,12158464,V
2016-11-10,83.3,83.96,81.415,81.87,17171681,V
2016-11-11,81.59,82.63,81.52,81.88,7367994,V
2016-11-14,82.02,82.22,77.3,78.38,21773523,V
2016-11-15,78.23,79.54,77.795,78.57,18523447,V
2016-11-16,78.79,80.19,78.76,80.08,9997671,V
2016-11-17,80.32,81.2,80.18,81.07,8081807,V
2016-11-18,81.15,81.5,80.53,80.82,7920808,V
2016-11-21,81.23,81.78,80.9,81.69,8942057,V
2016-11-22,81.69,81.69,79.26,79.93,18133893,V
2016-11-23,79.98,79.99,78.95,79.57,12861961,V
2016-11-25,79.99,80.37,79.74,80.13,6495826,V
2016-11-28,79.66,80.01,79.05,79.08,11793084,V
2016-11-29,79.12,79.58,78.95,79.15,8575239,V
2016-11-30,79.45,79.45,77.28,77.32,15353872,V
2016-12-01,77.57,77.62,75.25,75.43,21052986,V
2016-12-02,75.4,76.25,75.17,75.72,13629619,V
2016-12-05,76.63,77.6,76.55,77.31,12119198,V
2016-12-06,77.94,77.97,76.71,77.11,13896640,V
2016-12-07,77.27,79.49,77.25,79.31,13919763,V
2016-12-08,79.68,79.87,78.97,79.28,13320094,V
2016-12-09,79.15,79.93,78.83,79.14,10728310,V
2016-12-12,78.99,79.03,77.915,78.5,11941452,V
2016-12-13,78.81,79.5,78.25,79.2,12995086,V
2016-12-14,79.28,79.98,79.12,79.13,20146201,V
2016-12-15,79.37,80.39,79.13,79.5,14070899,V
2016-12-16,79.22,79.46,78.17,78.35,19141694,V
2016-12-19,78.04,78.6,78.02,78.1,8699074,V
2016-12-20,78.41,78.58,77.69,78.36,6917426,V
2016-12-21,78.48,78.55,77.98,78.14,9343636,V
2016-12-22,78.02,78.06,77.19,77.9,12074044,V
2016-12-23,78.08,78.48,77.9,78.15,6192947,V
2016-12-27,78.27,78.848,78.23,78.35,3776005,V
2016-12-28,78.4,78.65,77.97,78.3,7587068,V
2016-12-29,78.49,78.84,78.3,78.33,6241083,V
2016-12-30,78.43,78.54,77.935,78.02,7127305,V
2017-01-03,78.76,79.91,78.49,79.5,13785211,V
2017-01-04,79.44,80.26,79.36,80.15,8033051,V
2017-01-05,80.34,81.53,80.22,81.09,7805139,V
2017-01-06,81.3,82.49,80.94,82.21,8898332,V
2017-01-09,82.28,82.45,81.65,81.75,7305302,V
2017-01-10,81.7,81.9,81.13,81.31,6017500,V
2017-01-11,81.25,81.8,80.91,81.8,7499170,V
2017-01-12,81.05,81.47,80.51,81.37,6884016,V
2017-01-13,81.02,81.85,80.79,81.17,7291220,V
2017-01-17,80.76,81.49,80.76,81.26,6326480,V
2017-01-18,81.27,81.83,80.98,81.59,8512272,V
2017-01-19,81.79,81.85,81.41,81.73,6479361,V
2017-01-20,82.09,82.28,81.61,81.84,9048515,V
2017-01-23,81.7,82.3,81.5,82.15,7414232,V
2017-01-24,82.4,83.49,81.85,83.23,8397522,V
2017-01-25,83.79,84.27,83.45,83.9,9360857,V
2017-01-26,83.92,83.92,83.075,83.24,8428212,V
2017-01-27,83.32,83.8,82.92,83.77,5445840,V
2017-01-30,83.47,83.74,82.66,83.7,8792818,V
2017-01-31,82.13,83.275,82.1,82.71,7479425,V
2017-02-01,82.9,83.09,82.05,82.44,7534371,V
2017-02-02,82.14,82.6979,81.57,82.3,11142259,V
2017-02-03,85.74,86.82,85.11,86.08,28079568,V
2017-02-06,86.07,86.1,85.51,85.83,9665269,V
2017-02-07,85.96,86.35,85.67,85.78,8600299,V
2017-02-08,85.8,85.84,85.08,85.09,7587713,V
2017-02-09,85.37,85.77,84.88,85.58,6554731,V
2017-02-10,85.8,86.14,85.23,85.9,10431983,V
2017-02-13,86.2,86.7,86.0,86.44,6046310,V
2017-02-14,86.52,86.97,86.26,86.85,5952016,V
2017-02-15,87.02,87.54,86.7,87.54,8049742,V
2017-02-16,87.55,87.68,86.7902,87.41,8680571,V
2017-02-17,87.27,87.68,86.98,87.46,5887160,V
2017-02-21,87.51,88.04,87.17,87.92,9301250,V
2017-02-22,87.61,88.15,87.51,87.8,8389934,V
2017-02-23,88.23,88.49,87.87,88.18,6040523,V
2017-02-24,87.36,88.43,87.3,88.43,5151311,V
2017-02-27,88.32,88.38,87.91,88.0,6131649,V
2017-02-28,88.16,88.3811,87.755,87.94,8565269,V
2017-03-01,88.74,89.14,88.42,88.99,11131368,V
2017-03-02,89.0,89.13,88.1,88.53,10544171,V
2017-03-03,88.31,88.91,88.18,88.79,5713897,V
2017-03-06,88.53,89.27,88.27,88.94,7347648,V
2017-03-07,88.99,89.3,88.85,89.06,5688364,V
2017-03-08,89.17,89.3,88.87,88.96,5866775,V
2017-03-09,89.02,89.5,88.71,89.11,5953875,V
2017-03-10,89.5,89.86,89.1002,89.73,12247187,V
2017-03-13,89.8,90.31,89.61,90.11,8944143,V
2017-03-14,89.93,90.03,89.24,89.55,6009803,V
2017-03-15,89.75,90.1,89.41,89.92,6350706,V
2017-03-16,90.31,90.33,89.47,90.04,9174440,V
2017-03-17,90.25,90.63,90.17,90.24,8613377,V
2017-03-20,90.29,92.05,88.965,89.18,9438042,V
2017-03-21,89.49,89.71,88.0,88.06,11092126,V
2017-03-22,87.85,89.035,87.85,88.52,7828563,V
2017-03-23,88.47,89.39,88.42,88.86,7710654,V
2017-03-24,89.06,89.605,88.97,89.19,7597620,V
2017-03-27,88.31,88.99,88.07,88.95,5230008,V
2017-03-28,89.12,89.42,88.49,89.12,7045509,V
2017-03-29,88.99,89.39,88.56,89.18,4737996,V
2017-03-30,89.08,89.095,88.6046,89.01,6227073,V
2017-03-31,88.98,89.35,88.87,88.87,6429764,V
2017-04-03,89.14,89.46,88.4,89.36,9125775,V
2017-04-04,89.01,89.33,88.66,88.78,4859944,V
2017-04-05,89.13,90.2,88.95,89.03,7251617,V
2017-04-06,89.0,89.26,88.78,89.09,8473909,V
2017-04-07,88.97,89.24,88.52,88.74,5439513,V
2017-04-10,88.62,89.25,88.52,88.86,5999394,V
2017-04-11,88.6,88.85,88.13,88.85,7058509,V
2017-04-12,88.7,89.21,88.56,88.68,5912460,V
2017-04-13,88.47,89.775,88.43,88.87,7242743,V
2017-04-17,89.09,89.9,88.75,89.81,6122795,V
2017-04-18,89.64,89.92,89.24,89.73,6823460,V
2017-04-19,90.09,90.62,89.6,89.75,7301338,V
2017-04-20,90.14,91.5,89.9047,91.15,12178320,V
2017-04-21,92.77,92.8,91.02,91.15,19442584,V
2017-04-24,92.15,92.5,91.01,91.85,11705374,V
2017-04-25,91.99,92.35,91.58,92.11,7769203,V
2017-04-26,92.02,92.48,91.75,91.82,11295240,V
2017-04-27,91.95,92.0,91.28,91.6,5856781,V
2017-04-28,91.39,91.55,90.98,91.22,6888471,V
2017-05-01,91.29,91.67,91.14,91.26,9042079,V
2017-05-02,91.62,92.75,91.53,92.54,11627705,V
2017-05-03,92.4,92.545,91.975,92.44,4908954,V
2017-05-04,92.7,92.85,92.25,92.62,5257030,V
2017-05-05,92.9,92.98,91.76,92.09,8844524,V
2017-05-08,92.05,92.16,91.52,91.92,5223617,V
2017-05-09,91.9,92.14,91.8343,92.0,3969471,V
2017-05-10,91.7,92.41,91.68,92.25,6747589,V
2017-05-11,92.12,92.31,91.62,92.1,7052203,V
2017-05-12,92.19,92.78,91.98,92.73,5898827,V
2017-05-15,92.73,93.4199,92.72,93.23,7040087,V
2017-05-16,93.35,93.7249,92.97,93.15,5497361,V
2017-05-17,92.48,92.76,91.71,91.76,8240166,V
2017-05-18,91.36,92.48,91.36,91.71,8239825,V
2017-05-19,91.98,92.81,91.71,92.48,9361292,V
2017-05-22,92.53,93.6,92.43,93.31,9186208,V
2017-05-23,93.56,94.07,93.47,93.86,7616088,V
2017-05-24,94.02,94.99,94.02,94.81,6916568,V
2017-05-25,95.09,95.38,94.89,95.04,7262356,V
2017-05-26,95.0,95.12,94.39,94.67,4133942,V
2017-05-30,94.66,94.88,94.34,94.72,6292726,V
2017-05-31,95.08,95.53,94.46,95.23,9865986,V
2017-06-01,95.4,95.45,94.61,95.4,8911894,V
2017-06-02,95.41,96.19,95.41,96.15,8570164,V
2017-06-05,96.32,96.59,96.11,96.55,14510542,V
2017-06-06,96.27,96.6,95.56,95.79,7030305,V
2017-06-07,96.03,96.22,95.76,96.09,6720346,V
2017-06-08,95.87,96.12,95.29,96.09,7720313,V
2017-06-09,96.09,96.249,93.71,94.56,16887075,V
2017-06-12,93.69,94.04,92.8,93.5,15609984,V
2017-06-13,94.0,95.34,93.97,95.08,8700111,V
2017-06-14,95.32,96.0,94.95,95.32,6347039,V
2017-06-15,94.44,94.53,93.53,94.17,12793864,V
2017-06-16,94.31,94.44,93.74,94.17,14705134,V
2017-06-19,94.75,94.85,94.25,94.79,5984287,V
2017-06-20,94.79,94.955,94.33,94.38,5626703,V
2017-06-21,94.61,94.77,94.07,94.54,5611354,V
2017-06-22,94.49,94.51,93.871,93.95,5846460,V
2017-06-23,94.16,95.65,93.89,95.58,11637316,V
2017-06-26,95.8,96.265,95.0989,95.22,6970841,V
2017-06-27,95.15,95.34,94.63,94.9,6283594,V
2017-06-28,95.15,96.4001,94.66,96.23,5571267,V
2017-06-29,95.79,95.79,94.01,94.42,8872547,V
2017-06-30,94.38,94.62,93.78,93.78,9036622,V
2017-07-03,94.38,94.41,93.35,93.35,6197656,V
2017-07-05,93.75,94.4,93.72,94.01,9339609,V
2017-07-06,93.45,93.97,93.19,93.25,8215653,V
2017-07-07,93.5,94.41,93.5,93.92,6175766,V
2017-07-10,94.15,95.37,94.15,95.09,8851817,V
2017-07-11,95.08,95.63,94.93,95.41,5554107,V
2017-07-12,95.98,96.45,95.63,96.18,5974765,V
2017-07-13,96.42,96.65,95.77,95.94,6721737,V
2017-07-14,96.14,97.37,96.12,96.93,6195768,V
2017-07-17,97.11,97.29,96.59,96.83,5914864,V
2017-07-18,96.85,97.75,96.61,97.58,7434969,V
2017-07-19,97.64,98.33,97.55,98.25,6390351,V
2017-07-20,99.11,99.138,97.93,98.11,8572921,V
2017-07-21,99.6,100.49,99.09,99.6,17400234,V
2017-07-24,99.55,100.42,99.14,100.37,9186041,V
2017-07-25,100.65,100.85,99.8,99.99,6774854,V
2017-07-26,100.01,100.985,99.86,100.85,7205420,V
2017-07-27,100.97,101.18,98.55,99.57,10543859,V
2017-07-28,99.12,99.59,98.51,99.15,6558846,V
2017-07-31,99.5,100.0,99.14,99.56,7576614,V
2017-08-01,100.36,101.065,99.96,100.87,6018133,V
2017-08-02,101.03,101.28,100.24,101.28,5955622,V
2017-08-03,100.94,101.095,100.33,100.59,5697526,V
2017-08-04,100.96,101.34,100.61,100.89,4618021,V
2017-08-07,100.92,101.535,100.59,101.49,7047112,V
2017-08-08,101.5,101.715,100.93,101.28,6283690,V
2017-08-09,100.76,101.3,100.6,100.97,6902137,V
2017-08-10,100.54,100.88,99.43,99.49,8560754,V
2017-08-11,99.55,100.3,99.53,100.09,5268197,V
2017-08-14,100.98,102.11,100.75,101.87,5657604,V
2017-08-15,102.36,102.78,101.97,102.63,5385990,V
2017-08-16,102.76,103.93,102.64,103.32,13408343,V
2017-08-17,103.33,103.5322,102.16,102.16,7381557,V
2017-08-18,102.08,103.09,101.94,102.51,5670884,V
2017-08-21,102.62,103.35,102.33,103.22,5394959,V
2017-08-22,103.44,104.2,103.14,104.07,5480959,V
2017-08-23,103.77,103.97,102.99,103.18,5057189,V
2017-08-24,103.32,103.5014,102.64,103.22,4082263,V
2017-08-25,103.65,103.88,103.155,103.35,4467738,V
2017-08-28,103.65,103.83,103.2625,103.78,3919911,V
2017-08-29,102.92,104.07,102.64,103.77,7135312,V
2017-08-30,103.7,104.0,103.52,103.73,8712708,V
2017-08-31,104.06,104.19,103.025,103.52,13766043,V
2017-09-01,104.04,104.08,103.44,103.9,4466772,V
2017-09-05,103.4,103.46,102.26,103.01,6337523,V
2017-09-06,103.34,103.745,103.1,103.18,6372227,V
2017-09-07,103.71,105.44,103.61,104.56,6508616,V
2017-09-08,104.33,104.77,104.06,104.43,5787188,V
2017-09-11,105.48,106.15,105.15,106.15,6955980,V
2017-09-12,106.64,106.6442,105.76,106.21,5212380,V
2017-09-13,106.26,106.26,105.24,105.83,6215736,V
2017-09-14,105.5,106.835,105.5,106.08,8154048,V
2017-09-15,105.74,106.14,104.95,105.3,12622921,V
2017-09-18,105.35,105.52,104.62,104.83,7330304,V
2017-09-19,105.13,105.93,104.83,105.41,9754361,V
2017-09-20,105.5,105.765,104.461,104.97,8198591,V
2017-09-21,105.0,105.61,104.65,105.31,4777558,V
2017-09-22,105.21,105.68,105.06,105.56,4959424,V
2017-09-25,105.5,105.6524,102.7499,103.02,9395348,V
2017-09-26,103.11,104.02,102.88,102.94,6263608,V
2017-09-27,103.07,104.12,102.9,103.89,8337416,V
2017-09-28,103.75,104.98,103.74,104.58,5947771,V
2017-09-29,104.75,105.43,104.685,105.24,7676288,V
2017-10-02,105.54,105.99,105.1001,105.44,4885565,V
2017-10-03,105.65,105.9,105.29,105.59,4411064,V
2017-10-04,105.71,105.74,104.8977,105.31,4146782,V
2017-10-05,105.6,106.25,105.15,106.24,4396081,V
2017-10-06,106.29,106.96,105.87,106.73,4587001,V
2017-10-09,106.6,107.65,106.54,107.01,4786966,V
2017-10-10,107.58,107.6,106.82,107.31,4015646,V
2017-10-11,107.7,108.59,107.6,108.44,6473099,V
2017-10-12,108.5,108.71,107.9,108.11,6496053,V
2017-10-13,108.5,109.26,108.4,108.66,5154563,V
2017-10-16,108.79,109.05,107.16,108.3,5552165,V
2017-10-17,108.25,108.42,107.3,107.54,5979405,V
2017-10-18,107.62,108.0,107.46,107.8,4817276,V
2017-10-19,107.27,107.78,106.9,107.02,10840248,V
2017-10-20,107.7,107.7,106.97,107.55,7848922,V
2017-10-23,108.05,108.23,107.095,107.53,6316736,V
2017-10-24,107.56,108.64,107.18,108.41,10511238,V
2017-10-25,109.41,110.61,108.0,109.55,12208648,V
2017-10-26,110.38,110.74,109.67,109.8,7380110,V
2017-10-27,110.07,110.13,108.69,109.71,7862681,V
2017-10-30,109.67,110.235,108.92,110.04,5148598,V
2017-10-31,110.58,110.69,108.66,109.98,8002479,V
2017-11-01,110.5,111.4,110.42,111.07,6167261,V
2017-11-02,111.02,111.37,110.2,110.98,5506607,V
2017-11-03,110.94,111.42,110.505,111.36,3758386,V
2017-11-06,111.36,112.15,111.2,111.92,4094744,V
2017-11-07,112.25,112.469,111.56,112.09,3697908,V
2017-11-08,112.01,112.905,111.82,112.47,4418427,V
2017-11-09,111.8,112.2219,110.93,112.14,4212723,V
2017-11-10,111.71,111.98,111.28,111.88,4198857,V
2017-11-13,111.55,111.855,111.335,111.4,7185634,V
2017-11-14,111.08,112.04,110.81,111.98,5679647,V
2017-11-15,111.34,111.87,110.14,110.25,6895082,V
2017-11-16,110.75,111.44,110.57,111.02,5655121,V
2017-11-17,110.69,110.91,109.7,109.82,8812373,V
2017-11-20,109.95,110.68,109.69,109.95,6873218,V
2017-11-21,110.45,111.49,110.3,111.45,6456517,V
2017-11-22,111.5,111.66,110.7,110.82,4067864,V
2017-11-24,111.31,112.16,111.14,111.97,3045750,V
2017-11-27,112.0,112.54,111.91,112.38,6620490,V
2017-11-28,112.6,113.615,112.56,113.36,6671272,V
2017-11-29,113.62,113.62,106.9,109.86,14505432,V
2017-11-30,110.5,112.59,110.03,112.59,18533344,V
2017-12-01,112.38,112.44,109.76,110.73,13101791,V
2017-12-04,111.33,111.45,106.97,107.43,18909077,V
2017-12-05,107.54,109.24,106.6,108.58,12081503,V
2017-12-06,108.49,110.17,108.255,109.74,7532053,V
2017-12-07,109.77,111.41,109.45,111.4,7384855,V
2017-12-08,112.13,112.61,111.815,112.6,7594900,V
2017-12-11,112.5,113.35,112.155,112.37,7538608,V
2017-12-12,112.37,113.7297,112.0,113.46,8754436,V
2017-12-13,113.75,114.37,113.19,113.31,8088922,V
2017-12-14,113.76,114.09,112.92,112.92,9815572,V
2017-12-15,113.94,114.2,112.39,113.82,16387998,V
2017-12-18,114.555,114.75,113.25,113.55,8961777,V
2017-12-19,113.265,113.28,112.08,112.14,7899423,V
2017-12-20,112.64,113.102,111.99,112.12,6201850,V
2017-12-21,112.935,113.1,112.3194,112.41,8866354,V
2017-12-22,112.43,113.11,112.25,112.69,6190062,V
2017-12-26,112.07,113.4397,112.07,112.99,3948877,V
2017-12-27,112.69,114.07,112.6515,114.02,7073082,V
2017-12-28,114.3,114.9199,113.99,114.35,6937066,V
2017-12-29,114.75,114.89,114.02,114.02,5248976,V
2018-01-02,114.57,115.08,113.95,114.51,6080894,V
2018-01-03,114.95,115.785,114.66,115.65,6946106,V
2018-01-04,116.25,117.36,116.03,116.08,7805278,V
2018-01-05,116.99,119.0,116.42,118.86,8590495,V
2018-01-08,118.61,120.477,118.07,119.34,6660722,V
2018-01-09,119.97,119.97,118.66,119.11,6562409,V
2018-01-10,118.69,119.05,117.46,118.98,7490349,V
2018-01-11,118.8,119.98,118.68,119.84,5982149,V
2018-01-12,120.12,120.35,119.71,120.09,5585787,V
2018-01-16,121.18,121.94,119.91,120.39,8803789,V
2018-01-17,121.2,122.16,120.73,121.98,7991512,V
2018-01-18,122.52,123.195,122.03,123.11,8660985,V
2018-01-19,123.05,123.65,121.92,122.7,8250687,V
2018-01-22,122.87,124.33,122.4,124.33,9355047,V
2018-01-23,124.6,125.51,124.21,124.65,5683320,V
2018-01-24,125.05,125.45,123.71,124.55,6425224,V
2018-01-25,125.0,125.47,124.63,125.22,7166403,V
2018-01-26,125.77,126.38,124.76,126.32,5604949,V
2018-01-29,126.74,126.88,124.685,124.84,6257887,V
2018-01-30,123.82,124.29,122.84,123.55,8154371,V
2018-01-31,123.78,124.48,123.04,124.23,7338184,V
2018-02-01,124.74,126.26,124.1,125.72,11169657,V
2018-02-02,123.72,123.72,120.7,120.91,13937710,V
2018-02-05,118.7,121.13,115.01,116.27,16623914,V
2018-02-06,115.2,120.3,113.25,119.97,19053339,V
2018-02-07,120.09,122.46,119.21,119.65,9293996,V
2013-02-08,71.2,71.64,71.07,71.48,5906823,WMT
2013-02-11,71.25,71.51,70.53,71.4,6202534,WMT
2013-02-12,71.49,71.66,71.1,71.4,4761910,WMT
2013-02-13,71.29,71.7,71.21,71.39,3969807,WMT
2013-02-14,71.1,71.23,70.755,70.82,6820952,WMT
2013-02-15,69.54,70.0,68.13,69.3,25687156,WMT
2013-02-19,69.19,69.45,68.54,68.76,14683322,WMT
2013-02-20,68.72,69.85,68.3,69.21,11973720,WMT
2013-02-21,70.0,71.47,69.72,70.26,20425983,WMT
2013-02-22,70.22,70.54,69.89,70.4,9169060,WMT
2013-02-25,70.5,71.34,70.44,70.44,11819590,WMT
2013-02-26,70.69,71.39,70.61,71.11,10558487,WMT
2013-02-27,70.92,71.955,70.58,71.66,8820257,WMT
2013-02-28,71.59,71.88,70.78,70.78,18874853,WMT
2013-03-01,70.78,71.9,70.78,71.74,8902516,WMT
2013-03-04,71.52,73.26,71.51,73.26,10567354,WMT
2013-03-05,73.47,74.04,72.99,73.72,9093856,WMT
2013-03-06,73.75,74.13,73.2515,73.38,7152681,WMT
2013-03-07,73.4899,73.61,73.2,73.32,6689031,WMT
2013-03-08,73.3,73.39,72.84,73.03,5744563,WMT
2013-03-11,73.09,73.24,72.81,72.98,5149550,WMT
2013-03-12,72.95,73.9,72.84,73.6,8156286,WMT
2013-03-13,73.89,74.2,73.54,73.65,5326032,WMT
2013-03-14,73.87,74.0,73.13,73.22,6353199,WMT
2013-03-15,73.01,73.5,72.435,72.5,17206161,WMT
2013-03-18,72.29,72.73,72.01,72.25,5771090,WMT
2013-03-19,72.42,72.87,72.19,72.45,5751083,WMT
2013-03-20,72.81,73.375,72.74,72.99,6309979,WMT
2013-03-21,72.87,73.47,72.85,73.13,5494804,WMT
2013-03-22,73.35,74.29,73.29,74.28,7246230,WMT
2013-03-25,74.14,75.11,74.12,74.85,10438663,WMT
2013-03-26,74.93,75.09,74.43,74.77,6642358,WMT
2013-03-27,74.31,74.965,74.24,74.78,5970553,WMT
2013-03-28,74.84,74.97,74.38,74.83,7341433,WMT
2013-04-01,75.0,75.93,74.9,75.43,8416097,WMT
2013-04-02,75.55,76.05,75.42,76.02,6642176,WMT
2013-04-03,76.31,76.68,75.72,76.0,7453922,WMT
2013-04-04,76.03,76.58,75.96,76.2,7508315,WMT
2013-04-05,75.55,76.41,75.4325,76.39,5861325,WMT
2013-04-08,76.1,77.445,75.83,77.29,8075057,WMT
2013-04-09,77.24,78.46,77.02,78.12,8652436,WMT
2013-04-10,78.28,78.38,77.37,77.37,8598933,WMT
2013-04-11,77.36,78.37,77.27,77.79,7127971,WMT
2013-04-12,77.63,78.85,77.58,78.56,6337965,WMT
2013-04-15,78.44,79.28,78.43,78.47,8549081,WMT
2013-04-16,78.23,78.86,78.0301,78.68,6854546,WMT
2013-04-17,78.53,79.07,78.11,78.51,7248636,WMT
2013-04-18,78.76,79.05,76.6101,77.16,14209056,WMT
2013-04-19,77.5,78.44,77.4,78.29,7827256,WMT
2013-04-22,78.29,78.44,77.5,77.97,5155003,WMT
2013-04-23,78.11,79.22,78.05,79.09,6654114,WMT
2013-04-24,79.23,79.5,77.92,78.03,8083545,WMT
2013-04-25,78.18,78.8275,77.881,78.65,5730230,WMT
2013-04-26,78.58,79.15,78.57,79.04,5923528,WMT
2013-04-29,79.08,79.25,78.15,78.39,6157808,WMT
2013-04-30,78.28,78.3,77.37,77.72,7961644,WMT
2013-05-01,77.85,78.66,77.69,78.06,6260681,WMT
2013-05-02,77.91,78.49,77.8,78.46,4515961,WMT
2013-05-03,78.92,79.34,78.9,79.25,5599388,WMT
2013-05-06,79.1,79.16,78.77,78.83,4807003,WMT
2013-05-07,79.1,79.143,78.77,78.83,6571101,WMT
2013-05-08,78.5599,78.66,77.78,78.25,8008719,WMT
2013-05-09,78.31,78.96,77.9,78.4,6516841,WMT
2013-05-10,78.47,78.91,78.28,78.89,5831224,WMT
2013-05-13,78.8,78.94,77.915,78.5,7714538,WMT
2013-05-14,77.98,78.86,77.67,78.78,10017969,WMT
2013-05-15,78.8,79.96,78.65,79.86,8000420,WMT
2013-05-16,78.1,78.86,77.34,78.5,12128798,WMT
2013-05-17,78.3,78.589,77.4,77.87,10671373,WMT
2013-05-20,77.88,77.9,77.355,77.4,5582600,WMT
2013-05-21,77.62,78.18,77.25,77.39,7484386,WMT
2013-05-22,77.19,77.8,76.75,77.03,9029193,WMT
2013-05-23,76.83,76.94,76.25,76.33,8023168,WMT
2013-05-24,76.32,77.41,76.15,77.31,7589559,WMT
2013-05-28,77.52,78.04,77.06,77.32,6059170,WMT
2013-05-29,77.05,77.05,76.06,76.23,5882206,WMT
2013-05-30,76.49,76.54,75.61,75.63,6228644,WMT
2013-05-31,75.36,75.63,74.82,74.84,9748362,WMT
2013-06-03,75.06,75.8,74.6368,75.69,8441954,WMT
2013-06-04,75.77,76.38,75.47,75.94,9344138,WMT
2013-06-05,75.72,75.9499,75.07,75.25,6778532,WMT
2013-06-06,75.27,75.735,74.835,75.63,9426122,WMT
2013-06-07,76.38,76.87,76.19,76.33,8348010,WMT
2013-06-10,76.28,76.65,75.66,75.75,6731621,WMT
2013-06-11,75.42,75.83,74.99,75.25,6006369,WMT
2013-06-12,75.47,75.71,74.65,74.84,4731024,WMT
2013-06-13,74.78,75.33,74.56,75.0,7241763,WMT
2013-06-14,74.84,75.27,74.8,74.87,6351451,WMT
2013-06-17,75.0,75.445,74.51,74.95,6481064,WMT
2013-06-18,75.0,75.88,74.8,75.73,6739607,WMT
2013-06-19,75.74,75.96,74.34,74.46,8329067,WMT
2013-06-20,74.5,74.66,73.01,73.03,9071090,WMT
2013-06-21,73.52,74.2,73.255,73.51,14575716,WMT
2013-06-24,73.05,74.79,72.9,74.2,9697215,WMT
2013-06-25,74.27,74.75,73.84,74.37,7221540,WMT
2013-06-26,74.62,75.18,74.54,75.01,5478746,WMT
2013-06-27,75.48,76.11,75.24,75.26,7089175,WMT
2013-06-28,75.11,75.66,74.45,74.49,14553407,WMT
2013-07-01,74.99,75.275,74.1,74.59,6697677,WMT
2013-07-02,74.31,75.68,74.21,74.71,6728501,WMT
2013-07-03,74.41,75.12,74.09,74.76,2325106,WMT
2013-07-05,75.15,75.2599,74.41,75.21,5447435,WMT
2013-07-08,75.68,76.77,75.68,76.71,6716793,WMT
2013-07-09,76.96,77.44,76.74,77.03,5273182,WMT
2013-07-10,76.96,77.5,76.45,76.77,5144615,WMT
2013-07-11,77.45,77.75,77.33,77.63,4681017,WMT
2013-07-12,77.61,77.67,77.33,77.63,4462338,WMT
2013-07-15,77.3,77.3,76.7,77.03,4887186,WMT
2013-07-16,76.98,77.45,76.9,77.37,4707504,WMT
2013-07-17,77.62,77.79,77.09,77.2,5351382,WMT
2013-07-18,77.22,77.55,77.01,77.34,4149818,WMT
2013-07-19,77.45,78.17,77.34,78.08,6831161,WMT
2013-07-22,77.89,78.25,77.73,77.87,4158334,WMT
2013-07-23,77.96,78.63,77.8,78.55,5254366,WMT
2013-07-24,78.68,78.69,77.725,78.23,4930310,WMT
2013-07-25,78.05,78.46,77.63,78.01,5916134,WMT
2013-07-26,77.93,78.03,77.1,78.0,5349510,WMT
2013-07-29,77.83,78.255,77.78,77.99,3465300,WMT
2013-07-30,78.21,78.36,77.69,77.89,4533684,WMT
2013-07-31,77.92,78.48,77.73,77.94,6040794,WMT
2013-08-01,78.42,78.6725,78.105,78.22,5168733,WMT
2013-08-02,78.25,78.75,78.0,78.75,6123897,WMT
2013-08-05,78.62,79.0,78.43,78.77,3906060,WMT
2013-08-06,78.56,78.57,77.56,77.87,6700869,WMT
2013-08-07,77.16,77.63,76.62,77.37,5819994,WMT
2013-08-08,77.51,77.89,76.93,77.25,4474679,WMT
2013-08-09,77.21,77.32,76.77,76.9,5764571,WMT
2013-08-12,76.56,77.39,76.49,77.08,5787049,WMT
2013-08-13,77.17,77.25,76.22,76.86,6379970,WMT
2013-08-14,76.81,77.22,76.235,76.4,6643038,WMT
2013-08-15,74.46,75.08,74.03,74.41,13219885,WMT
2013-08-16,74.12,74.5,73.7,74.11,7223458,WMT
2013-08-19,73.88,73.93,73.21,73.58,5364944,WMT
2013-08-20,73.55,73.62,73.2001,73.23,6663009,WMT
2013-08-21,73.16,74.13,72.93,73.55,8077861,WMT
2013-08-22,73.81,74.035,73.24,73.46,3947412,WMT
2013-08-23,73.65,73.75,73.0301,73.44,5474969,WMT
2013-08-26,73.64,73.75,73.03,73.03,5357706,WMT
2013-08-27,72.68,73.11,72.51,72.86,5787225,WMT
2013-08-28,72.66,72.86,72.2701,72.38,5608550,WMT
2013-08-29,72.35,72.88,72.23,72.43,4088193,WMT
2013-08-30,72.64,73.07,72.58,72.98,6066164,WMT
2013-09-03,73.48,73.58,72.54,72.68,7156986,WMT
2013-09-04,72.7,73.12,72.45,72.91,4667490,WMT
2013-09-05,72.84,73.48,72.62,72.67,4680482,WMT
2013-09-06,72.7,73.16,72.19,72.59,5790232,WMT
2013-09-09,72.85,73.65,72.7,73.51,5527030,WMT
2013-09-10,73.66,74.21,73.57,73.96,6845276,WMT
2013-09-11,74.0,74.24,73.66,74.05,5335793,WMT
2013-09-12,74.18,74.52,73.77,73.91,5261800,WMT
2013-09-13,74.13,74.4,73.98,74.36,4020403,WMT
2013-09-16,74.9,75.19,74.69,74.78,4212240,WMT
2013-09-17,74.84,75.47,74.79,75.15,4272059,WMT
2013-09-18,75.16,76.53,74.9,76.42,6919076,WMT
2013-09-19,76.5,76.53,75.62,76.21,7109721,WMT
2013-09-20,76.32,76.45,75.83,75.83,8847593,WMT
2013-09-23,75.39,76.43,75.2,76.42,5604843,WMT
2013-09-24,76.4,76.73,75.685,75.75,6715320,WMT
2013-09-25,75.91,75.94,73.56,74.65,14997095,WMT
2013-09-26,74.78,74.98,74.22,74.62,5077884,WMT
2013-09-27,74.38,74.46,74.07,74.36,4214632,WMT
2013-09-30,74.28,74.6,73.74,73.96,6752482,WMT
2013-10-01,73.87,73.89,73.32,73.59,5681088,WMT
2013-10-02,73.39,73.72,73.04,73.72,7376063,WMT
2013-10-03,73.53,73.53,72.95,73.16,7179614,WMT
2013-10-04,73.01,73.38,72.79,72.8,5735870,WMT
2013-10-07,72.42,72.42,71.51,71.87,6884490,WMT
2013-10-08,71.85,73.19,71.8,72.9,9191707,WMT
2013-10-09,72.83,73.34,72.57,73.0,6467427,WMT
2013-10-10,73.48,74.87,73.27,74.79,7680063,WMT
2013-10-11,74.61,74.83,73.83,74.82,6529172,WMT
2013-10-14,74.34,74.71,73.7499,74.68,5904038,WMT
2013-10-15,74.43,75.37,73.99,74.37,8981667,WMT
2013-10-16,74.81,75.62,74.57,75.6,5849390,WMT
2013-10-17,75.49,76.12,71.69,75.78,6395086,WMT
2013-10-18,75.8,75.93,75.48,75.71,6788495,WMT
2013-10-21,75.72,75.82,74.82,75.15,5345764,WMT
2013-10-22,75.43,76.49,75.21,76.32,6948532,WMT
2013-10-23,76.18,76.35,75.81,75.9,5844211,WMT
2013-10-24,76.03,76.51,75.82,76.42,5845389,WMT
2013-10-25,76.37,76.76,75.78,76.08,6458843,WMT
2013-10-28,76.16,77.21,76.05,77.14,6947418,WMT
2013-10-29,77.25,77.6301,76.75,77.06,7437557,WMT
2013-10-30,77.27,77.525,76.56,76.91,4605666,WMT
2013-10-31,76.88,77.15,76.6,76.75,4578154,WMT
2013-11-01,76.97,77.4,76.59,77.07,5116130,WMT
2013-11-04,77.22,77.65,77.2,77.33,4704144,WMT
2013-11-05,76.81,77.61,76.72,77.42,5092203,WMT
2013-11-06,77.64,78.28,77.3,78.16,4829209,WMT
2013-11-07,78.19,78.22,77.24,77.51,8347600,WMT
2013-11-08,77.49,77.96,76.79,77.96,5793794,WMT
2013-11-11,77.8599,79.07,77.79,79.01,7450486,WMT
2013-11-12,78.85,78.97,78.25,78.71,5274506,WMT
2013-11-13,78.42,78.99,78.35,78.9,8287384,WMT
2013-11-14,77.75,79.53,77.68,79.08,9302078,WMT
2013-11-15,78.93,79.29,78.75,79.22,5917004,WMT
2013-11-18,79.23,79.32,78.91,79.22,5962661,WMT
2013-11-19,79.3,79.35,78.88,79.25,4455005,WMT
2013-11-20,79.31,79.39,78.49,78.9,4511312,WMT
2013-11-21,78.74,79.2,78.55,78.86,3840986,WMT
2013-11-22,78.87,79.87,78.75,79.81,4818619,WMT
2013-11-25,80.06,80.57,79.9105,80.43,5670506,WMT
2013-11-26,80.44,80.68,80.11,80.68,5538136,WMT
2013-11-27,80.55,80.995,80.38,80.93,4813288,WMT
2013-11-29,81.17,81.35,80.82,81.01,3447212,WMT
2013-12-02,80.89,81.28,80.37,81.11,6178477,WMT
2013-12-03,81.21,81.33,80.7,81.21,7513346,WMT
2013-12-04,80.64,81.37,79.91,80.22,7641631,WMT
2013-12-05,79.72,79.77,78.87,79.44,6449952,WMT
2013-12-06,79.71,80.2299,79.64,79.94,5088055,WMT
2013-12-09,80.24,80.43,79.7,79.95,4491843,WMT
2013-12-10,79.72,79.8,79.05,79.08,6285736,WMT
2013-12-11,79.1,79.72,79.05,79.09,5998765,WMT
2013-12-12,79.11,79.26,78.4,78.5,5691583,WMT
2013-12-13,78.73,78.77,77.93,78.08,4985885,WMT
2013-12-16,78.25,78.5,77.6,77.74,6146898,WMT
2013-12-17,77.74,77.89,77.22,77.25,5766928,WMT
2013-12-18,77.28,77.98,76.81,77.94,10633938,WMT
2013-12-19,77.67,77.83,77.2,77.24,5955433,WMT
2013-12-20,77.28,77.88,77.25,77.43,9568816,WMT
2013-12-23,77.73,77.99,77.37,77.87,4491918,WMT
2013-12-24,77.95,78.24,77.632,78.01,2094937,WMT
2013-12-26,78.06,78.52,77.97,78.39,2778189,WMT
2013-12-27,78.6,78.93,78.3,78.47,3050104,WMT
2013-12-30,78.61,78.88,78.43,78.63,3086473,WMT
2013-12-31,78.66,78.87,78.35,78.69,3859089,WMT
2014-01-02,78.72,79.47,78.5,78.91,6911859,WMT
2014-01-03,78.81,79.13,78.52,78.65,4958031,WMT
2014-01-06,78.86,78.91,77.79,78.21,7281948,WMT
2014-01-07,78.17,78.85,77.92,78.45,5013309,WMT
2014-01-08,78.5,78.51,77.6,77.83,5972916,WMT
2014-01-09,78.39,78.4,77.49,78.09,5925044,WMT
2014-01-10,78.31,78.72,77.54,78.04,5191635,WMT
2014-01-13,77.6,77.97,77.24,77.49,6180103,WMT
2014-01-14,77.46,78.0,77.38,77.96,4127877,WMT
2014-01-15,77.96,78.1,77.57,77.66,4995422,WMT
2014-01-16,77.39,77.47,76.35,76.76,7208888,WMT
2014-01-17,76.73,76.82,76.03,76.19,11446726,WMT
2014-01-21,76.25,76.39,74.86,75.84,9012385,WMT
2014-01-22,76.08,76.08,75.03,75.35,5879735,WMT
2014-01-23,74.84,75.12,74.47,74.96,6019150,WMT
2014-01-24,74.73,75.12,74.23,74.42,9455979,WMT
2014-01-27,74.13,74.37,73.83,74.15,9105139,WMT
2014-01-28,74.26,75.4,74.1,74.67,6035231,WMT
2014-01-29,75.29,75.37,74.07,74.1,8440854,WMT
2014-01-30,74.54,75.09,74.36,74.75,6742046,WMT
2014-01-31,73.92,75.19,73.64,74.68,10665285,WMT
2014-02-03,74.19,74.5,72.54,72.66,10435809,WMT
2014-02-04,72.67,73.1,72.3,72.73,7765562,WMT
2014-02-05,72.27,73.16,72.27,72.87,4778044,WMT
2014-02-06,72.97,73.21,72.5,72.82,7353131,WMT
2014-02-07,73.05,73.8,72.5,73.75,7320252,WMT
2014-02-10,73.59,73.76,72.96,73.76,6236787,WMT
2014-02-11,73.9,74.85,73.67,74.8,6712699,WMT
2014-02-12,74.22,75.18,74.22,74.96,5372947,WMT
2014-02-13,74.68,75.49,74.56,75.36,5275177,WMT
2014-02-14,75.4,75.985,75.1,75.79,4920591,WMT
2014-02-18,75.49,75.65,74.8647,75.33,5994299,WMT
2014-02-19,75.01,75.32,74.41,74.85,8145148,WMT
2014-02-20,73.05,74.0,72.81,73.52,13103284,WMT
2014-02-21,73.19,73.4,72.82,73.12,8971032,WMT
2014-02-24,73.24,73.815,73.14,73.35,7326672,WMT
2014-02-25,73.18,73.74,73.09,73.35,9500619,WMT
2014-02-26,73.94,75.1,73.79,74.78,9027834,WMT
2014-02-27,74.78,74.78,74.0901,74.56,5456591,WMT
2014-02-28,74.48,75.19,74.2,74.7,7445309,WMT
2014-03-03,74.49,74.67,73.825,74.12,5347575,WMT
2014-03-04,74.77,75.49,74.66,75.13,7549037,WMT
2014-03-05,75.32,75.33,74.58,74.8,5526031,WMT
2014-03-06,74.86,75.11,74.51,74.88,5107196,WMT
2014-03-07,74.96,74.96,74.365,74.58,5054617,WMT
2014-03-10,74.52,74.6,74.05,74.43,4844541,WMT
2014-03-11,74.72,74.97,74.2,74.92,9036284,WMT
2014-03-12,74.845,75.75,74.82,75.53,8637988,WMT
2014-03-13,75.71,76.18,74.91,74.93,5824463,WMT
2014-03-14,74.67,75.07,74.27,74.28,6619016,WMT
2014-03-17,74.3,74.85,74.01,74.68,5783947,WMT
2014-03-18,74.66,74.99,74.45,74.77,3943802,WMT
2014-03-19,74.56,75.11,74.02,74.38,5761073,WMT
2014-03-20,74.02,75.68,73.86,75.38,8637512,WMT
2014-03-21,75.89,77.02,75.45,76.1,17180931,WMT
2014-03-24,76.21,76.8,76.11,76.76,7279659,WMT
2014-03-25,76.88,77.14,76.16,76.87,7389784,WMT
2014-03-26,77.08,77.525,76.23,76.23,7736520,WMT
2014-03-27,76.38,76.8199,76.04,76.14,5596634,WMT
2014-03-28,76.26,76.595,75.7701,76.01,5871101,WMT
2014-03-31,76.35,76.78,76.02,76.43,4695643,WMT
2014-04-01,76.76,77.25,76.54,76.77,5770037,WMT
2014-04-02,76.58,77.19,76.34,77.18,6078086,WMT
2014-04-03,77.2,77.55,77.0,77.46,6045985,WMT
2014-04-04,77.58,77.9,77.25,77.31,6769289,WMT
2014-04-07,77.23,77.715,77.0949,77.31,7680807,WMT
2014-04-08,77.09,78.31,76.8,78.18,7498660,WMT
2014-04-09,78.2,78.22,77.28,77.97,6877819,WMT
2014-04-10,77.95,78.14,76.65,76.89,7599640,WMT
2014-04-11,76.78,77.23,76.29,76.5,7978971,WMT
2014-04-14,76.94,77.55,76.79,77.38,5375940,WMT
2014-04-15,77.03,77.31,76.44,76.88,6929329,WMT
2014-04-16,77.31,77.465,77.03,77.22,5036770,WMT
2014-04-17,77.08,77.75,77.08,77.66,6964745,WMT
2014-04-21,77.41,77.73,77.18,77.6,4595096,WMT
2014-04-22,77.52,77.825,77.39,77.56,6465465,WMT
2014-04-23,77.82,78.2801,77.57,78.04,5806189,WMT
2014-04-24,78.17,78.47,77.7,78.31,4354918,WMT
2014-04-25,78.31,78.78,78.02,78.62,5396525,WMT
2014-04-28,78.86,79.985,78.83,79.76,9598676,WMT
2014-04-29,79.84,79.87,79.57,79.67,4695718,WMT
2014-04-30,79.59,79.93,79.51,79.71,6111791,WMT
2014-05-01,79.73,79.73,79.16,79.7,5098328,WMT
2014-05-02,79.6,79.76,79.01,79.12,5620034,WMT
2014-05-05,78.86,78.95,78.505,78.62,4590956,WMT
2014-05-06,78.33,78.39,77.965,78.01,5638910,WMT
2014-05-07,77.85,78.099,77.53,77.96,6086214,WMT
2014-05-08,78.0,78.83,78.0,78.69,4820639,WMT
2014-05-09,78.52,79.28,78.52,79.2,4896368,WMT
2014-05-12,78.95,79.23,78.65,79.15,5999823,WMT
2014-05-13,79.17,79.37,78.99,79.14,4363735,WMT
2014-05-14,79.05,79.05,78.07,78.74,5608286,WMT
2014-05-15,76.28,77.44,76.25,76.83,13035789,WMT
2014-05-16,77.0,77.38,76.65,77.01,7244131,WMT
2014-05-19,77.11,77.13,76.5,76.61,6131274,WMT
2014-05-20,76.36,76.37,75.52,75.69,7441355,WMT
2014-05-21,75.94,75.96,75.27,75.66,5704092,WMT
2014-05-22,75.79,75.921,75.24,75.39,5243663,WMT
2014-05-23,75.56,75.75,75.43,75.61,3703626,WMT
2014-05-27,75.71,75.81,75.29,75.59,5379301,WMT
2014-05-28,75.38,75.94,75.34,75.53,5036879,WMT
2014-05-29,75.67,76.19,75.57,75.98,4003511,WMT
2014-05-30,76.06,76.81,76.01,76.77,5974016,WMT
2014-06-02,76.58,77.11,76.47,76.76,4395340,WMT
2014-06-03,76.74,76.97,76.36,76.71,7213733,WMT
2014-06-04,76.6,77.3,76.53,77.13,6199894,WMT
2014-06-05,77.05,77.44,76.87,77.32,4695821,WMT
2014-06-06,77.46,77.59,77.07,77.21,4195073,WMT
2014-06-09,77.07,77.76,76.7,77.01,5552326,WMT
2014-06-10,76.81,76.94,76.5148,76.62,3365665,WMT
2014-06-11,76.55,76.74,76.05,76.16,4463301,WMT
2014-06-12,76.05,76.19,75.58,75.73,5336596,WMT
2014-06-13,75.67,75.76,75.12,75.28,4981452,WMT
2014-06-16,75.11,75.48,75.02,75.34,3846878,WMT
2014-06-17,75.29,75.42,74.915,74.99,6544215,WMT
2014-06-18,75.04,75.96,74.92,75.7,6740696,WMT
2014-06-19,75.88,76.28,75.8,75.87,5255313,WMT
2014-06-20,76.16,76.17,75.12,75.68,11335802,WMT
2014-06-23,75.56,75.94,75.3,75.79,4276034,WMT
2014-06-24,76.03,76.21,75.6849,75.97,5659196,WMT
2014-06-25,75.76,75.84,75.28,75.62,4318156,WMT
2014-06-26,75.52,75.61,74.7,74.91,6922337,WMT
2014-06-27,74.8,75.38,74.67,75.34,13960847,WMT
2014-06-30,75.395,75.69,74.94,75.07,6666648,WMT
2014-07-01,75.27,75.42,74.75,75.28,6604504,WMT
2014-07-02,75.26,75.9,75.25,75.62,4366772,WMT
2014-07-03,75.61,76.05,75.52,75.75,2873959,WMT
2014-07-07,75.69,76.21,75.55,76.07,5027994,WMT
2014-07-08,76.09,76.98,76.03,76.65,7960476,WMT
2014-07-09,76.77,77.33,76.62,77.21,6240126,WMT
2014-07-10,76.91,77.569,76.91,77.06,5372478,WMT
2014-07-11,76.87,76.97,76.56,76.82,4547543,WMT
2014-07-14,77.13,77.25,76.48,76.55,4822869,WMT
2014-07-15,76.56,76.93,76.56,76.84,4686766,WMT
2014-07-16,76.9,77.05,76.7,76.86,3743501,WMT
2014-07-17,76.58,77.05,76.44,76.61,4630252,WMT
2014-07-18,76.62,77.1,76.51,77.09,4913346,WMT
2014-07-21,76.76,76.91,76.48,76.77,3457586,WMT
2014-07-22,76.84,76.89,76.4,76.64,4383167,WMT
2014-07-23,76.63,77.06,76.59,76.99,3994349,WMT
2014-07-24,76.68,76.79,76.19,76.35,7228303,WMT
2014-07-25,76.19,76.36,75.8,75.97,3948442,WMT
2014-07-28,75.43,75.93,75.36,75.71,5509938,WMT
2014-07-29,75.21,76.01,75.15,75.44,6293487,WMT
2014-07-30,75.88,75.92,74.67,74.78,9985703,WMT
2014-07-31,73.99,74.25,73.54,73.58,9632692,WMT
2014-08-01,73.38,73.625,73.06,73.54,5402081,WMT
2014-08-04,73.38,73.625,73.06,73.54,5402181,WMT
2014-08-05,73.31,73.52,72.77,73.34,10580561,WMT
2014-08-06,73.19,74.29,73.18,74.2,7934785,WMT
2014-08-07,74.34,74.81,73.76,73.95,7053149,WMT
2014-08-08,74.06,74.73,73.85,74.67,4996347,WMT
2014-08-11,74.29,74.6,74.02,74.36,4721351,WMT
2014-08-12,74.31,74.44,74.01,74.22,3928584,WMT
2014-08-13,74.27,74.41,73.51,74.03,6579857,WMT
2014-08-14,73.89,74.43,73.61,74.39,6136444,WMT
2014-08-15,74.65,74.65,73.485,73.9,6942723,WMT
2014-08-18,74.15,74.68,74.05,74.49,4015717,WMT
2014-08-19,74.81,74.94,74.14,74.88,5047957,WMT
2014-08-20,74.83,75.05,74.51,74.96,4898266,WMT
2014-08-21,75.06,75.91,75.0,75.55,5260626,WMT
2014-08-22,75.78,76.2,75.64,75.73,4137761,WMT
2014-08-25,75.93,76.02,75.5063,75.69,3393630,WMT
2014-08-26,75.83,76.15,75.44,75.52,4222880,WMT
2014-08-27,75.51,75.86,75.44,75.85,3200426,WMT
2014-08-28,75.47,75.94,75.47,75.9,2928089,WMT
2014-08-29,75.75,75.88,75.29,75.5,5080513,WMT
2014-09-02,75.42,75.94,75.41,75.75,4532422,WMT
2014-09-03,75.95,76.33,75.88,76.01,4709373,WMT
2014-09-04,76.16,76.6,76.11,76.56,5282252,WMT
2014-09-05,76.52,77.73,76.48,77.51,7841819,WMT
2014-09-08,77.13,77.32,76.43,76.53,5946869,WMT
2014-09-09,76.56,77.0,76.17,76.74,5631979,WMT
2014-09-10,76.79,77.08,76.37,76.51,6697057,WMT
2014-09-11,76.35,76.44,76.09,76.1,4985299,WMT
2014-09-12,75.97,76.05,75.66,75.77,5693775,WMT
2014-09-15,75.78,75.89,75.61,75.81,3748478,WMT
2014-09-16,75.64,76.57,75.6,76.32,4109537,WMT
2014-09-17,76.36,76.47,76.01,76.24,4239265,WMT
2014-09-18,76.31,76.58,75.91,76.22,4751711,WMT
2014-09-19,76.45,77.07,76.38,76.84,13323532,WMT
2014-09-22,76.79,76.86,76.25,76.31,4450704,WMT
2014-09-23,76.0,76.225,75.57,75.6,6717115,WMT
2014-09-24,75.73,77.31,75.7,77.08,8434589,WMT
2014-09-25,76.93,77.05,76.12,76.12,4963485,WMT
2014-09-26,76.25,76.57,75.86,76.49,3752888,WMT
2014-09-29,76.06,76.25,75.65,76.08,4959285,WMT
2014-09-30,76.04,76.72,75.77,76.47,5640744,WMT
2014-10-01,76.51,76.86,75.91,76.12,6524863,WMT
2014-10-02,76.21,76.91,75.96,76.23,4929134,WMT
2014-10-03,76.57,77.48,76.53,77.32,5819678,WMT
2014-10-06,77.05,77.92,76.99,77.35,5429677,WMT
2014-10-07,77.03,77.695,76.72,77.3,7059857,WMT
2014-10-08,77.41,78.485,76.81,78.24,8107097,WMT
2014-10-09,78.11,78.83,77.66,77.86,7072744,WMT
2014-10-10,77.93,79.37,77.93,78.29,10078027,WMT
2014-10-13,78.03,78.585,77.45,77.56,8201401,WMT
2014-10-14,77.83,78.63,77.67,77.98,7901051,WMT
2014-10-15,77.58,77.69,74.36,75.2,21057683,WMT
2014-10-16,73.23,74.0694,72.61,73.82,14346643,WMT
2014-10-17,74.18,74.5,73.03,74.1,11472069,WMT
2014-10-20,74.14,75.22,73.92,75.14,7040685,WMT
2014-10-21,75.18,76.2,75.01,76.02,8299743,WMT
2014-10-22,76.47,76.66,76.01,76.03,5927620,WMT
2014-10-23,76.37,76.65,75.78,76.25,6367092,WMT
2014-10-24,76.13,76.5,75.5,76.38,4483654,WMT
2014-10-27,76.33,76.98,76.31,76.59,4107391,WMT
2014-10-28,76.63,76.8,76.0,76.35,4979984,WMT
2014-10-29,76.55,76.64,75.97,76.39,5763263,WMT
2014-10-30,76.17,76.6,75.98,76.45,4872414,WMT
2014-10-31,76.89,77.4,76.01,76.27,7570734,WMT
2014-11-03,76.35,76.38,75.59,76.28,6887875,WMT
2014-11-04,76.49,77.37,76.28,77.26,6904853,WMT
2014-11-05,77.87,78.23,77.3,77.7,5673772,WMT
2014-11-06,78.15,78.18,77.17,77.81,4621864,WMT
2014-11-07,77.84,79.08,77.61,78.77,9498782,WMT
2014-11-10,78.6,80.13,78.42,79.44,12640479,WMT
2014-11-11,79.4,79.42,78.85,79.01,5602406,WMT
2014-11-12,78.83,79.44,78.65,79.2,6791218,WMT
2014-11-13,80.96,83.06,80.86,82.94,22812356,WMT
2014-11-14,82.58,83.15,82.1,82.96,10636644,WMT
2014-11-17,82.58,83.72,82.53,83.57,7993427,WMT
2014-11-18,83.5,83.92,83.34,83.79,6096432,WMT
2014-11-19,83.96,85.64,83.92,84.99,12189846,WMT
2014-11-20,84.81,85.29,84.04,84.58,7812733,WMT
2014-11-21,85.34,85.44,84.58,84.65,6649630,WMT
2014-11-24,84.85,85.61,84.77,85.4,7995454,WMT
2014-11-25,85.5,85.51,84.39,84.95,6675451,WMT
2014-11-26,84.9,85.111,84.48,84.98,3943821,WMT
2014-11-28,86.18,88.09,85.9,87.54,7820627,WMT
2014-12-01,86.72,87.07,85.7499,86.22,9140937,WMT
2014-12-02,86.27,86.7,85.93,86.4,6766310,WMT
2014-12-03,85.95,86.0,84.68,84.94,6374338,WMT
2014-12-04,84.13,84.82,83.65,84.76,6922353,WMT
2014-12-05,84.81,84.82,83.51,84.12,6570121,WMT
2014-12-08,84.15,84.67,83.85,84.23,6265990,WMT
2014-12-09,83.65,84.21,82.65,83.56,6633610,WMT
2014-12-10,83.93,84.31,82.9,82.98,6973600,WMT
2014-12-11,83.2,84.495,83.16,83.83,8032841,WMT
2014-12-12,83.52,85.0,83.52,83.81,7284128,WMT
2014-12-15,84.26,84.7,83.05,83.94,6317736,WMT
2014-12-16,83.62,84.76,82.94,82.96,7437440,WMT
2014-12-17,83.28,84.26,82.95,84.23,6641024,WMT
2014-12-18,84.8,85.95,84.28,85.94,8645929,WMT
2014-12-19,86.26,86.34,85.16,85.16,12068826,WMT
2014-12-22,85.32,86.4,85.29,86.38,4575752,WMT
2014-12-23,86.69,87.08,86.36,86.66,5552646,WMT
2014-12-24,86.97,87.065,86.39,86.43,2491789,WMT
2014-12-26,86.18,87.14,86.01,86.91,3249266,WMT
2014-12-29,86.46,87.07,86.4,86.64,3605617,WMT
2014-12-30,86.52,87.13,86.48,86.79,3265377,WMT
2014-12-31,87.08,87.44,85.86,85.88,4151386,WMT
2015-01-02,86.27,86.72,85.545,85.9,4501838,WMT
2015-01-05,85.72,86.32,85.51,85.65,6978986,WMT
2015-01-06,85.98,86.75,85.79,86.31,8205145,WMT
2015-01-07,86.78,88.68,86.67,88.6,8498428,WMT
2015-01-08,89.21,90.665,89.07,90.47,12713559,WMT
2015-01-09,90.32,90.39,89.25,89.35,8522505,WMT
2015-01-12,89.36,90.31,89.22,90.02,7372534,WMT
2015-01-13,90.8,90.97,88.93,89.31,8215406,WMT
2015-01-14,87.65,88.52,86.5,86.61,11954333,WMT
2015-01-15,87.0,87.78,86.7,87.38,9412733,WMT
2015-01-16,87.2,87.46,86.23,86.77,8408926,WMT
2015-01-20,86.82,87.7,85.552,86.69,7853065,WMT
2015-01-21,86.1,86.91,85.71,86.64,8174202,WMT
2015-01-22,87.23,88.395,86.86,88.3,7123834,WMT
2015-01-23,88.42,89.26,87.89,88.51,7565786,WMT
2015-01-26,88.31,89.16,88.12,88.63,4666660,WMT
2015-01-27,88.28,88.46,87.26,87.53,6020450,WMT
2015-01-28,88.02,88.23,86.77,86.82,5936775,WMT
2015-01-29,87.07,87.72,86.27,87.72,6522794,WMT
2015-01-30,86.78,87.36,84.9,84.98,10280220,WMT
2015-02-02,84.79,85.87,83.93,85.71,6927168,WMT
2015-02-03,85.83,86.525,85.66,86.19,8283477,WMT
2015-02-04,86.11,87.035,86.0,86.65,8932258,WMT
2015-02-05,87.11,87.36,86.56,87.28,5090777,WMT
2015-02-06,87.26,88.0,86.78,87.33,5617641,WMT
2015-02-09,86.97,87.19,85.64,85.91,5456247,WMT
2015-02-10,86.62,87.41,86.42,87.29,5732061,WMT
2015-02-11,86.63,87.12,85.92,86.34,5853068,WMT
2015-02-12,86.56,86.68,85.23,85.89,6941569,WMT
2015-02-13,85.84,86.16,85.32,85.81,5597012,WMT
2015-02-17,85.43,85.97,84.97,85.96,5087189,WMT
2015-02-18,85.98,86.3,85.52,86.29,6032699,WMT
2015-02-19,84.5,84.8,83.39,83.52,18646754,WMT
2015-02-20,82.73,84.38,82.55,84.3,13840389,WMT
2015-02-23,84.39,84.86,84.23,84.6,6730435,WMT
2015-02-24,84.52,84.82,83.92,84.57,5197741,WMT
2015-02-25,84.63,84.716,83.52,83.57,6808428,WMT
2015-02-26,83.85,83.86,83.27,83.8,5888139,WMT
2015-02-27,83.72,84.16,83.4,83.93,5877422,WMT
2015-03-02,83.89,84.0,83.2,83.96,6061495,WMT
2015-03-03,83.66,83.82,83.17,83.37,6460768,WMT
2015-03-04,83.21,83.21,82.2,82.58,6214421,WMT
2015-03-05,83.15,83.87,82.96,83.57,5997522,WMT
2015-03-06,82.81,83.1,82.375,82.59,5731008,WMT
2015-03-09,82.59,83.34,82.54,82.88,4671505,WMT
2015-03-10,82.27,82.5,82.07,82.07,6311098,WMT
2015-03-11,81.82,81.97,80.54,80.69,6160869,WMT
2015-03-12,80.81,82.12,80.78,81.9,5225826,WMT
2015-03-13,81.95,82.25,81.29,81.9,4762226,WMT
2015-03-16,82.45,83.37,82.44,83.29,6519099,WMT
2015-03-17,82.98,83.01,82.24,82.62,4801973,WMT
2015-03-18,81.98,82.96,81.155,82.53,10252336,WMT
2015-03-19,82.33,82.44,81.37,81.52,7212928,WMT
2015-03-20,81.83,83.49,81.71,83.24,12365307,WMT
2015-03-23,83.18,83.9,83.12,83.31,6505721,WMT
2015-03-24,83.19,83.71,82.96,83.05,5359147,WMT
2015-03-25,83.09,83.25,81.31,81.32,6645873,WMT
2015-03-26,80.93,82.31,80.65,81.89,8267163,WMT
2015-03-27,81.85,82.18,81.245,81.35,5717385,WMT
2015-03-30,81.7,82.8,81.43,82.53,5701696,WMT
2015-03-31,82.39,83.04,82.25,82.25,5587701,WMT
2015-04-01,82.28,82.28,80.43,80.71,8306662,WMT
2015-04-02,80.73,81.315,80.55,80.73,5795731,WMT
2015-04-06,80.46,81.33,80.15,80.99,6380720,WMT
2015-04-07,81.09,81.29,80.46,80.5,6606095,WMT
2015-04-08,80.39,81.23,80.36,81.03,6694715,WMT
2015-04-09,80.84,81.39,80.58,80.84,3923559,WMT
2015-04-10,80.86,81.0,80.5452,80.65,5480618,WMT
2015-04-13,80.4,80.92,80.27,80.29,4698111,WMT
2015-04-14,80.29,80.42,79.68,80.15,5531712,WMT
2015-04-15,80.58,80.98,79.651,79.74,6200361,WMT
2015-04-16,79.5,79.89,79.13,79.24,8015088,WMT
2015-04-17,78.94,79.15,77.55,77.88,11822777,WMT
2015-04-20,78.39,78.83,78.02,78.14,8847616,WMT
2015-04-21,78.61,78.84,77.905,78.03,6200236,WMT
2015-04-22,77.73,78.64,77.55,78.43,7594683,WMT
2015-04-23,78.38,79.54,78.2,79.18,7468851,WMT
2015-04-24,79.38,80.93,79.24,79.84,6867845,WMT
2015-04-27,79.77,79.86,79.29,79.37,6449809,WMT
2015-04-28,79.46,79.48,78.77,79.1,4895876,WMT
2015-04-29,78.7,78.7849,77.79,77.88,7108407,WMT
2015-04-30,77.83,78.48,77.59,78.05,8795903,WMT
2015-05-01,78.2,78.76,78.1702,78.6,5000017,WMT
2015-05-04,78.98,79.545,78.46,79.18,6669210,WMT
2015-05-05,79.01,79.01,78.06,78.13,5855414,WMT
2015-05-06,77.92,78.12,77.17,77.65,5480055,WMT
2015-05-07,77.73,78.34,77.3,78.03,5538289,WMT
2015-05-08,78.6,79.25,78.4,78.53,5347396,WMT
2015-05-11,78.32,78.6099,78.03,78.1,3744882,WMT
2015-05-12,78.02,79.48,77.87,78.96,8448963,WMT
2015-05-13,79.18,79.43,77.98,78.16,8421167,WMT
2015-05-14,78.37,78.77,78.02,78.72,6170246,WMT
2015-05-15,78.71,79.25,78.57,79.24,6617173,WMT
2015-05-18,79.37,79.94,79.16,79.92,8300267,WMT
2015-05-19,78.18,78.36,76.23,76.43,22458581,WMT
2015-05-20,76.48,76.5,75.83,75.9,10541876,WMT
2015-05-21,75.8,76.42,75.56,76.11,6756162,WMT
2015-05-22,76.2,76.38,75.86,75.86,6815006,WMT
2015-05-26,75.77,75.83,74.815,74.9,10573616,WMT
2015-05-27,75.01,75.51,75.0,75.19,6987068,WMT
2015-05-28,75.07,75.16,74.65,74.84,5025471,WMT
2015-05-29,74.82,74.88,74.15,74.27,6375067,WMT
2015-06-01,74.69,75.08,74.41,74.73,5646037,WMT
2015-06-02,74.54,75.0,74.42,74.53,5797834,WMT
2015-06-03,74.7,75.2,74.475,74.89,6093825,WMT
2015-06-04,74.46,74.98,73.95,74.15,8982797,WMT
2015-06-05,74.17,74.27,72.98,73.06,10635085,WMT
2015-06-08,73.43,73.49,72.6,72.61,9592958,WMT
2015-06-09,72.7,72.85,72.36,72.47,8335572,WMT
2015-06-10,72.71,73.33,72.3364,72.93,11215817,WMT
2015-06-11,73.23,73.67,72.84,72.94,7419959,WMT
2015-06-12,72.74,72.9,72.4,72.43,7246589,WMT
2015-06-15,72.2,72.4,71.7,71.93,7566777,WMT
2015-06-16,72.22,72.58,71.72,72.35,6215625,WMT
2015-06-17,72.63,72.9,72.34,72.73,5703861,WMT
2015-06-18,72.74,73.48,72.74,72.98,8376621,WMT
2015-06-19,72.8,73.22,72.7,72.74,14550688,WMT
2015-06-22,72.98,73.1899,72.695,72.79,6489463,WMT
2015-06-23,72.89,72.94,72.34,72.57,7876315,WMT
2015-06-24,72.56,72.65,72.14,72.38,7338351,WMT
2015-06-25,72.45,72.63,71.83,71.86,5293151,WMT
2015-06-26,71.96,72.46,71.87,72.12,6897822,WMT
2015-06-29,71.8,72.0,71.41,71.42,8187836,WMT
2015-06-30,71.81,71.81,70.78,70.93,11102559,WMT
2015-07-01,71.6,71.95,70.36,71.88,10773904,WMT
2015-07-02,72.02,72.56,71.66,71.86,6586071,WMT
2015-07-06,71.38,72.69,71.38,72.53,10536477,WMT
2015-07-07,72.66,73.86,72.0,73.79,12421297,WMT
2015-07-08,73.3,73.59,72.9,73.06,7790963,WMT
2015-07-09,73.67,73.73,72.71,72.78,8695824,WMT
2015-07-10,73.08,73.5501,73.08,73.12,5579323,WMT
2015-07-13,73.51,74.105,73.51,73.88,6084498,WMT
2015-07-14,73.98,74.09,73.4838,73.79,5518153,WMT
2015-07-15,73.59,73.9,73.19,73.65,4566724,WMT
2015-07-16,73.97,74.14,73.76,73.83,5231727,WMT
2015-07-17,73.74,74.07,73.31,73.39,5680568,WMT
2015-07-20,73.35,73.44,73.0599,73.1,5085621,WMT
2015-07-21,73.1,73.29,72.53,72.74,6441071,WMT
2015-07-22,72.78,73.82,72.78,73.16,6961551,WMT
2015-07-23,73.07,73.22,72.42,72.51,4252929,WMT
2015-07-24,72.53,72.56,71.5,71.58,5951117,WMT
2015-07-27,71.38,71.65,71.01,71.38,6197584,WMT
2015-07-28,71.53,72.39,71.23,72.1,8592296,WMT
2015-07-29,72.25,72.63,72.09,72.23,4939670,WMT
2015-07-30,72.03,72.53,71.7803,72.16,4604530,WMT
2015-07-31,72.44,72.49,71.663,71.98,7928371,WMT
2015-08-03,71.84,72.38,71.84,72.18,5131845,WMT
2015-08-04,72.42,72.8,71.93,72.25,5873371,WMT
2015-08-05,72.39,73.695,72.25,73.51,8715807,WMT
2015-08-06,73.35,73.38,72.66,72.79,6367735,WMT
2015-08-07,72.71,72.825,71.17,71.25,7797473,WMT
2015-08-10,71.5,71.75,71.34,71.48,6020087,WMT
2015-08-11,71.25,72.37,71.15,71.93,6829195,WMT
2015-08-12,71.53,72.66,71.27,72.58,8903056,WMT
2015-08-13,72.4,72.77,71.97,72.11,7652355,WMT
2015-08-14,72.3,72.6,72.04,72.38,5912505,WMT
2015-08-17,71.83,72.23,71.76,71.91,7604423,WMT
2015-08-18,70.0,70.5,69.24,69.48,21314976,WMT
2015-08-19,68.87,69.39,67.77,68.57,16332664,WMT
2015-08-20,68.08,69.3,67.94,68.43,9860124,WMT
2015-08-21,67.91,68.31,66.54,66.54,15746497,WMT
2015-08-24,63.74,66.16,61.5,63.95,22239613,WMT
2015-08-25,65.45,65.71,63.0,63.1,14801032,WMT
2015-08-26,64.23,64.85,63.02,64.83,13928303,WMT
2015-08-27,65.32,66.1799,64.95,66.08,13912815,WMT
2015-08-28,66.09,66.12,64.45,64.94,14303018,WMT
2015-08-31,64.82,65.0,64.29,64.73,8175248,WMT
2015-09-01,63.8,64.315,63.27,63.82,13393949,WMT
2015-09-02,64.55,64.94,64.06,64.44,9514557,WMT
2015-09-03,64.72,65.01,64.39,64.86,8523840,WMT
2015-09-04,64.07,64.3,63.51,63.89,9232402,WMT
2015-09-08,65.23,66.5,65.18,66.38,17706779,WMT
2015-09-09,66.86,67.01,65.01,65.12,9464206,WMT
2015-09-10,64.07,64.65,63.83,64.12,14524756,WMT
2015-09-11,64.18,64.68,63.99,64.65,8062420,WMT
2015-09-14,64.65,64.67,63.82,64.28,6956674,WMT
2015-09-15,64.48,64.7,64.05,64.32,6860845,WMT
2015-09-16,64.6,64.765,64.05,64.69,5625384,WMT
2015-09-17,64.7,65.29,64.16,64.47,7133132,WMT
2015-09-18,63.75,64.23,63.26,63.34,12885204,WMT
2015-09-21,63.75,64.0,63.37,63.72,7119571,WMT
2015-09-22,63.23,63.82,62.915,63.59,8800800,WMT
2015-09-23,63.72,63.9299,63.115,63.72,5876630,WMT
2015-09-24,63.36,63.975,63.3,63.83,6956226,WMT
2015-09-25,64.07,64.46,63.62,63.78,7163040,WMT
2015-09-28,63.6,63.95,63.48,63.66,9394361,WMT
2015-09-29,63.75,64.04,63.234,63.78,7640099,WMT
2015-09-30,64.43,64.94,63.93,64.84,7979203,WMT
2015-10-01,64.76,64.94,63.875,64.27,7837174,WMT
2015-10-02,63.76,64.98,63.41,64.98,7083997,WMT
2015-10-05,65.21,65.92,65.14,65.87,6300307,WMT
2015-10-06,65.54,65.95,65.18,65.68,7410921,WMT
2015-10-07,65.84,66.36,65.77,66.36,7189740,WMT
2015-10-08,66.23,66.986,66.15,66.88,5974536,WMT
2015-10-09,66.94,67.02,66.505,66.69,6753997,WMT
2015-10-12,66.67,67.0,66.58,66.93,5643870,WMT
2015-10-13,66.62,66.94,66.26,66.73,8858374,WMT
2015-10-14,66.61,67.95,60.02,60.03,80898117,WMT
2015-10-15,59.7,60.47,58.61,59.33,46253486,WMT
2015-10-16,59.47,59.49,58.37,58.89,26195129,WMT
2015-10-19,58.79,59.3,58.5,58.85,17805797,WMT
2015-10-20,58.86,59.0,58.57,58.75,10423659,WMT
2015-10-21,58.8,59.035,58.57,58.64,13138084,WMT
2015-10-22,58.94,59.96,58.64,58.9,14588529,WMT
2015-10-23,59.19,59.28,58.22,58.3,13040574,WMT
2015-10-26,58.4,58.45,57.97,58.02,10839811,WMT
2015-10-27,58.01,58.04,57.38,57.48,10511422,WMT
2015-10-28,57.66,57.72,57.16,57.64,11834651,WMT
2015-10-29,57.72,58.12,57.48,57.96,12855516,WMT
2015-10-30,57.73,58.12,57.24,57.24,15805451,WMT
2015-11-02,57.29,57.61,56.77,57.61,10719225,WMT
2015-11-03,57.57,58.33,57.53,58.11,10253917,WMT
2015-11-04,58.58,58.76,58.19,58.37,10056498,WMT
2015-11-05,58.51,58.98,58.42,58.61,8860481,WMT
2015-11-06,58.92,59.2,58.31,58.78,9977338,WMT
2015-11-09,58.5,58.78,58.02,58.49,8440412,WMT
2015-11-10,58.31,58.71,58.31,58.68,7614883,WMT
2015-11-11,58.5,58.73,57.47,57.58,8689874,WMT
2015-11-12,57.64,57.77,56.92,56.95,9551481,WMT
2015-11-13,56.74,57.06,56.3,56.42,12514909,WMT
2015-11-16,56.39,58.03,56.36,57.87,13321644,WMT
2015-11-17,59.34,60.9,59.2,59.92,24679343,WMT
2015-11-18,60.04,61.07,59.55,60.93,14877655,WMT
2015-11-19,61.12,61.36,60.43,60.7,11566088,WMT
2015-11-20,60.98,61.47,60.02,60.07,12371097,WMT
2015-11-23,60.29,60.735,59.88,60.26,10577039,WMT
2015-11-24,59.95,60.415,59.86,59.92,12453866,WMT
2015-11-25,60.0,60.71,59.875,60.24,7821028,WMT
2015-11-27,60.44,60.69,59.87,59.89,5340915,WMT
2015-11-30,59.87,60.06,58.73,58.84,14942599,WMT
2015-12-01,59.13,59.29,58.65,58.99,12204131,WMT
2015-12-02,58.61,59.29,58.315,58.35,13586877,WMT
2015-12-03,58.69,59.66,58.595,59.04,15844091,WMT
2015-12-04,59.05,59.85,59.03,59.66,10435274,WMT
2015-12-07,59.57,60.73,59.57,60.5,11595928,WMT
2015-12-08,60.07,60.49,59.5,59.61,10377620,WMT
2015-12-09,59.26,60.11,58.9,59.13,8981982,WMT
2015-12-10,59.13,60.09,59.09,59.56,11359446,WMT
2015-12-11,59.05,59.53,58.81,59.36,9744152,WMT
2015-12-14,59.3,60.44,59.07,60.39,14524932,WMT
2015-12-15,60.64,60.84,59.57,59.64,14615439,WMT
2015-12-16,60.11,60.65,59.7,60.3,9960479,WMT
2015-12-17,60.33,60.33,58.97,58.98,12976095,WMT
2015-12-18,58.93,59.4,58.75,58.85,16256725,WMT
2015-12-21,58.82,59.58,58.67,59.55,9645451,WMT
2015-12-22,59.79,60.7,59.61,60.54,9266299,WMT
2015-12-23,61.0,61.12,60.44,61.09,7519834,WMT
2015-12-24,60.78,61.1,60.68,60.83,2483121,WMT
2015-12-28,60.58,60.97,60.5,60.75,5421662,WMT
2015-12-29,61.0,61.75,60.98,61.61,7883635,WMT
2015-12-30,61.66,61.87,61.49,61.68,5716745,WMT
2015-12-31,61.33,61.72,61.17,61.3,6575142,WMT
2016-01-04,60.5,61.49,60.36,61.46,11989191,WMT
2016-01-05,62.03,63.05,61.85,62.92,13325958,WMT
2016-01-06,62.48,63.95,62.47,63.55,16564620,WMT
2016-01-07,62.97,65.23,62.92,65.03,26430005,WMT
2016-01-08,65.08,65.41,63.41,63.54,17767864,WMT
2016-01-11,63.76,64.465,63.625,64.22,12653762,WMT
2016-01-12,64.38,64.73,63.431,63.62,12195893,WMT
2016-01-13,63.73,63.73,61.83,61.92,13725740,WMT
2016-01-14,62.0,63.62,61.82,63.06,12934866,WMT
2016-01-15,61.55,62.47,61.26,61.93,15174382,WMT
2016-01-19,62.25,62.8,62.01,62.56,13051305,WMT
2016-01-20,61.8,62.33,60.2,60.84,17369072,WMT
2016-01-21,60.98,62.79,60.91,61.88,12089164,WMT
2016-01-22,62.44,63.26,62.13,62.69,9197462,WMT
2016-01-25,62.78,63.82,62.55,63.45,12823445,WMT
2016-01-26,63.36,64.47,63.26,64.0,9441226,WMT
2016-01-27,64.1,65.18,63.89,63.95,10214293,WMT
2016-01-28,64.03,64.51,63.43,64.22,11278338,WMT
2016-01-29,64.75,66.53,64.74,66.36,16439093,WMT
2016-02-01,65.91,67.93,65.89,67.5,14728358,WMT
2016-02-02,67.3,67.84,66.28,66.86,13585939,WMT
2016-02-03,67.31,67.5,65.07,66.27,12315590,WMT
2016-02-04,65.76,66.55,65.01,66.42,12833366,WMT
2016-02-05,66.86,67.53,65.88,67.0,14196535,WMT
2016-02-08,66.5,67.15,65.163,66.9,20743629,WMT
2016-02-09,65.49,66.41,64.68,65.81,14642361,WMT
2016-02-10,66.19,66.59,65.645,65.79,9709266,WMT
2016-02-11,65.02,65.76,64.78,65.32,11186680,WMT
2016-02-12,65.52,66.25,64.87,66.18,9695461,WMT
2016-02-16,66.61,66.8,65.5,65.9,11360488,WMT
2016-02-17,66.1,66.61,65.81,66.11,12426682,WMT
2016-02-18,63.74,64.78,62.35,64.12,27894634,WMT
2016-02-19,63.89,64.765,63.44,64.66,15562317,WMT
2016-02-22,64.96,66.135,64.96,65.63,10587265,WMT
2016-02-23,65.84,66.6,65.28,66.48,11432011,WMT
2016-02-24,66.19,67.33,65.72,67.12,10291228,WMT
2016-02-25,67.45,68.13,67.33,68.04,9581295,WMT
2016-02-26,68.08,68.2,66.3,66.51,10984287,WMT
2016-02-29,66.63,66.95,66.22,66.34,9345187,WMT
2016-03-01,66.65,66.89,66.0,66.46,10429465,WMT
2016-03-02,66.21,66.67,66.0,66.21,9165553,WMT
2016-03-03,65.95,66.2,64.88,66.14,11846761,WMT
2016-03-04,66.14,67.28,66.09,66.78,10010539,WMT
2016-03-07,66.62,68.48,66.27,67.89,12825429,WMT
2016-03-08,67.73,68.47,67.485,68.04,10067851,WMT
2016-03-09,67.79,67.99,67.12,67.53,7824756,WMT
2016-03-10,67.55,68.035,66.4,67.41,10225809,WMT
2016-03-11,67.77,67.94,66.8,67.17,8290910,WMT
2016-03-14,67.15,67.67,66.96,67.36,6713041,WMT
2016-03-15,67.0,68.349,67.0,68.09,7566964,WMT
2016-03-16,67.94,68.34,67.25,67.99,8218029,WMT
2016-03-17,67.82,68.92,67.26,67.45,11836578,WMT
2016-03-18,67.48,68.03,66.75,66.95,23153141,WMT
2016-03-21,67.03,68.38,66.97,67.97,9415829,WMT
2016-03-22,68.0,68.68,67.79,67.87,7514506,WMT
2016-03-23,68.01,68.1,67.44,67.46,6110647,WMT
2016-03-24,67.43,68.04,67.38,68.0,6304737,WMT
2016-03-28,67.93,68.575,67.93,68.12,5603464,WMT
2016-03-29,68.15,68.2091,67.43,68.03,6491000,WMT
2016-03-30,68.33,69.0,68.29,68.8,7208543,WMT
2016-03-31,68.75,69.19,68.47,68.49,6283490,WMT
2016-04-01,68.02,69.2,68.02,69.06,6602374,WMT
2016-04-04,69.0,69.37,68.92,69.1,6823402,WMT
2016-04-05,69.03,69.25,68.27,68.64,5779038,WMT
2016-04-06,68.7,69.06,68.52,69.04,5362697,WMT
2016-04-07,68.83,68.93,67.945,68.22,6110491,WMT
2016-04-08,68.31,68.39,67.86,68.06,6515993,WMT
2016-04-11,68.01,68.37,67.38,67.4,7865437,WMT
2016-04-12,67.57,68.87,67.45,68.8,7734579,WMT
2016-04-13,69.01,69.42,68.87,69.15,6262715,WMT
2016-04-14,69.15,69.24,68.15,68.8,6977130,WMT
2016-04-15,68.94,69.41,68.94,69.06,7584493,WMT
2016-04-18,69.05,69.9,68.85,69.86,6622852,WMT
2016-04-19,69.79,70.08,69.5,69.77,8199408,WMT
2016-04-20,69.76,69.99,69.131,69.21,5412547,WMT
2016-04-21,69.47,69.68,68.24,68.47,6617616,WMT
2016-04-22,68.82,68.94,68.28,68.72,6215117,WMT
2016-04-25,68.55,69.5,68.06,69.47,5896232,WMT
2016-04-26,69.7,69.8899,69.1,69.3,6648430,WMT
2016-04-27,69.49,69.78,68.99,69.42,5147280,WMT
2016-04-28,69.07,69.62,68.75,68.91,4776912,WMT
2016-04-29,68.73,68.82,66.36,66.87,12098959,WMT
2016-05-02,66.62,67.7,66.53,67.59,7609700,WMT
2016-05-03,66.86,67.495,66.75,67.0,5922559,WMT
2016-05-04,66.85,67.49,66.44,67.19,6029518,WMT
2016-05-05,66.97,67.25,66.58,67.21,8090984,WMT
2016-05-06,66.91,68.26,66.8,68.25,9825385,WMT
2016-05-09,68.25,69.1,68.16,68.95,8656229,WMT
2016-05-10,68.92,69.13,68.45,68.8,6402932,WMT
2016-05-11,67.47,67.5,65.61,66.41,14597543,WMT
2016-05-12,66.55,67.05,66.38,66.85,9533453,WMT
2016-05-13,66.48,66.55,64.65,64.94,13744712,WMT
2016-05-16,64.86,66.35,64.68,66.02,10181795,WMT
2016-05-17,66.06,66.27,64.88,65.1,9252650,WMT
2016-05-18,63.02,63.777,62.72,63.15,22255902,WMT
2016-05-19,68.1,69.33,67.5,69.2,35076690,WMT
2016-05-20,69.33,70.14,68.85,69.86,16746603,WMT
2016-05-23,69.6,70.06,69.44,69.5,10099788,WMT
2016-05-24,69.65,70.42,69.55,70.24,8827986,WMT
2016-05-25,70.25,70.995,70.24,70.48,7269763,WMT
2016-05-26,70.69,71.375,70.6,70.85,8693866,WMT
2016-05-27,70.86,70.89,70.49,70.75,5773666,WMT
2016-05-31,70.58,71.0,70.48,70.78,8390184,WMT
2016-06-01,70.5,70.905,70.41,70.5,7221459,WMT
2016-06-02,70.5,71.0,70.145,70.95,6508681,WMT
2016-06-03,70.57,71.05,70.52,70.87,6374529,WMT
2016-06-06,71.52,71.55,71.0,71.05,9017963,WMT
2016-06-07,71.1,71.31,70.85,71.03,7363374,WMT
2016-06-08,70.85,71.45,70.8,71.28,6138989,WMT
2016-06-09,71.36,71.59,70.85,71.09,6069859,WMT
2016-06-10,71.0,71.41,70.68,71.14,7511406,WMT
2016-06-13,71.0,71.18,70.485,70.53,7907562,WMT
2016-06-14,70.66,71.17,70.2,70.95,9066382,WMT
2016-06-15,71.2,71.615,71.0,71.12,8016982,WMT
2016-06-16,71.0,71.46,70.8,71.3,6705181,WMT
2016-06-17,71.05,71.31,70.4,70.95,18059297,WMT
2016-06-20,71.31,71.78,71.05,71.1,7142522,WMT
2016-06-21,70.95,71.72,70.95,71.46,6674766,WMT
2016-06-22,71.6,72.25,71.565,71.75,8457512,WMT
2016-06-23,72.2,72.24,71.785,72.1,6970182,WMT
2016-06-24,70.55,72.72,70.51,71.96,15120363,WMT
2016-06-27,71.64,71.77,70.875,71.5,11346061,WMT
2016-06-28,71.76,71.87,70.67,71.51,8561177,WMT
2016-06-29,71.63,72.49,71.56,72.46,7014708,WMT
2016-06-30,72.57,73.195,72.32,73.02,8713585,WMT
2016-07-01,73.13,73.17,72.415,72.81,7638798,WMT
2016-07-05,72.75,73.62,72.68,73.14,10748626,WMT
2016-07-06,73.26,73.98,73.17,73.82,11062733,WMT
2016-07-07,73.73,73.9321,73.15,73.53,7486861,WMT
2016-07-08,73.82,73.85,73.24,73.84,9127565,WMT
2016-07-11,73.67,74.35,73.5,74.06,9040070,WMT
2016-07-12,73.56,73.73,73.0,73.27,12361175,WMT
2016-07-13,73.25,73.63,72.94,73.62,6398960,WMT
2016-07-14,73.79,74.11,73.61,73.7,6646403,WMT
2016-07-15,73.98,74.01,73.44,73.67,5994796,WMT
2016-07-18,73.64,74.18,73.53,73.84,5457313,WMT
2016-07-19,73.64,73.96,73.585,73.66,4798083,WMT
2016-07-20,73.88,74.11,73.63,73.79,5281986,WMT
2016-07-21,73.43,73.656,73.14,73.52,4432231,WMT
2016-07-22,73.76,73.91,73.42,73.55,4316633,WMT
2016-07-25,73.55,73.835,73.41,73.75,4733956,WMT
2016-07-26,73.71,74.07,73.41,73.73,5248283,WMT
2016-07-27,73.66,73.82,73.135,73.32,5777916,WMT
2016-07-28,73.14,73.32,72.47,73.24,4603167,WMT
2016-07-29,73.17,73.25,72.76,72.97,6302187,WMT
2016-08-01,72.81,73.99,72.81,73.78,5868395,WMT
2016-08-02,73.7,73.72,72.63,73.13,6513056,WMT
2016-08-03,73.0,73.4,72.51,72.94,6568133,WMT
2016-08-04,72.8,73.49,72.59,73.3,4944907,WMT
2016-08-05,73.46,73.95,73.46,73.76,5415442,WMT
2016-08-08,74.0,74.07,73.04,73.34,6577187,WMT
2016-08-09,73.36,73.88,73.08,73.55,6427875,WMT
2016-08-10,73.57,74.51,73.39,73.95,8052272,WMT
2016-08-11,74.5,74.8,73.53,73.8,6290331,WMT
2016-08-12,73.8,74.12,73.56,73.89,9994186,WMT
2016-08-15,73.81,74.01,73.11,73.32,9636116,WMT
2016-08-16,72.59,73.31,72.21,72.89,9763349,WMT
2016-08-17,71.99,72.95,71.99,72.93,14343332,WMT
2016-08-18,74.94,75.19,73.87,74.3,26858329,WMT
2016-08-19,74.1,74.29,72.67,72.81,15346426,WMT
2016-08-22,73.06,73.14,72.45,72.7,10312074,WMT
2016-08-23,72.89,73.07,71.96,71.97,9391390,WMT
2016-08-24,71.97,72.75,71.76,72.23,10050690,WMT
2016-08-25,72.37,72.58,71.05,71.22,10514203,WMT
2016-08-26,71.41,71.69,70.89,71.14,10038464,WMT
2016-08-29,71.14,71.66,71.1,71.4,7468105,WMT
2016-08-30,71.76,71.76,71.15,71.31,5774180,WMT
2016-08-31,71.46,71.64,71.15,71.44,6311636,WMT
2016-09-01,71.57,72.86,71.41,72.84,11761356,WMT
2016-09-02,72.99,73.19,72.415,72.5,8082949,WMT
2016-09-06,72.76,73.08,72.2,73.0,9570905,WMT
2016-09-07,73.0,73.05,72.01,72.06,9618272,WMT
2016-09-08,71.89,72.32,71.71,71.83,9661224,WMT
2016-09-09,71.32,71.5099,70.3,70.3,12172571,WMT
2016-09-12,70.79,72.24,70.72,71.94,10864043,WMT
2016-09-13,71.84,71.91,71.15,71.46,7507915,WMT
2016-09-14,71.62,72.06,71.4,71.52,6980495,WMT
2016-09-15,71.48,72.56,71.26,72.4,7331974,WMT
2016-09-16,72.32,72.96,72.22,72.87,13935682,WMT
2016-09-19,72.64,72.87,72.09,72.09,6920677,WMT
2016-09-20,72.15,72.55,71.9,71.97,5910577,WMT
2016-09-21,72.18,72.54,71.5126,72.19,6675884,WMT
2016-09-22,72.43,72.54,71.99,72.27,5871871,WMT
2016-09-23,72.6,72.77,72.34,72.35,7696449,WMT
2016-09-26,72.31,72.33,71.52,71.62,5948719,WMT
2016-09-27,71.93,72.49,71.58,72.33,6344407,WMT
2016-09-28,72.22,72.32,71.38,71.79,6184932,WMT
2016-09-29,71.57,71.71,70.62,70.73,7996767,WMT
2016-09-30,71.5,72.455,71.4,72.12,9982598,WMT
2016-10-03,71.83,72.145,71.6,72.01,5857743,WMT
2016-10-04,72.0,72.57,71.55,71.75,6569284,WMT
2016-10-05,71.87,72.265,71.6,71.67,6464442,WMT
2016-10-06,70.2,70.43,68.89,69.36,20110251,WMT
2016-10-07,69.26,69.47,68.17,68.7,12653847,WMT
2016-10-10,68.75,68.96,67.75,67.98,8988413,WMT
2016-10-11,67.95,67.96,67.3,67.39,8591494,WMT
2016-10-12,67.74,67.91,67.3699,67.46,8940655,WMT
2016-10-13,67.19,68.54,67.07,68.23,9193819,WMT
2016-10-14,68.42,68.81,68.21,68.45,6416018,WMT
2016-10-17,68.65,68.65,67.8,68.22,7493385,WMT
2016-10-18,68.57,68.98,68.23,68.87,7857699,WMT
2016-10-19,69.22,69.34,68.695,68.89,7123273,WMT
2016-10-20,68.98,69.08,68.57,68.73,6294027,WMT
2016-10-21,68.34,68.63,67.99,68.34,7844583,WMT
2016-10-24,68.62,69.37,68.39,69.19,7163632,WMT
2016-10-25,69.01,69.87,69.0,69.36,7629748,WMT
2016-10-26,69.3,69.81,69.14,69.59,5050540,WMT
2016-10-27,69.6,70.0,69.39,69.83,7131613,WMT
2016-10-28,69.8,70.21,69.73,69.99,6952858,WMT
2016-10-31,70.06,70.17,69.85,70.02,6389047,WMT
2016-11-01,69.98,70.06,69.14,69.3,8838603,WMT
2016-11-02,69.2,69.97,69.2,69.45,7645275,WMT
2016-11-03,69.63,70.08,69.35,69.63,6803940,WMT
2016-11-04,69.71,69.94,69.13,69.16,7262105,WMT
2016-11-07,69.62,69.84,69.16,69.78,9755441,WMT
2016-11-08,69.71,70.04,69.47,69.79,7621295,WMT
2016-11-09,69.3,71.5,69.29,71.1,16779465,WMT
2016-11-10,71.25,72.09,71.0,71.39,14321300,WMT
2016-11-11,71.11,71.28,70.6,71.23,8223872,WMT
2016-11-14,71.16,71.31,70.19,70.49,12917474,WMT
2016-11-15,70.79,71.42,70.35,71.42,9725063,WMT
2016-11-16,71.75,72.06,71.33,71.39,11192448,WMT
2016-11-17,69.08,69.52,68.12,69.19,23440319,WMT
2016-11-18,68.93,69.4,68.44,68.54,11135265,WMT
2016-11-21,68.61,69.4,68.42,69.37,8355966,WMT
2016-11-22,69.73,70.42,69.73,70.12,10984049,WMT
2016-11-23,70.22,70.885,70.18,70.83,7442950,WMT
2016-11-25,71.11,71.65,70.98,71.23,4234383,WMT
2016-11-28,70.93,71.52,70.8,71.19,7099193,WMT
2016-11-29,71.38,71.79,71.2,71.37,7310092,WMT
2016-11-30,70.92,71.16,70.165,70.43,9326127,WMT
2016-12-01,70.25,70.73,70.05,70.67,6849803,WMT
2016-12-02,70.58,70.95,70.45,70.88,6674206,WMT
2016-12-05,70.9,70.99,69.81,69.94,10527877,WMT
2016-12-06,70.01,70.39,69.5,70.36,7778009,WMT
2016-12-07,69.93,70.65,69.9,70.6,6966249,WMT
2016-12-08,70.48,70.9,70.32,70.34,6844217,WMT
2016-12-09,70.27,70.43,69.74,70.08,10756653,WMT
2016-12-12,70.07,71.78,70.02,71.67,9083716,WMT
2016-12-13,71.67,72.23,71.61,71.8,8887510,WMT
2016-12-14,71.9,72.48,71.18,71.34,8669378,WMT
2016-12-15,71.22,71.8,71.03,71.08,7136295,WMT
2016-12-16,71.07,71.64,70.595,70.98,17844831,WMT
2016-12-19,70.84,71.749,70.84,71.58,5889328,WMT
2016-12-20,71.73,71.9332,71.51,71.82,6108070,WMT
2016-12-21,71.66,72.0,71.24,71.24,5100967,WMT
2016-12-22,71.24,71.24,69.21,69.59,12106782,WMT
2016-12-23,69.43,69.749,69.36,69.54,4803947,WMT
2016-12-27,69.3,69.815,69.25,69.7,4435668,WMT
2016-12-28,69.94,70.0,69.26,69.31,4875651,WMT
2016-12-29,69.21,69.52,69.12,69.26,4298446,WMT
2016-12-30,69.12,69.43,68.83,69.12,6889488,WMT
2017-01-03,69.24,69.24,68.05,68.66,10473162,WMT
2017-01-04,68.66,69.63,68.6,69.06,7917952,WMT
2017-01-05,68.43,69.33,68.12,69.21,7099170,WMT
2017-01-06,68.41,68.5,68.01,68.26,9491115,WMT
2017-01-09,68.33,68.8,68.32,68.71,8685232,WMT
2017-01-10,68.64,69.27,68.22,68.23,10256492,WMT
2017-01-11,68.2,68.62,68.19,68.53,6697593,WMT
2017-01-12,68.36,68.56,67.92,67.97,6544856,WMT
2017-01-13,67.98,68.02,67.08,67.13,10012519,WMT
2017-01-17,68.09,69.29,68.06,68.42,13167509,WMT
2017-01-18,67.88,68.11,67.54,68.11,7321456,WMT
2017-01-19,68.13,68.19,67.48,67.62,6821078,WMT
2017-01-20,67.74,67.83,67.02,67.18,12054682,WMT
2017-01-23,67.01,67.1799,66.56,66.65,7951427,WMT
2017-01-24,66.89,67.41,66.66,67.4,10710616,WMT
2017-01-25,67.52,67.73,66.79,66.89,8722855,WMT
2017-01-26,67.13,67.2239,66.62,66.73,6504073,WMT
2017-01-27,66.86,66.97,65.28,65.66,13433484,WMT
2017-01-30,65.63,66.48,65.63,66.42,8641511,WMT
2017-01-31,66.21,66.89,65.88,66.74,9320880,WMT
2017-02-01,66.46,66.7139,66.04,66.23,9049972,WMT
2017-02-02,66.34,67.14,66.34,66.7,8998739,WMT
2017-02-03,66.82,66.93,66.445,66.5,7625330,WMT
2017-02-06,66.37,66.865,66.37,66.4,9097238,WMT
2017-02-07,66.56,67.0,66.51,66.89,5805722,WMT
2017-02-08,66.89,67.82,66.89,67.81,7660755,WMT
2017-02-09,67.8,69.14,67.75,69.08,11080479,WMT
2017-02-10,68.25,68.6,67.76,68.02,12445633,WMT
2017-02-13,68.32,68.65,67.56,67.77,8374307,WMT
2017-02-14,67.88,68.68,67.71,68.66,8462328,WMT
2017-02-15,67.76,68.71,67.76,68.69,8563295,WMT
2017-02-16,68.67,69.24,68.61,68.87,8413787,WMT
2017-02-17,68.83,69.785,68.695,69.37,12837447,WMT
2017-02-21,71.21,72.28,70.7,71.45,22412893,WMT
2017-02-22,72.25,72.37,71.48,71.71,15242674,WMT
2017-02-23,72.0,72.5,71.16,71.31,12799700,WMT
2017-02-24,71.34,72.8,71.3,72.39,13889852,WMT
2017-02-27,72.28,72.42,71.525,71.74,9254685,WMT
2017-02-28,70.87,71.0,70.0,70.93,15952573,WMT
2017-03-01,70.97,71.08,70.15,70.45,13522717,WMT
2017-03-02,70.42,70.9,70.17,70.76,8916264,WMT
2017-03-03,70.81,71.02,69.88,70.03,9303591,WMT
2017-03-06,70.0,70.435,69.78,69.88,9182575,WMT
2017-03-07,69.9,70.21,69.86,69.87,7282861,WMT
2017-03-08,69.69,70.03,69.54,69.8,7979841,WMT
2017-03-09,69.75,70.04,69.56,69.86,7564480,WMT
2017-03-10,70.0,70.365,69.8,70.1,7098829,WMT
2017-03-13,69.99,70.45,69.71,69.95,6802511,WMT
2017-03-14,70.82,71.205,70.72,70.72,9958370,WMT
2017-03-15,70.5,70.7,70.02,70.58,8813794,WMT
2017-03-16,70.11,70.7,70.07,70.44,7060977,WMT
2017-03-17,70.58,70.7501,69.81,69.89,14078353,WMT
2017-03-20,70.14,70.45,69.71,69.98,7466226,WMT
2017-03-21,70.17,70.4,69.69,69.9,8746812,WMT
2017-03-22,70.03,70.34,69.72,70.25,6455594,WMT
2017-03-23,70.2,70.31,69.745,69.86,6898774,WMT
2017-03-24,69.99,70.17,69.5274,69.61,5858968,WMT
2017-03-27,69.52,70.07,69.36,69.66,5792586,WMT
2017-03-28,69.33,70.37,69.33,70.32,7252189,WMT
2017-03-29,70.35,71.18,70.31,70.74,6991046,WMT
2017-03-30,70.69,71.72,70.64,71.59,8141535,WMT
2017-03-31,71.32,72.56,71.23,72.08,9939780,WMT
2017-04-03,72.08,72.53,71.78,71.83,8291283,WMT
2017-04-04,71.74,72.06,71.532,72.01,5567317,WMT
2017-04-05,71.64,72.31,71.555,71.65,6354492,WMT
2017-04-06,71.7,72.1,71.38,71.43,5941103,WMT
2017-04-07,72.1,72.99,71.8,72.9,10767602,WMT
2017-04-10,72.99,73.48,72.73,73.06,7495948,WMT
2017-04-11,73.0,73.45,72.93,73.43,5810458,WMT
2017-04-12,73.55,73.83,73.25,73.44,6627297,WMT
2017-04-13,73.37,73.655,73.15,73.15,5336428,WMT
2017-04-17,73.16,73.58,73.15,73.49,5465408,WMT
2017-04-18,73.54,74.1,73.48,73.89,6627986,WMT
2017-04-19,74.1,74.38,73.86,74.07,5940609,WMT
2017-04-20,74.14,75.11,74.11,74.8,7681252,WMT
2017-04-21,74.74,75.11,74.6,74.94,5755691,WMT
2017-04-24,75.08,75.4,74.42,74.78,7812524,WMT
2017-04-25,74.97,75.17,74.86,75.05,5720364,WMT
2017-04-26,75.27,75.7663,75.17,75.43,6948460,WMT
2017-04-27,75.54,75.7,75.02,75.44,6052219,WMT
2017-04-28,75.24,75.44,74.93,75.18,7330420,WMT
2017-05-01,75.09,75.715,75.09,75.23,6165912,WMT
2017-05-02,75.3,75.71,75.25,75.52,7318362,WMT
2017-05-03,75.4,75.88,75.1775,75.76,5523624,WMT
2017-05-04,75.93,76.395,75.83,76.34,5500802,WMT
2017-05-05,76.42,76.6043,76.18,76.5,5597759,WMT
2017-05-08,76.5,76.52,76.07,76.12,6512180,WMT
2017-05-09,76.44,77.05,76.33,76.72,8255282,WMT
2017-05-10,76.33,76.78,76.1902,76.7,7511921,WMT
2017-05-11,76.35,76.72,75.925,76.13,8349403,WMT
2017-05-12,75.95,76.25,75.37,75.71,5892910,WMT
2017-05-15,75.8,76.47,75.8,76.29,8843873,WMT
2017-05-16,76.19,76.27,75.08,75.11,8371802,WMT
2017-05-17,75.05,75.73,74.96,75.12,10970970,WMT
2017-05-18,76.89,77.66,76.13,77.54,19166801,WMT
2017-05-19,77.97,79.44,77.77,78.77,18581717,WMT
2017-05-22,78.65,79.0,78.295,78.55,8897554,WMT
2017-05-23,78.58,78.97,78.44,78.49,7584938,WMT
2017-05-24,78.56,78.6053,78.14,78.15,7503976,WMT
2017-05-25,78.36,78.85,78.15,78.31,6134952,WMT
2017-05-26,78.37,78.5399,77.79,78.13,6125781,WMT
2017-05-30,78.0,78.4,77.93,78.15,5410351,WMT
2017-05-31,78.35,78.92,78.22,78.6,8201738,WMT
2017-06-01,78.64,79.81,78.6,79.81,8153099,WMT
2017-06-02,79.8,79.93,79.22,79.62,7996466,WMT
2017-06-05,79.6,80.475,79.48,80.26,10145727,WMT
2017-06-06,79.43,79.56,78.26,78.93,11525875,WMT
2017-06-07,79.08,79.5,78.733,79.15,8511711,WMT
2017-06-08,79.58,80.13,78.23,78.93,10933040,WMT
2017-06-09,79.03,79.56,78.72,79.42,9405124,WMT
2017-06-12,79.4,80.37,78.84,79.24,10410592,WMT
2017-06-13,79.21,79.57,78.89,79.52,5528030,WMT
2017-06-14,79.52,80.035,79.26,79.9,5006516,WMT
2017-06-15,79.18,79.3,77.76,78.91,11297169,WMT
2017-06-16,73.95,75.5,73.29,75.24,56233027,WMT
2017-06-19,75.38,76.01,74.52,75.5,16095073,WMT
2017-06-20,75.88,75.92,75.32,75.54,10019248,WMT
2017-06-21,75.6,76.605,75.58,76.24,9011423,WMT
2017-06-22,76.03,76.06,75.3,75.52,8111282,WMT
2017-06-23,75.6,75.78,74.55,74.84,13080330,WMT
2017-06-26,74.95,75.93,74.92,75.5,8587480,WMT
2017-06-27,75.52,76.37,75.45,76.01,6454384,WMT
2017-06-28,76.25,76.8,76.14,76.51,6988885,WMT
2017-06-29,76.25,76.32,75.485,75.93,7063528,WMT
2017-06-30,76.08,76.27,75.67,75.68,6963283,WMT
2017-07-03,75.84,76.34,75.08,75.36,4848564,WMT
2017-07-05,75.55,75.95,75.165,75.32,6037661,WMT
2017-07-06,75.35,75.97,75.24,75.47,6161845,WMT
2017-07-07,75.65,75.82,75.05,75.33,5307064,WMT
2017-07-10,75.15,75.31,73.13,73.23,15066660,WMT
2017-07-11,73.38,74.05,73.33,73.47,7532631,WMT
2017-07-12,73.66,74.21,73.66,73.94,5700157,WMT
2017-07-13,74.67,75.25,74.51,75.05,8160487,WMT
2017-07-14,76.27,76.555,75.91,76.34,9151859,WMT
2017-07-17,76.29,76.87,76.19,76.37,8835576,WMT
2017-07-18,76.25,76.5429,76.0,76.2,4314853,WMT
2017-07-19,76.08,76.22,75.6,75.87,5313563,WMT
2017-07-20,75.98,76.25,75.7,76.02,4965379,WMT
2017-07-21,75.84,76.23,75.55,76.15,7153326,WMT
2017-07-24,76.03,77.155,76.03,76.89,7388035,WMT
2017-07-25,77.61,78.86,77.39,78.52,11503953,WMT
2017-07-26,78.55,79.17,77.94,78.9,6716055,WMT
2017-07-27,78.72,79.855,78.48,79.78,8052464,WMT
2017-07-28,79.8,79.955,79.535,79.81,4975216,WMT
2017-07-31,79.82,80.34,79.695,79.99,6263189,WMT
2017-08-01,80.25,80.73,80.0,80.5,5726547,WMT
2017-08-02,80.34,81.11,80.3,80.53,8673035,WMT
2017-08-03,81.34,81.76,80.67,80.87,9946948,WMT
2017-08-04,81.06,81.4,80.21,80.48,7141805,WMT
2017-08-07,80.57,81.45,80.54,81.28,5484512,WMT
2017-08-08,81.17,81.86,80.9,81.59,7381407,WMT
2017-08-09,81.11,81.99,80.901,81.61,6606508,WMT
2017-08-10,81.07,81.4,80.55,80.66,8044995,WMT
2017-08-11,80.73,81.25,80.36,80.4,7905495,WMT
2017-08-14,80.59,81.24,80.5,80.7,7792028,WMT
2017-08-15,80.83,81.4,80.54,80.77,7066058,WMT
2017-08-16,81.27,81.44,80.54,80.98,11535953,WMT
2017-08-17,78.85,79.805,78.33,79.7,17293701,WMT
2017-08-18,79.62,80.35,79.28,79.31,9752957,WMT
2017-08-21,79.12,80.07,78.79,79.71,9613928,WMT
2017-08-22,79.8,80.16,79.71,80.02,6546099,WMT
2017-08-23,80.35,80.56,79.88,79.96,7799306,WMT
2017-08-24,80.61,80.88,77.85,78.34,19128041,WMT
2017-08-25,78.5,79.09,78.48,78.63,9902189,WMT
2017-08-28,78.41,78.4618,77.86,78.03,8621494,WMT
2017-08-29,77.67,78.98,77.5,78.77,7665191,WMT
2017-08-30,78.82,79.1,78.52,78.54,5829829,WMT
2017-08-31,78.6,78.75,78.06,78.07,8194750,WMT
2017-09-01,78.31,78.5,78.21,78.37,6474360,WMT
2017-09-05,77.95,79.89,77.9,79.8,12068490,WMT
2017-09-06,79.88,80.4,79.72,80.08,8426125,WMT
2017-09-07,80.32,80.76,80.0,80.12,6820752,WMT
2017-09-08,79.74,79.875,77.73,78.88,9999593,WMT
2017-09-11,79.15,79.35,78.66,79.08,7000240,WMT
2017-09-12,79.3,79.91,79.17,79.61,6004985,WMT
2017-09-13,79.61,80.68,79.59,79.86,8823746,WMT
2017-09-14,79.79,79.82,79.215,79.68,6939333,WMT
2017-09-15,79.81,80.75,79.27,80.38,13317757,WMT
2017-09-18,80.21,81.12,79.95,80.0,8176067,WMT
2017-09-19,80.18,80.46,79.7,80.05,6174358,WMT
2017-09-20,80.17,80.56,79.87,80.5,5318194,WMT
2017-09-21,80.57,80.57,79.72,80.01,6430256,WMT
2017-09-22,79.89,80.08,79.245,79.53,5755262,WMT
2017-09-25,78.92,80.1,78.86,79.15,8547808,WMT
2017-09-26,79.04,79.54,78.92,79.39,5835332,WMT
2017-09-27,79.42,79.57,78.67,79.29,6314623,WMT
2017-09-28,79.0,79.08,78.12,78.95,12372825,WMT
2017-09-29,78.85,79.0,77.98,78.14,10353361,WMT
2017-10-02,77.9,78.83,77.5,78.45,7709220,WMT
2017-10-03,78.83,79.66,78.75,79.22,7936742,WMT
2017-10-04,79.27,79.7813,79.07,79.09,6173376,WMT
2017-10-05,79.17,79.81,79.08,79.41,5138671,WMT
2017-10-06,78.78,79.17,78.25,79.0,6246655,WMT
2017-10-09,79.5,81.38,79.401,80.53,13493044,WMT
2017-10-10,82.68,84.88,82.61,84.13,25123962,WMT
2017-10-11,84.58,86.29,84.1,85.73,18561005,WMT
2017-10-12,85.7,86.37,85.06,86.1,12876987,WMT
2017-10-13,86.24,86.95,86.24,86.62,9389049,WMT
2017-10-16,86.58,86.62,85.02,85.74,9300326,WMT
2017-10-17,85.5,86.3555,85.321,85.98,5851546,WMT
2017-10-18,86.15,86.3682,86.01,86.22,5472088,WMT
2017-10-19,86.15,86.66,85.7659,86.4,7028958,WMT
2017-10-20,86.6,87.45,86.28,87.44,7617753,WMT
2017-10-23,87.34,88.92,87.26,88.65,10586033,WMT
2017-10-24,88.69,88.8,87.91,87.98,7700872,WMT
2017-10-25,87.85,88.6,87.43,88.49,5186064,WMT
2017-10-26,88.66,89.11,88.02,88.62,6484941,WMT
2017-10-27,88.14,88.39,87.15,88.17,6617000,WMT
2017-10-30,87.94,87.95,86.391,86.95,7051993,WMT
2017-10-31,86.86,87.46,86.6,87.31,6006933,WMT
2017-11-01,87.07,88.395,87.0,87.94,6176079,WMT
2017-11-02,88.28,89.1652,87.8,88.8,5183089,WMT
2017-11-03,89.02,89.88,88.76,89.68,6512059,WMT
2017-11-06,89.42,89.68,88.68,88.7,5257445,WMT
2017-11-07,88.87,89.06,88.31,88.95,5349331,WMT
2017-11-08,89.11,90.42,89.1,90.26,6767543,WMT
2017-11-09,89.94,90.57,89.35,90.3,6756423,WMT
2017-11-10,90.24,91.69,90.2,90.92,7647801,WMT
2017-11-13,91.04,91.98,90.87,90.99,8491567,WMT
2017-11-14,90.7,91.2,90.18,91.09,9834133,WMT
2017-11-15,90.34,90.85,89.65,89.83,8433438,WMT
2017-11-16,95.12,99.68,94.72,99.62,38122384,WMT
2017-11-17,99.24,100.13,96.58,97.47,23575513,WMT
2017-11-20,96.44,97.64,95.76,97.48,16394324,WMT
2017-11-21,97.74,97.92,96.32,96.52,12746499,WMT
2017-11-22,96.65,96.8099,96.11,96.41,8918247,WMT
2017-11-24,96.87,97.23,96.53,96.62,4496117,WMT
2017-11-27,96.85,97.65,96.3,96.62,8904890,WMT
2017-11-28,96.59,96.885,95.82,96.77,8709645,WMT
2017-11-29,97.22,98.26,96.88,97.56,11424004,WMT
2017-11-30,98.09,98.44,96.51,97.23,12854680,WMT
2017-12-01,97.61,97.71,96.23,97.35,8296198,WMT
2017-12-04,97.73,97.96,96.675,97.01,8956524,WMT
2017-12-05,97.0,97.94,96.92,97.83,9010067,WMT
2017-12-06,97.99,98.14,97.2401,97.28,7140986,WMT
2017-12-07,97.06,97.58,96.65,96.78,7502602,WMT
2017-12-08,96.67,96.7,96.138,96.55,5821061,WMT
2017-12-11,96.44,97.27,96.29,96.93,8928919,WMT
2017-12-12,96.85,97.24,96.6,96.7,7810642,WMT
2017-12-13,96.66,97.91,96.55,97.76,7879383,WMT
2017-12-14,98.415,98.57,97.1,97.13,9385769,WMT
2017-12-15,98.04,98.49,96.91,97.11,16142788,WMT
2017-12-18,97.44,98.17,97.36,97.9,7964436,WMT
2017-12-19,99.78,99.91,98.29,98.8,12012168,WMT
2017-12-20,99.48,99.65,98.45,98.75,10729805,WMT
2017-12-21,99.32,99.33,97.98,98.06,7369128,WMT
2017-12-22,98.14,98.42,97.68,98.21,5478682,WMT
2017-12-26,98.35,99.44,98.35,99.16,4295891,WMT
2017-12-27,99.56,99.6,98.8299,99.26,5140793,WMT
2017-12-28,99.52,99.62,99.12,99.4,9763936,WMT
2017-12-29,99.4,99.69,98.75,98.75,7144273,WMT
2018-01-02,99.3,99.79,98.52,98.59,10150490,WMT
2018-01-03,98.85,100.0,98.77,99.45,8903576,WMT
2018-01-04,99.54,99.78,98.911,99.54,6830407,WMT
2018-01-05,99.64,100.38,99.61,100.13,7283990,WMT
2018-01-08,100.25,101.75,100.21,101.61,8843872,WMT
2018-01-09,102.03,102.35,100.31,100.39,7312744,WMT
2018-01-10,99.75,99.89,98.53,99.67,7930420,WMT
2018-01-11,99.7,100.45,98.78,100.02,6537682,WMT
2018-01-12,100.39,101.44,100.3,100.87,6951178,WMT
2018-01-16,101.34,101.91,100.34,100.69,7170701,WMT
2018-01-17,101.15,102.94,100.7,102.7,8681944,WMT
2018-01-18,104.74,104.94,103.62,104.3,12307866,WMT
2018-01-19,104.64,104.93,103.66,104.59,8378580,WMT
2018-01-22,104.5,105.45,104.04,105.45,7308268,WMT
2018-01-23,105.29,106.145,104.57,105.9,8287814,WMT
2018-01-24,106.35,106.44,104.82,105.79,6823108,WMT
2018-01-25,105.85,106.805,105.85,106.6,5857136,WMT
2018-01-26,107.0,108.41,106.68,108.39,6786305,WMT
2018-01-29,108.11,109.98,107.99,109.55,8355204,WMT
2018-01-30,109.14,109.3648,107.151,107.73,9180477,WMT
2018-01-31,107.77,108.18,106.07,106.6,9812836,WMT
2018-02-01,105.96,106.56,105.18,105.52,6386836,WMT
2018-02-02,105.15,106.47,104.15,104.48,9253068,WMT
2018-02-05,103.4,104.61,97.09,100.09,12561594,WMT
2018-02-06,97.64,101.08,97.25,100.9,16413797,WMT
2018-02-07,100.5,104.59,100.01,102.85,11165223,WMT
